time_s,mode,offboard,armed,nav_state,landed,maybe_landed,ground_contact,freefall,land_has_low_throttle,position_x_enu_m,position_y_enu_m,position_z_rel_m,velocity_x_enu_mps,velocity_y_enu_mps,velocity_z_enu_mps,roll_deg,pitch_deg,yaw_deg,continuous_test_pitch_deg,target_x_enu_m,target_y_enu_m,target_z_rel_m,target_vx_enu_mps,target_vy_enu_mps,target_vz_enu_mps,target_ax_enu_mps2,target_ay_enu_mps2,target_az_enu_mps2,target_roll_deg,target_pitch_deg,target_yaw_deg,wrench_fx_body_n,wrench_fy_body_n,wrench_fz_body_n,wrench_tau_x_nm,wrench_tau_y_nm,wrench_tau_z_nm,allocated_F1_n,allocated_F2_n,allocated_F3_n,px4_out_motor_age_s,px4_out_servo_age_s,auto_traj_mode,cmd_motor_0,cmd_motor_1,cmd_motor_2,cmd_motor_3,cmd_motor_4,cmd_servo_0,cmd_servo_1,cmd_servo_2,cmd_servo_3,px4_out_motor_0,px4_out_motor_1,px4_out_motor_2,px4_out_motor_3,px4_out_motor_4,px4_out_servo_0,px4_out_servo_1,px4_out_servo_2,px4_out_servo_3,takeoff_elapsed_s,takeoff_start_z_rel_m,control_dt_s,xy_lock_active,direct_safety_cutoff,angular_p_frd_rps,angular_q_frd_rps,angular_r_frd_rps,quat_reset_counter,attitude_reset_delta_yaw_deg,direct_safety_reason,direct_pos_kp_n,direct_pos_kp_e,direct_pos_kp_d,direct_pos_kd_n,direct_pos_kd_e,direct_pos_kd_d,direct_pos_ki_n,direct_pos_ki_e,direct_pos_ki_d,attitude_error_angle_deg,attitude_error_x,attitude_error_y,attitude_error_z,omega_error_p_rps,omega_error_q_rps,omega_error_r_rps,attitude_integral_x,attitude_integral_y,attitude_integral_z,commanded_tau_x_nm,commanded_tau_y_nm,commanded_tau_z_nm,yaw_authority_scale,thrust_axis_alignment,full_error_blend,manual_attitude_axis,manual_des_roll_deg,manual_des_pitch_deg,manual_roll_rate_dps,manual_pitch_rate_dps,gamepad_rb_pressed,switch_elapsed_s,switch_phase,switch_duration_s,switch_joint_feedback_age_s,switch_joint_feedback_available,switch_measured_joint_a_l_rad,switch_measured_joint_b_l_rad,switch_measured_joint_a_r_rad,switch_measured_joint_b_r_rad,switch_commanded_joint_a_l_rad,switch_commanded_joint_b_l_rad,switch_commanded_joint_a_r_rad,switch_commanded_joint_b_r_rad
1.5199999809265137,preflight_direct,1,0,14,1,1,1,0,1,-0.007960029877722263,-0.0018063443712890148,0.002522081136703491,-0.0020121296402066946,-0.004275727551430464,0.009021543897688389,0.017408525053996548,-0.006073279240225661,-5.2463362301133625,-0.006073279022194001,-0.007960029877722263,-0.0018063443712890148,0.0,0.0,0.0,0.0,0.0,0.0,0.0,0.0,0.0,-5.2463362301133625,0.0,0.0,0.0,0.0,0.0,0.0,0.0,0.0,0.0,0.004,0.004,hover,0.0,0.0,0.0,0.0,0.0,0.0,0.0,0.0,0.0,0.0,0.0,0.0,0.0,0.0,0.0,0.0,0.0,0.0,nan,0.0,0.003999948501586914,0,0,-0.0001613898202776909,-4.170079773757607e-05,2.5371151423314586e-05,2,0.0,,4.0,3.5,8.0,3.8,3.2,4.0,0.15,0.12,3.0,0.0,0.0,0.0,0.0,0.0,0.0,0.0,0.0,0.0,0.0,0.0,0.0,0.0,1.0,1.0,0.0,roll,0.0,0.0,0.0,0.0,0,nan,idle,1.2,0.00041293200047221035,1,0.0,0.0,0.0,-1.1102230246251565e-16,0.0,0.0,0.0,0.0
1.5440001487731934,preflight_direct,1,0,14,1,1,1,0,1,-0.007652066182345152,-0.001098788226954639,0.0019277334213256836,-0.0017159407725557685,-0.0036856653168797493,0.00879005528986454,0.016035765340188246,-0.005594001645353802,-5.246710788943538,-0.005594001439570256,-0.007652066182345152,-0.001098788226954639,0.0,0.0,0.0,0.0,0.0,0.0,0.0,0.0,0.0,-5.246710788943538,0.0,0.0,0.0,0.0,0.0,0.0,0.0,0.0,0.0,0.008,0.012,hover,0.0,0.0,0.0,0.0,0.0,0.0,0.0,0.0,0.0,0.0,0.0,0.0,0.0,0.0,0.0,0.0,0.0,0.0,nan,0.0,0.004000186920166016,0,0,0.0009266292909160256,-0.0001829727116273716,0.00017682650650385767,2,0.0,,4.0,3.5,8.0,3.8,3.2,4.0,0.15,0.12,3.0,0.0,0.0,0.0,0.0,0.0,0.0,0.0,0.0,0.0,0.0,0.0,0.0,0.0,1.0,1.0,0.0,roll,0.0,0.0,0.0,0.0,0,nan,idle,1.2,0.004488241000217386,1,0.0,0.0,0.0,-1.1102230246251565e-16,0.0,0.0,0.0,0.0
1.568000078201294,takeoff_wait_arm_direct,1,0,14,1,1,1,0,1,-0.00734378257766366,-0.0003666844277177006,-0.0006045699119567871,-0.0015014414675533772,-0.0030383248813450336,0.00855703093111515,0.013909518684206496,-0.004998554138624519,-5.247571330198904,-0.0049985536476530356,-0.00734378257766366,-0.0003666844277177006,0.0,0.0,0.0,0.0,0.0,0.0,0.0,0.0,0.0,-5.246741440844549,0.0,0.0,0.0,0.0,0.0,0.0,0.0,0.0,0.0,0.012,0.016,hover,0.0,0.0,0.0,0.0,0.0,0.0,0.0,0.0,0.0,0.0,0.0,0.0,0.0,0.0,0.0,0.0,0.0,0.0,nan,0.0,0.003999948501586914,0,0,-0.00041900601354427636,-0.0002807148266583681,0.001338563859462738,2,0.0,,4.0,3.5,8.0,3.8,3.2,4.0,0.15,0.12,3.0,0.0,0.0,0.0,0.0,0.0,0.0,0.0,0.0,0.0,0.0,0.0,0.0,0.0,1.0,1.0,0.0,roll,0.0,0.0,0.0,0.0,0,nan,idle,1.2,0.008675570003106259,1,0.0,0.0,0.0,-1.1102230246251565e-16,0.0,0.0,0.0,0.0
1.5920000076293945,takeoff_wait_arm_direct,1,0,14,1,1,1,0,1,-0.007117103785276413,0.0001591034815646708,-0.0009893476963043213,-0.0012812898494303226,-0.0026247724890708923,0.008263817057013512,0.012672580711438251,-0.004197627327587264,-5.247682481099634,-0.004197626925959861,-0.007117103785276413,0.0001591034815646708,0.0,0.0,0.0,0.0,0.0,0.0,0.0,0.0,0.0,-5.246741440844549,0.0,0.0,0.0,0.0,0.0,0.0,0.0,0.0,0.0,0.016,0.02,hover,0.0,0.0,0.0,0.0,0.0,0.0,0.0,0.0,0.0,0.0,0.0,0.0,0.0,0.0,0.0,0.0,0.0,0.0,nan,0.0,0.003999948501586914,0,0,0.0004242149298079312,-0.0004231656203046441,0.00012935437553096563,2,0.0,,4.0,3.5,8.0,3.8,3.2,4.0,0.15,0.12,3.0,0.0,0.0,0.0,0.0,0.0,0.0,0.0,0.0,0.0,0.0,0.0,0.0,0.0,1.0,1.0,0.0,roll,0.0,0.0,0.0,0.0,0,nan,idle,1.2,0.012379435996990651,1,0.0,0.0,0.0,-1.1102230246251565e-16,0.0,0.0,0.0,0.0
1.6160001754760742,direct_px4_equiv,1,1,14,1,1,1,0,1,-0.0067696948535740376,0.0009479137370362878,-0.0015263259410858154,-0.0009058137657120824,-0.0019013008568435907,0.007899018935859203,0.01071570144727676,-0.0037857086395784484,-5.248472222035744,-0.00378570801770599,-0.0067696948535740376,0.0009479137370362878,0.004200029373168945,0.0,0.0,0.34999999999999976,0.0,0.0,0.0,0.0,0.0,-5.248401720262746,0.0,0.0,50.50974181030556,-0.0003223616416043395,0.0003883539777812727,0.000259365241455376,21.805805600260715,21.80678245371996,6.8971537634068465,0.012,0.012,hover,0.3506425619125366,0.3506425619125366,0.35063448548316956,0.35063448548316956,0.7347152829170227,5.58119427296333e-06,-5.581444384006318e-06,-0.0,-0.0,0.32682564854621887,0.32682564854621887,0.3268067240715027,0.3268067240715027,0.686133861541748,1.787583460099995e-05,-1.787784458429087e-05,-0.0,-0.0,0.012000083923339844,0.0,0.004000186920166016,0,0,3.486300556687638e-05,0.00024103633768390864,0.00021460729476530105,2,0.0,,4.0,3.5,8.0,3.8,3.2,4.0,0.15,0.12,3.0,0.011364978348735583,0.0001870242123210495,6.607317868444876e-05,1.2236641022501414e-06,3.486300556687638e-05,0.00024103633768390864,0.00021460729476530105,3.1340005519575555e-06,1.0830549012257695e-06,1.606360629963502e-08,-0.0003223616416043395,-0.0003883539777812727,-0.000259365241455376,1.0,0.999999980328139,0.0,roll,0.0,0.0,0.0,0.0,0,nan,idle,1.2,0.017085102997953072,1,0.0,0.0,0.0,-1.1102230246251565e-16,-1.802169778975398e-05,-0.0,1.802089049239745e-05,-0.0
1.6400001049041748,direct_px4_equiv,1,1,14,1,1,1,0,1,-0.006287177558988333,0.0023284018971025944,-0.0020309090614318848,-0.014053004793822765,0.00039233005372807384,0.03601226210594177,0.008388539233219403,-0.03254126411123311,-5.249168676204462,-0.032541262052156655,-0.0067696948535740376,0.0009479137370362878,0.01260000467300415,0.0,0.0,0.35,0.0,0.0,0.0,0.0,0.0,-5.248401720262746,0.0,0.0,50.327720633387806,0.00040038188334333224,0.023658547596133405,-0.00030932557904837804,21.713186587691034,21.711973309256944,6.902560746556375,0.016,0.016,hover,0.34985750913619995,0.34985750913619995,0.349867582321167,0.349867582321167,0.7350032329559326,-6.685339940304402e-06,6.6849665927293245e-06,-0.0,-0.0,0.3510550856590271,0.3510550856590271,0.3510528802871704,0.3510528802871704,0.7356495261192322,-5.4483284657180775e-06,5.448394858831307e-06,-0.0,-0.0,0.03600001335144043,0.0,0.003999948501586914,0,0,-0.0005175174446776509,0.019005505368113518,-0.000273486744845286,2,0.0,,4.0,3.5,8.0,3.8,3.2,4.0,0.15,0.12,3.0,0.0336137781731727,0.00014640382454330175,0.000567953145624632,1.3346083382379284e-05,-0.0005175174446776509,0.019005505368113518,-0.000273486744845286,7.020258123931019e-06,7.765906502302318e-06,1.388990956320643e-07,0.00040038188334333224,-0.023658547596133405,0.00030932557904837804,1.0,0.9999998279975585,0.0,roll,0.0,0.0,0.0,0.0,0,nan,idle,1.2,0.0008379669961868785,1,-7.915293193634533e-05,-8.345213409199913e-12,2.5588398067100115e-10,5.748734821509062e-13,2.158481519577368e-05,-0.0,-2.1586021368534295e-05,-0.0
1.6640000343322754,direct_px4_equiv,1,1,14,1,1,1,0,1,-0.006327291950583458,0.0029019888024777174,-0.0017304420471191406,-0.022560104727745056,0.002972135553136468,0.060194697231054306,0.006172282289207957,-0.14247554504216178,-5.2480390838863755,-0.14247552150602422,-0.0067696948535740376,0.0009479137370362878,0.020999979972839353,0.0,0.0,0.3499999999999998,0.0,0.0,0.0,0.0,0.0,-5.248401720262746,0.0,0.0,50.18947698966171,0.0011574396809910896,0.13189236391726614,-0.0014267402862841534,21.584276793826486,21.580769400871382,7.024431011484714,0.012,0.012,hover,0.3487682640552521,0.3487682640552521,0.34879744052886963,0.34879744052886963,0.7414633631706238,-3.102308255620301e-05,3.1018043955555186e-05,-0.0,-0.0,0.35031771659851074,0.35031771659851074,0.3503168225288391,0.3503168225288391,0.7373468279838562,2.463489909132477e-05,-2.4635019144625403e-05,-0.0,-0.0,0.059999942779541016,0.0,0.003999948501586914,0,0,-0.0011198869906365871,0.10680188238620758,-0.0011691099498420954,2,0.0,,4.0,3.5,8.0,3.8,3.2,4.0,0.15,0.12,3.0,0.1426096485898111,0.00010773460991528694,0.0024866661764789033,-6.463222607854145e-06,-0.0011198869906365871,0.10680188238620758,-0.0011691099498420954,1.0037839006421556e-05,4.479124247025848e-05,3.3722483032760513e-07,0.0011574396809910896,-0.13189236391726614,0.0014267402862841534,1.0,0.9999969024422155,0.0,roll,0.0,0.0,0.0,0.0,0,nan,idle,1.2,0.0044774410052923486,1,-0.00043643876892702344,-8.377631921518967e-12,-2.6493475047570825e-05,5.654365864415921e-13,0.00010015289049310846,-0.0,-0.00010016916774148635,-0.0
1.687999963760376,direct_px4_equiv,1,1,14,0,0,0,0,0,-0.006650278810411692,0.0038500246591866016,-0.0005979537963867188,-0.0357784666121006,0.008312818594276905,0.08615056425333023,0.004768092761324412,-0.2884552083062345,-5.239792600569981,-0.2884552263887332,-0.0067696948535740376,0.0009479137370362878,0.02939995527267456,0.0,0.0,0.3499999999999998,0.0,0.0,0.0,0.0,0.0,-5.248401720262746,0.0,0.0,49.99034137612699,-0.0013336049051781446,0.13066720331345252,-0.008335315168634283,21.495329956417947,21.499371182705953,6.9956476564457555,0.016,0.016,hover,0.3480908274650574,0.3480908274650574,0.34805718064308167,0.34805718064308167,0.7399426698684692,-0.00018192955758422613,0.0001819637545850128,-0.0,-0.0,0.34913215041160583,0.34913215041160583,0.3491614758968353,0.3491614758968353,0.7422829270362854,-3.1773815862834454e-05,3.176862810505554e-05,-0.0,-0.0,0.0839998722076416,0.0,0.003999948501586914,0,0,0.0008918235544115305,0.10259664058685303,-0.006767011247575283,2,0.0,,4.0,3.5,8.0,3.8,3.2,4.0,0.15,0.12,3.0,0.2886233925415495,8.35968285775674e-05,0.0050344814904098685,-0.00015046563161603185,0.0008918235544115305,0.10259664058685303,-0.006767011247575283,1.235605222630006e-05,0.00013832318593250294,-1.510617531549252e-06,-0.0013336049051781446,-0.13066720331345252,0.008335315168634283,1.0,0.9999873235043841,0.0,roll,0.0,0.0,0.0,0.0,0,nan,idle,1.2,0.008004495000932366,1,-0.0003494797463771501,-8.362199821476679e-12,7.163484400318326e-05,5.624389842751043e-13,0.0005875353464788276,-0.0,-0.000587424907734351,-0.0
1.7080001831054688,direct_px4_equiv,1,1,14,0,0,0,0,0,-0.007040729746222496,0.0045380848459899426,0.0005526542663574219,-0.04336479306221008,0.013197798281908035,0.10501628369092941,0.00407468142771959,-0.45190462171652823,-5.224031285324632,-0.4519046562187278,-0.0067696948535740376,0.0009479137370362878,0.03640003204345703,0.0,0.0,0.3499999999999993,0.0,0.0,0.0,0.0,0.0,-5.248401720262746,0.0,0.0,49.866989274694895,-0.001467978508668154,0.17672998587520267,-0.01723541663668821,21.41193403762739,21.416382454042903,7.038704629022323,0.016,0.016,hover,0.3473988473415375,0.3473988473415375,0.3473617136478424,0.3473617136478424,0.7422162890434265,-0.0003776441444642842,0.00037772260839119554,-0.0,-0.0,0.3482724726200104,0.3482724726200104,0.34823882579803467,0.34823882579803467,0.7403691411018372,-0.00018329299928154796,0.00018332742911297828,-0.0,-0.0,0.10400009155273438,0.0,0.004000186920166016,0,0,0.0008172085508704185,0.1374167650938034,-0.01384186465293169,2,0.0,,4.0,3.5,8.0,3.8,3.2,4.0,0.15,0.12,3.0,0.4525804746705721,7.279328003026092e-05,0.007887187831468712,-0.000425620157010237,0.0008172085508704185,0.1374167650938034,-0.01384186465293169,1.3937412682739012e-05,0.00027215138174609414,-7.717052274489908e-06,-0.001467978508668154,-0.17672998587520267,0.01723541663668821,1.0,0.9999688934866295,0.0,roll,0.0,0.0,0.0,0.0,0,nan,idle,1.2,0.007240086997626349,1,-0.00034947974681485554,-8.363310044501303e-12,7.163484452043615e-05,5.521694212973215e-13,0.0012196130466041342,-0.0,-0.0012193597195355743,-0.0
1.7320001125335693,direct_px4_equiv,1,1,14,0,0,0,0,0,-0.007587646599858999,0.0053155855275690556,0.0020551085472106934,-0.04982394725084305,0.01845603808760643,0.12415546178817749,0.0016809116334826782,-0.6982161867548249,-5.194461086892788,-0.6982164119241371,-0.0067696948535740376,0.0009479137370362878,0.04480000734329223,0.0,0.0,0.349999999999999,0.0,0.0,0.0,0.0,0.0,-5.248401720262746,0.0,0.0,49.77736814076902,-0.0007567492410110584,0.2226116974756201,-0.024393878389652235,21.344503582488233,21.346796758568786,7.086131797472519,0.02,0.02,hover,0.34681758284568787,0.34681758284568787,0.3467984199523926,0.3467984199523926,0.7447126507759094,-0.0005362352239899337,0.0005362927913665771,-0.0,-0.0,0.34757980704307556,0.34757980704307556,0.3475428521633148,0.3475428521633148,0.7426552772521973,-0.0003794248041231185,0.00037950320984236896,-0.0,-0.0,0.12800002098083496,0.0,0.003999948501586914,0,0,4.6518645831383765e-05,0.1702772080898285,-0.019152004271745682,2,0.0,,4.0,3.5,8.0,3.8,3.2,4.0,0.15,0.12,3.0,0.7002994136172719,3.507352163332917e-05,0.012186079836393643,-0.0009416052994956672,4.6518645831383765e-05,0.1702772080898285,-0.019152004271745682,1.524278324716251e-05,0.0005196833548196603,-2.4656585011645916e-05,-0.0007567492410110584,-0.2226116974756201,0.024393878389652235,1.0,0.9999257491090475,0.0,roll,0.0,0.0,0.0,0.0,0,nan,idle,1.2,0.012550605002616066,1,-0.00034947974716474233,-8.381961791315007e-12,7.163484507576972e-05,5.530575997170217e-13,0.0017316139553474321,-0.0,-0.001731427936821265,-0.0
1.75600004196167,direct_px4_equiv,1,1,14,0,0,0,0,0,-0.008637082763016224,0.0066230883821845055,0.004960417747497559,-0.05680954456329346,0.026445314288139343,0.15319570899009705,-0.007988215313593703,-0.9998126363937017,-5.1554882674985745,-0.9998137684317333,-0.0067696948535740376,0.0009479137370362878,0.05319998264312744,0.0,0.0,0.35,0.0,0.0,0.0,0.0,0.0,-5.248401720262746,0.0,0.0,49.456892124869896,0.006371824136773658,0.2950450520326354,-0.037090096956155345,21.169892275217556,21.15058378532115,7.13656531228085,0.012,0.012,hover,0.3451734483242035,0.3451734483242035,0.34533557295799255,0.34533557295799255,0.7473580837249756,-0.0008228924707509577,0.0008221419411711395,-0.0,-0.0,0.3448179066181183,0.3448179066181183,0.34486785531044006,0.34486785531044006,0.7444136142730713,-0.0007652632193639874,0.0007650479092262685,-0.0,-0.0,0.15199995040893555,0.0,0.003999948501586914,0,0,-0.006220235023647547,0.22404645383358002,-0.02874591574072838,2,0.0,,4.0,3.5,8.0,3.8,3.2,4.0,0.15,0.12,3.0,1.004145736667543,-0.00012526513373181905,0.017449906586071828,-0.0016203671457281686,-0.006220235023647547,0.22404645383358002,-0.02874591574072838,1.4265957690783948e-05,0.0008841494121670057,-5.663013457031914e-05,0.006371824136773658,-0.2950450520326354,0.037090096956155345,1.0,0.9998477425224616,0.0,roll,0.0,0.0,0.0,0.0,0,nan,idle,1.2,0.01654422199499095,1,-0.0003494797474597841,-8.393508110771108e-12,7.163484565852578e-05,5.738742814287433e-13,0.002654580470760977,-0.0,-0.002657003858279787,-0.0
1.7799999713897705,direct_px4_equiv,1,1,14,0,0,0,0,0,-0.011017762124538422,0.009229240007698536,0.011699765920639038,-0.06553944945335388,0.03852202743291855,0.20006881654262543,-0.028584786622445638,-1.3482980178399862,-5.120286582390178,-1.3483012595871409,-0.0067696948535740376,0.0009479137370362878,0.06159995794296264,0.0,0.0,0.35,0.0,0.0,0.0,0.0,0.0,-5.248401720262746,0.0,0.0,48.67297362180224,0.014631778122150996,0.3389070852790768,-0.03456801101644972,20.81543902568472,20.771100444762144,7.086566080062824,0.016,0.016,hover,0.34197187423706055,0.34197187423706055,0.3423474431037903,0.3423474431037903,0.7447354793548584,-0.0007809483795426786,0.0007792848628014326,-0.0,-0.0,0.3430502116680145,0.3430502116680145,0.3433350622653961,0.3433350622653961,0.7445751428604126,-0.0008533832733519375,0.0008520084084011614,-0.0,-0.0,0.17599987983703613,0.0,0.003999948501586914,0,0,-0.012679731473326683,0.2529853284358978,-0.025703739374876022,2,0.0,,4.0,3.5,8.0,3.8,3.2,4.0,0.15,0.12,3.0,1.354640528630651,-0.00047255396065225443,0.023532238067825503,-0.002230003343273319,-0.012679731473326683,0.2529853284358978,-0.025703739374876022,6.744990821144295e-06,0.0013867245985072815,-0.00010442582671507738,0.014631778122150996,-0.3389070852790768,0.03456801101644972,1.0,0.999723005234289,0.0,roll,0.0,0.0,0.0,0.0,0,nan,idle,1.2,0.0007695579988649115,1,-0.0003494797480384324,-8.313127963788247e-12,7.163484689087333e-05,6.153966225497243e-13,0.0025162010501084873,-0.0,-0.002521572215703602,-0.0
1.8000001907348633,direct_px4_equiv,1,1,14,0,0,0,0,0,-0.012150279246270657,0.01039474830031395,0.01500159502029419,-0.06963339447975159,0.04307403042912483,0.21561124920845032,-0.050962549085172545,-1.6476500323219698,-5.09915692291684,-1.6476553159948628,-0.0067696948535740376,0.0009479137370362878,0.06860003471374511,0.0,0.0,0.3499999999999993,0.0,0.0,0.0,0.0,0.0,-5.248401720262746,0.0,0.0,48.525722497883685,0.022080877707861782,0.3590835891155701,-0.026798280197253402,20.7500080525125,20.683096430400916,7.092697596090191,0.016,0.016,hover,0.3412252366542816,0.3412252366542816,0.3417930603027344,0.3417930603027344,0.7450575828552246,-0.0006079930462874472,0.0006060324958525598,-0.0,-0.0,0.3420383632183075,0.3420383632183075,0.3425184488296509,0.3425184488296509,0.7459244728088379,-0.0007072481093928218,0.0007053235895000398,-0.0,-0.0,0.1960000991821289,0.0,0.004000186920166016,0,0,-0.018148042261600494,0.26326724886894226,-0.018622392788529396,2,0.0,,4.0,3.5,8.0,3.8,3.2,4.0,0.15,0.12,3.0,1.6551135474394736,-0.0008519180119730868,0.02875705553810346,-0.002591753468204669,-0.018148042261600494,0.26326724886894226,-0.018622392788529396,-7.223735992225032e-06,0.0019203967699693446,-0.00015355794211794832,0.022080877707861782,-0.3590835891155701,0.026798280197253402,1.0,0.9995861529897584,0.0,roll,0.0,0.0,0.0,0.0,0,nan,idle,1.2,0.00134117800189415,1,-0.0003494797484753607,-8.313461030695633e-12,7.163484741878438e-05,6.256106743762754e-13,0.0019567934939411194,-0.0,-0.0019631238997961913,-0.0
1.8240001201629639,direct_px4_equiv,1,1,14,0,0,0,0,0,-0.014124237932264805,0.012333841063082218,0.020564943552017212,-0.07696986943483353,0.05019531771540642,0.2358902096748352,-0.08092233278177592,-1.977037737094036,-5.085980674145025,-1.9770453105479575,-0.0067696948535740376,0.0009479137370362878,0.07700001001358031,0.0,0.0,0.3499999999999972,0.0,0.0,0.0,0.0,0.0,-5.248401720262746,0.0,0.0,48.25996826117252,0.0273057816701568,0.3339664391883842,-0.014755902123015582,20.659494042841878,20.576749298549228,7.023749163343951,0.012,0.012,hover,0.3403208553791046,0.3403208553791046,0.3410247266292572,0.3410247266292572,0.7414273619651794,-0.0003365084994584322,0.0003351607301738113,-0.0,-0.0,0.3417770266532898,0.3417770266532898,0.3423656225204468,0.3423656225204468,0.7460854053497314,-0.000552340701688081,0.0005504973814822733,-0.0,-0.0,0.2200000286102295,0.0,0.003999948501586914,0,0,-0.021373724564909935,0.23516085743904114,-0.00828984659165144,2,0.0,,4.0,3.5,8.0,3.8,3.2,4.0,0.15,0.12,3.0,1.9852329731523521,-0.001363241561234676,0.03450606248119857,-0.00280999142158836,-0.021373724564909935,0.23516085743904114,-0.00828984659165144,-3.476277212434015e-05,0.0026926399814855622,-0.0002192733214083492,0.0273057816701568,-0.3339664391883842,0.014755902123015582,1.0,0.9994037365575459,0.0,roll,0.0,0.0,0.0,0.0,0,nan,idle,1.2,0.004404494000482373,1,-0.00034947974898312116,-8.341438650916187e-12,7.163484789029611e-05,6.424860643505781e-13,0.001082186803638791,-0.0,-0.0010865385748642768,-0.0
1.8480000495910645,direct_px4_equiv,1,1,14,0,0,0,0,0,-0.015579004772007465,0.013728396035730839,0.02451956272125244,-0.08262767642736435,0.05507797747850418,0.2483416646718979,-0.11133705368578313,-2.2494551828787337,-5.084577879160587,-2.249464023988534,-0.0067696948535740376,0.0009479137370362878,0.08539998531341553,0.0,0.0,0.35,0.0,0.0,0.0,0.0,0.0,-5.248401720262746,0.0,0.0,48.195434694688366,0.029336472928604466,0.2987162796891026,-0.0065631234184278285,20.657619577674055,20.568721185204605,6.969098729039508,0.016,0.016,hover,0.34025248885154724,0.34025248885154724,0.3410087823867798,0.3410087823867798,0.7385373115539551,-0.0001497304911026731,0.00014908614684827626,-0.0,-0.0,0.3406769335269928,0.3406769335269928,0.34138670563697815,0.34138670563697815,0.7423362731933594,-0.00033696615719236434,0.0003356066590640694,-0.0,-0.0,0.24399995803833008,0.0,0.003999948501586914,0,0,-0.02213863655924797,0.19985224306583405,-0.001508487737737596,2,0.0,,4.0,3.5,8.0,3.8,3.2,4.0,0.15,0.12,3.0,2.2579992610682056,-0.0018866948130147386,0.03926059308297996,-0.0028205682030120567,-0.02213863655924797,0.19985224306583405,-0.001508487737737596,-7.483713262523091e-05,0.0035896367463258434,-0.0002873355090144185,0.029336472928604466,-0.2987162796891026,0.0065631234184278285,1.0,0.9992275231504968,0.0,roll,0.0,0.0,0.0,0.0,0,nan,idle,1.2,0.008543232994270511,1,-0.0003494797495462819,-8.341438650916189e-12,7.16348483452655e-05,6.524780715722044e-13,0.000481378153867974,-0.0,-0.0004834586792924946,-0.0
1.871999979019165,direct_px4_equiv,1,1,14,0,0,0,0,0,-0.017985757440328598,0.01597725600004196,0.030871927738189697,-0.09197697043418884,0.06260180473327637,0.265105277299881,-0.1415582913127931,-2.450739929220172,-5.095319819362186,-2.450748562545446,-0.0067696948535740376,0.0009479137370362878,0.09379996061325073,0.0,0.0,0.35,0.0,0.0,0.0,0.0,0.0,-5.248401720262746,0.0,0.0,47.96657349747923,0.029954431242129913,0.25192737301020407,0.0031695969721526156,20.59016982612118,20.499398824837062,6.877005969109914,0.02,0.02,hover,0.3396615982055664,0.3396615982055664,0.34043511748313904,0.34043511748313904,0.7336413860321045,7.25554273230955e-05,-7.223556895041838e-05,-0.0,-0.0,0.3404340445995331,0.3404340445995331,0.3411933183670044,0.3411933183670044,0.738978385925293,-0.00014901859685778618,0.0001483751111663878,-0.0,-0.0,0.26799988746643066,0.0,0.003999948501586914,0,0,-0.021783826872706413,0.15648183226585388,0.006249444093555212,2,0.0,,4.0,3.5,8.0,3.8,3.2,4.0,0.15,0.12,3.0,2.459403483541405,-0.002412951741171063,0.04277344943018715,-0.002618333806175237,-0.021783826872706413,0.15648183226585388,0.006249444093555212,-0.00012750114114125092,0.004583502059913502,-0.0003525938676330396,0.029954431242129913,-0.25192737301020407,-0.0031695969721526156,1.0,0.9990823048197763,0.0,roll,0.0,0.0,0.0,0.0,0,nan,idle,1.2,0.012089162999473047,1,-0.00034947975013558823,-8.320455435750772e-12,7.163484880045694e-05,6.509792704889604e-13,-0.0002332384695645546,-0.0,0.00023427124569558728,-0.0
1.8960001468658447,direct_px4_equiv,1,1,14,0,0,0,0,0,-0.020659836009144783,0.01842762902379036,0.03776496648788452,-0.10221177339553833,0.07045385986566544,0.28068745136260986,-0.16975086734824285,-2.576803976914583,-5.118357946510243,-2.5768102660590277,-0.0067696948535740376,0.0009479137370362878,0.10220001935958861,0.0,0.0,0.3499999999999993,0.0,0.0,0.0,0.0,0.0,-5.248401720262746,0.0,0.0,47.742491287265054,0.029379847339251537,0.16732524060047185,0.01704236287140671,20.547579892899282,20.458550123083374,6.736393791629783,0.012,0.012,hover,0.33931294083595276,0.33931294083595276,0.3400723934173584,0.3400723934173584,0.726102352142334,0.00039089671918191016,-0.00038920302176848054,-0.0,-0.0,0.33854585886001587,0.33854585886001587,0.33931082487106323,0.33931082487106323,0.7272768616676331,0.00024365243734791875,-0.00024258674238808453,-0.0,-0.0,0.29200005531311035,0.0,0.004000186920166016,0,0,-0.02060840092599392,0.08324495702981949,0.017123788595199585,2,0.0,,4.0,3.5,8.0,3.8,3.2,4.0,0.15,0.12,3.0,2.5854678786917047,-0.002910921987836512,0.04497320399457894,-0.0022024993865248986,-0.02060840092599392,0.08324495702981949,0.017123788595199585,-0.00019247298538351403,0.005643398346879172,-0.0004099709011691011,0.029379847339251537,-0.16732524060047185,-0.01704236287140671,1.0,0.9989844688139183,0.0,roll,0.0,0.0,0.0,0.0,0,nan,idle,1.2,0.01661290999618359,1,-0.0003494797507422696,-8.326029435628804e-12,7.163484924887601e-05,6.441742836424203e-13,-0.001256681753153671,-0.0,0.0012621504762950289,-0.0
1.9200000762939453,direct_px4_equiv,1,1,14,0,0,0,0,0,-0.02259800024330616,0.020158004015684128,0.04260450601577759,-0.1093411073088646,0.07574885338544846,0.2908986806869507,-0.19550736096721708,-2.6320987570257555,-5.154100852924777,-2.6321023181879224,-0.0067696948535740376,0.0009479137370362878,0.11059999465942381,0.0,0.0,0.3499999999999972,0.0,0.0,0.0,0.0,0.0,-5.248401720262746,0.0,0.0,47.69624914035179,0.02790151389948017,0.1185264929572347,0.02598072119763917,20.557126063306768,20.472576176842416,6.666622435232994,0.016,0.016,hover,0.3394326865673065,0.3394326865673065,0.3401537239551544,0.3401537239551544,0.7223323583602905,0.0005955056985840201,-0.0005930564366281033,-0.0,-0.0,0.33847495913505554,0.33847495913505554,0.3392115831375122,0.3392115831375122,0.7228463888168335,0.00045327868429012597,-0.00045136900735087693,-0.0,-0.0,0.31599998474121094,0.0,0.003999948501586914,0,0,-0.018871955573558807,0.04138033092021942,0.023686205968260765,2,0.0,,4.0,3.5,8.0,3.8,3.2,4.0,0.15,0.12,3.0,2.640871945832318,-0.0033735431830778898,0.045937475906087946,-0.0015670509918651826,-0.018871955573558807,0.04138033092021942,0.023686205968260765,-0.00026885100061117546,0.006738525861198558,-0.0004543063313420163,0.02790151389948017,-0.1185264929572347,-0.02598072119763917,1.0,0.9989391837889605,0.0,roll,0.0,0.0,0.0,0.0,0,nan,idle,1.2,0.0008113669973681681,1,-0.0003494797519380909,-8.347345717701607e-12,7.1634850164699e-05,6.512797110000213e-13,-0.0019148957409407916,-0.0,0.0019228040967436222,-0.0
1.944000005722046,direct_px4_equiv,1,1,14,0,0,0,0,0,-0.028046848252415657,0.024827323853969574,0.055560022592544556,-0.12781447172164917,0.08921655267477036,0.31511902809143066,-0.21863474665893265,-2.6244017884229254,-5.200318916207802,-2.6244025555489663,-0.0067696948535740376,0.0009479137370362878,0.11899996995925903,0.0,0.0,0.35,0.0,0.0,0.0,0.0,0.0,-5.248401720262746,0.0,0.0,47.09943548372852,0.026629861965176277,0.05397775802389793,0.03859905573339968,20.33955290437366,20.258856687879376,6.5011943872761915,0.012,0.012,hover,0.33760347962379456,0.33760347962379456,0.3382952809333801,0.3382952809333801,0.7133139371871948,0.0008940654806792736,-0.0008905183058232069,-0.0,-0.0,0.33879896998405457,0.33879896998405457,0.33953261375427246,0.33953261375427246,0.71946781873703,0.0006877459236420691,-0.0006848627235740423,-0.0,-0.0,0.3399999141693115,0.0,0.003999948501586914,0,0,-0.017513999715447426,-0.012231969274580479,0.03308430686593056,2,0.0,,4.0,3.5,8.0,3.8,3.2,4.0,0.15,0.12,3.0,2.6338388566834006,-0.003795675952120181,0.045801959858340124,-0.0007515944860476756,-0.017513999715447426,-0.012231969274580479,0.03308430686593056,-0.0003558989621522389,0.007841018504189499,-0.0004807668185357253,0.026629861965176277,-0.05397775802389793,-0.03859905573339968,1.0,0.9989438866966392,0.0,roll,0.0,0.0,0.0,0.0,0,nan,idle,1.2,0.004621309999492951,1,-0.0003494797524996971,-8.347345717701607e-12,7.163485066230095e-05,6.530560678394216e-13,-0.0028753581084101512,-0.0,0.0028868114281739095,-0.0
1.9680001735687256,direct_px4_equiv,1,1,14,0,0,0,0,0,-0.030459819361567497,0.026814579963684082,0.06105130910873413,-0.13533267378807068,0.09454064816236496,0.3248300552368164,-0.24045331645440882,-2.56402186421794,-5.258374921828567,-2.5640219189301776,-0.0067696948535740376,0.0009479137370362878,0.1274000287055969,0.0,0.0,0.3499999999999958,0.0,0.0,0.0,0.0,0.0,-5.248401720262746,0.0,0.0,47.047044000232745,0.026377828950150475,0.0158663844678884,0.04911185264434496,20.341383938039236,20.26145165998437,6.44448115018508,0.016,0.016,hover,0.33762574195861816,0.33762574195861816,0.33831095695495605,0.33831095695495605,0.710195779800415,0.0011374274035915732,-0.0011329578701406717,-0.0,-0.0,0.3380051255226135,0.3380051255226135,0.3387012481689453,0.3387012481689453,0.7141006588935852,0.0009029542561620474,-0.0008993536466732621,-0.0,-0.0,0.3640000820159912,0.0,0.004000186920166016,0,0,-0.017018496990203857,-0.04266461357474327,0.04052025079727173,2,0.0,,4.0,3.5,8.0,3.8,3.2,4.0,0.15,0.12,3.0,2.575310326453642,-0.0041995427955590975,0.04474642662259477,0.00026791556739273937,-0.017018496990203857,-0.04266461357474327,0.04052025079727173,-0.00045259427124809984,0.008927311977676579,-0.00048492807342885504,0.026377828950150475,-0.0158663844678884,-0.04911185264434496,1.0,0.998990060637572,0.0,roll,0.0,0.0,0.0,0.0,0,nan,idle,1.2,0.009024893995956518,1,-0.00034947975305253275,-8.354451145059208e-12,7.16348511712272e-05,6.566087815182221e-13,-0.003658161319702929,-0.0,0.0036725929845586765,-0.0
1.9920001029968262,direct_px4_equiv,1,1,14,0,0,0,0,0,-0.034346356987953186,0.029913807287812233,0.06959402561187744,-0.14629334211349487,0.10273390263319016,0.33752042055130005,-0.26281469055376433,-2.465378541048463,-5.323105797406287,-2.465380477985327,-0.0067696948535740376,0.0009479137370362878,0.13580000400543213,0.0,0.0,0.35,0.0,0.0,0.0,0.0,0.0,-5.248401720262746,0.0,0.0,46.830922594863814,0.027529258735869647,-0.01884595247883634,0.05674860092790555,20.272438565419147,20.18901732269877,6.3698321456201095,0.02,0.02,hover,0.337003618478775,0.337003618478775,0.33772000670433044,0.33772000670433044,0.706070601940155,0.0013190105091780424,-0.0013135827612131834,-0.0,-0.0,0.3378300070762634,0.3378300070762634,0.33851751685142517,0.33851751685142517,0.7105832099914551,0.0011422515381127596,-0.0011377505725249648,-0.0,-0.0,0.3880000114440918,0.0,0.003999948501586914,0,0,-0.017695985734462738,-0.06942901760339737,0.0454169325530529,2,0.0,,4.0,3.5,8.0,3.8,3.2,4.0,0.15,0.12,3.0,2.4806402150114653,-0.004613961701897563,0.04302253826293193,0.0014022035369627359,-0.017695985734462738,-0.06942901760339737,0.0454169325530529,-0.0005591888917513171,0.009978083904362656,-0.0004629120704575043,0.027529258735869647,0.01884595247883634,-0.05674860092790555,1.0,0.9990638863381617,0.0,roll,0.0,0.0,0.0,0.0,0,nan,idle,1.2,0.012613521997991484,1,-0.002409583396674017,-8.346457539281907e-12,0.0018160383328518954,6.672669225546236e-13,-0.00424137363622324,-0.0,0.004258899144709342,-0.0
2.0160000324249268,direct_px4_equiv,1,1,14,0,0,0,0,0,-0.03851935267448425,0.03318445011973381,0.07850643992424011,-0.15704292058944702,0.11119797825813293,0.3520626127719879,-0.2858215002058782,-2.3391013550096185,-5.394327640034451,-2.3391088011720376,-0.0067696948535740376,0.0009479137370362878,0.14419997930526732,0.0,0.0,0.3499999999999972,0.0,0.0,0.0,0.0,0.0,-5.248401720262746,0.0,0.0,46.570286006547,0.028437599919033583,-0.05334028569757561,0.06585076017649373,20.18378263945986,20.09760915164853,6.289388485032327,0.012,0.012,hover,0.3362169563770294,0.3362169563770294,0.3369586169719696,0.3369586169719696,0.7015979886054993,0.0015375354560092092,-0.001530971028842032,-0.0,-0.0,0.3355288803577423,0.3355288803577423,0.3362685441970825,0.3362685441970825,0.7012267112731934,0.0014816306065768003,-0.001475309138186276,-0.0,-0.0,0.4119999408721924,0.0,0.003999948501586914,0,0,-0.0182110033929348,-0.09540680795907974,0.051394570618867874,2,0.0,,4.0,3.5,8.0,3.8,3.2,4.0,0.15,0.12,3.0,2.361370659385399,-0.005039460108687703,0.04081567223111567,0.0026481705978966333,-0.0182110033929348,-0.09540680795907974,0.051394570618867874,-0.0006758862646541791,0.010980519447453525,-0.0004118978099392659,0.028437599919033583,0.05334028569757561,-0.06585076017649373,1.0,0.9991543424063286,0.0,roll,0.0,0.0,0.0,0.0,0,nan,idle,1.2,0.01678652500413591,1,-0.0028779657991635384,-8.348233896121307e-12,0.002514641920286111,6.646023872955232e-13,-0.004943289728508403,-0.0,0.0049644854839888276,-0.0
2.0399999618530273,direct_px4_equiv,1,1,14,0,0,0,0,0,-0.041454922407865524,0.03547381982207298,0.08468687534332275,-0.16383714973926544,0.11692913621664047,0.3607548177242279,-0.3106684798025989,-2.194878920372027,-5.470998877563888,-2.1948952282080127,-0.0067696948535740376,0.0009479137370362878,0.15259995460510253,0.0,0.0,0.35,0.0,0.0,0.0,0.0,0.0,-5.248401720262746,0.0,0.0,46.518945957279826,0.03072344601208611,-0.07007257920606849,0.07168656238482204,20.176006041463367,20.08290604527275,6.2606199561876625,0.016,0.016,hover,0.33609023690223694,0.33609023690223694,0.3368917405605316,0.3368917405605316,0.6999915242195129,0.0016750211361795664,-0.0016672918573021889,-0.0,-0.0,0.3352331817150116,0.3352331817150116,0.33598828315734863,0.33598828315734863,0.6989248991012573,0.0015706358244642615,-0.0015637896722182631,-0.0,-0.0,0.43599987030029297,0.0,0.003999948501586914,0,0,-0.019693007692694664,-0.10618995875120163,0.05454794690012932,2,0.0,,4.0,3.5,8.0,3.8,3.2,4.0,0.15,0.12,3.0,2.2284948312790283,-0.005495583129354977,0.038294778477945206,0.003988176362044727,-0.019693007692694664,-0.10618995875120163,0.05454794690012932,-0.0008030509452962071,0.011925210020058299,-0.00032988156798960524,0.03072344601208611,0.07007257920606849,-0.07168656238482204,1.0,0.9992516542526977,0.0,roll,0.0,0.0,0.0,0.0,0,nan,idle,1.2,0.0006016039988026023,1,-0.0038043242753536804,-8.342016647183406e-12,0.0035858977796096865,6.823659556895257e-13,-0.005383450422996122,-0.0,0.005408407174193514,-0.0
2.06000018119812,direct_px4_equiv,1,1,14,0,0,0,0,0,-0.04929674416780472,0.041577331721782684,0.10073825716972351,-0.1794450283050537,0.13133113086223602,0.38185587525367737,-0.33369450549270857,-2.0697662904576983,-5.538816664257296,-2.069792518945568,-0.0067696948535740376,0.0009479137370362878,0.159600031375885,0.0,0.0,0.3499999999999958,0.0,0.0,0.0,0.0,0.0,-5.248401720262746,0.0,0.0,45.82486496695825,0.03348422413002106,-0.07903875929186666,0.07704727178442645,19.8864138320894,19.78494824349806,6.154189937891742,0.016,0.016,hover,0.333512544631958,0.333512544631958,0.3343925178050995,0.3343925178050995,0.69401615858078,0.0018273924943059683,-0.0018180685583502054,-0.0,-0.0,0.33487075567245483,0.33487075567245483,0.33571919798851013,0.33571919798851013,0.6971666812896729,0.0017665927298367023,-0.0017579351551830769,-0.0,-0.0,0.45600008964538574,0.0,0.004000186920166016,0,0,-0.021566880866885185,-0.11091618239879608,0.05750454217195511,2,0.0,,4.0,3.5,8.0,3.8,3.2,4.0,0.15,0.12,3.0,2.117334276340763,-0.005914633417515765,0.03610724482026872,0.005173034319482532,-0.021566880866885185,-0.11091618239879608,0.05750454217195511,-0.0009179466153062256,0.012664912503872442,-0.00023603594665706816,0.03348422413002106,0.07903875929186666,-0.07704727178442645,1.0,0.9993306420082955,0.0,roll,0.0,0.0,0.0,0.0,0,nan,idle,1.2,0.0007872420028434135,1,-0.004193909419810137,-8.343793004022806e-12,0.0039428163902117275,6.992413456638281e-13,-0.005870287224386103,-0.0,0.005900392890359653,-0.0
2.0840001106262207,direct_px4_equiv,1,1,14,0,0,0,0,0,-0.05434026941657066,0.04551240801811218,0.11080974340438843,-0.18798747658729553,0.14020629227161407,0.39344486594200134,-0.36270986879923245,-1.9192911791614606,-5.624984707375053,-1.9193325814704862,-0.0067696948535740376,0.0009479137370362878,0.1680000066757202,0.0,0.0,0.35,0.0,0.0,0.0,0.0,0.0,-5.248401720262746,0.0,0.0,45.57890738400216,0.03537124555554375,-0.08391398341753442,0.08347209435254352,19.78631721588163,19.679133824870135,6.114266959561367,0.012,0.012,hover,0.3325924277305603,0.3325924277305603,0.3335244357585907,0.3335244357585907,0.6917613744735718,0.0019904226064682007,-0.00197964021936059,-0.0,-0.0,0.33412158489227295,0.33412158489227295,0.3350493311882019,0.3350493311882019,0.6951996684074402,0.001946179661899805,-0.001935731153935194,-0.0,-0.0,0.48000001907348633,0.0,0.003999948501586914,0,0,-0.022554460912942886,-0.11167977750301361,0.06096530333161354,2,0.0,,4.0,3.5,8.0,3.8,3.2,4.0,0.15,0.12,3.0,1.9903771844714524,-0.006439626968329453,0.03347523518787055,0.006677668565190159,-0.022554460912942886,-0.11167977750301361,0.06096530333161354,-0.001067234000836467,0.013494722951497291,-9.08337185197562e-05,0.03537124555554375,0.08391398341753442,-0.08347209435254352,1.0,0.9994189698898169,0.0,roll,0.0,0.0,0.0,0.0,0,nan,idle,1.2,0.004789914994034916,1,-0.004412158053029123,-8.342016647183406e-12,0.004346371497791153,7.019058809229285e-13,-0.006391979370428965,-0.0,0.006426794085216638,-0.0
2.1080000400543213,direct_px4_equiv,1,1,14,0,0,0,0,0,-0.057829197496175766,0.04823882132768631,0.11766976118087769,-0.19327527284622192,0.1460539549589157,0.40027910470962524,-0.3935518640145443,-1.7682185706968632,-5.713376791707694,-1.7682768272796758,-0.0067696948535740376,0.0009479137370362878,0.1763999819755554,0.0,0.0,0.3499999999999972,0.0,0.0,0.0,0.0,0.0,-5.248401720262746,0.0,0.0,45.536911560050044,0.03812419114378105,-0.08848442417291034,0.08790322480108213,19.775373489165194,19.659848272808553,6.102589453358055,0.016,0.016,hover,0.33242449164390564,0.33242449164390564,0.33342939615249634,0.33342939615249634,0.6911004781723022,0.0020981421694159508,-0.0020858850330114365,-0.0,-0.0,0.33301404118537903,0.33301404118537903,0.33395200967788696,0.33395200967788696,0.6925225257873535,0.002003876958042383,-0.0019929655827581882,-0.0,-0.0,0.5039999485015869,0.0,0.003999948501586914,0,0,-0.024194160476326942,-0.11217449605464935,0.06271044909954071,2,0.0,,4.0,3.5,8.0,3.8,3.2,4.0,0.15,0.12,3.0,1.8717101748204743,-0.006993106507719298,0.030831708671685772,0.008220291790722275,-0.024194160476326942,-0.11217449605464935,0.06271044909954071,-0.0012294866696659205,0.01426108646449849,9.100752377067081e-05,0.03812419114378105,0.08848442417291034,-0.08790322480108213,1.0,0.9995002510914291,0.0,roll,0.0,0.0,0.0,0.0,0,nan,idle,1.2,0.008879592001903802,1,-0.004688015746861785,-8.326029435628804e-12,0.0046153996186696035,7.081231298608293e-13,-0.0067350288593776945,-0.0,0.006774605845119405,-0.0
2.131999969482422,direct_px4_equiv,1,1,14,0,0,0,0,0,-0.06142005696892738,0.05104992911219597,0.12463626265525818,-0.19826871156692505,0.15199744701385498,0.406610906124115,-0.4247930132592724,-1.6234472149613282,-5.803322376841401,-1.6235231663820293,-0.0067696948535740376,0.0009479137370362878,0.18479995727539061,0.0,0.0,0.3499999999999972,0.0,0.0,0.0,0.0,0.0,-5.248401720262746,0.0,0.0,45.499960413140315,0.03886066418372264,-0.087382281817678,0.09213825078485133,19.759864494260498,19.642107862419284,6.09897732322764,0.02,0.02,hover,0.33226990699768066,0.33226990699768066,0.33329465985298157,0.33329465985298157,0.6908959150314331,0.0022012151312083006,-0.0021880969870835543,-0.0,-0.0,0.33263537287712097,0.33263537287712097,0.33364325761795044,0.33364325761795044,0.6914825439453125,0.002104895655065775,-0.0020925700664520264,-0.0,-0.0,0.5279998779296875,0.0,0.003999948501586914,0,0,-0.02409707009792328,-0.10808566212654114,0.06428932398557663,2,0.0,,4.0,3.5,8.0,3.8,3.2,4.0,0.15,0.12,3.0,1.7693535704187917,-0.0075503949275757855,0.02829712455291929,0.009789150242994541,-0.02409707009792328,-0.10808566212654114,0.06428932398557663,-0.0014050990231454738,0.014965314732115096,0.0003102416235885125,0.03886066418372264,0.087382281817678,-0.09213825078485133,1.0,0.9995711321349063,0.0,roll,0.0,0.0,0.0,0.0,0,nan,idle,1.2,0.01266034999571275,1,-0.004833347781048561,-8.325141257209104e-12,0.004909236787655137,7.143403787987302e-13,-0.007065057137015336,-0.0,0.007107413655238936,-0.0
2.1520001888275146,direct_px4_equiv,1,1,14,0,0,0,0,0,-0.06699007004499435,0.05546034500002861,0.13529029488563538,-0.20527468621730804,0.16088396310806274,0.4154120087623596,-0.4519431883403193,-1.5109307831869057,-5.879732154270201,-1.5110224231218659,-0.0067696948535740376,0.0009479137370362878,0.19180003404617307,0.0,0.0,0.3499999999999958,0.0,0.0,0.0,0.0,0.0,-5.248401720262746,0.0,0.0,45.22662831189091,0.04063362197810501,-0.08381422533332336,0.09531728181127594,19.642263102677497,19.519134264140455,6.066296160487936,0.02,0.02,hover,0.33119648694992065,0.33119648694992065,0.3322712481021881,0.3322712481021881,0.6890423893928528,0.0022915115114301443,-0.002277146792039275,-0.0,-0.0,0.33226990699768066,0.33226990699768066,0.33329465985298157,0.33329465985298157,0.6908959150314331,0.0022012151312083006,-0.0021880969870835543,-0.0,-0.0,0.5480000972747803,0.0,0.004000186920166016,0,0,-0.02493092231452465,-0.1026429757475853,0.06527731567621231,2,0.0,,4.0,3.5,8.0,3.8,3.2,4.0,0.15,0.12,3.0,1.7009496820754746,-0.008032350984749222,0.026325894265073164,0.011121695254260534,-0.02493092231452465,-0.1026429757475853,0.06527731567621231,-0.0015619208300301998,0.015507389661731975,0.0005219798963700084,0.04063362197810501,0.08381422533332336,-0.09531728181127594,1.0,0.999621214305237,0.0,roll,0.0,0.0,0.0,0.0,0,nan,idle,1.2,0.012856477005698252,1,-0.005013769696248682,-8.332246684566705e-12,0.005096828463113036,7.276630550942321e-13,-0.007352585822088435,-0.0,0.007398967583146912,-0.0
2.1760001182556152,direct_px4_equiv,1,1,14,0,0,0,0,0,-0.07079623639583588,0.058510180562734604,0.14250272512435913,-0.20955431461334229,0.166815385222435,0.4212326407432556,-0.48496538419064633,-1.3838929941768723,-5.973978308774093,-1.3840037906994318,-0.0067696948535740376,0.0009479137370362878,0.2002000093460083,0.0,0.0,0.3499999999999972,0.0,0.0,0.0,0.0,0.0,-5.248401720262746,0.0,0.0,45.1878339644665,0.04174850525098791,-0.07682244535934352,0.09945425993258197,19.62270529829328,19.496198430832884,6.070091184537892,0.012,0.012,hover,0.3309958875179291,0.3309958875179291,0.3321007788181305,0.3321007788181305,0.6892578601837158,0.002393782837316394,-0.0023783498909324408,-0.0,-0.0,0.3303826153278351,0.3303826153278351,0.3314819633960724,0.3314819633960724,0.6878837943077087,0.002409079810604453,-0.002393597736954689,-0.0,-0.0,0.5720000267028809,0.0,0.003999948501586914,0,0,-0.025058850646018982,-0.09402944147586823,0.0666908547282219,2,0.0,,4.0,3.5,8.0,3.8,3.2,4.0,0.15,0.12,3.0,1.6386798403235858,-0.008616360103671837,0.024098611374720007,0.012764796287029041,-0.025058850646018982,-0.09402944147586823,0.0666908547282219,-0.0017628599068872314,0.016107744779573472,0.0008119390420659721,0.04174850525098791,0.07682244535934352,-0.09945425993258197,1.0,0.9996725076258995,0.0,roll,0.0,0.0,0.0,0.0,0,nan,idle,1.2,0.0164874750043964,1,-0.005111230566191209,-8.342016647183406e-12,0.005307703887858647,7.303275903533325e-13,-0.007679356715726234,-0.0,0.007729187489120405,-0.0
2.200000047683716,direct_px4_equiv,1,1,14,0,0,0,0,0,-0.08282215893268585,0.06836377829313278,0.1645711064338684,-0.22114801406860352,0.18533188104629517,0.4339795410633087,-0.5197498444847723,-1.266927560440958,-6.068728113925145,-1.2670572021299766,-0.0067696948535740376,0.0009479137370362878,0.2085999846458435,0.0,0.0,0.35,0.0,0.0,0.0,0.0,0.0,-5.248401720262746,0.0,0.0,44.478272803751885,0.04378875562902629,-0.07254978531768738,0.10354162489071132,19.31673849593728,19.18404970356241,5.978763145742861,0.016,0.016,hover,0.3282542824745178,0.3282542824745178,0.32942238450050354,0.32942238450050354,0.6840530633926392,0.0025327159091830254,-0.0025153181049972773,-0.0,-0.0,0.3293887972831726,0.3293887972831726,0.33053895831108093,0.33053895831108093,0.6861602663993835,0.0024681715294718742,-0.0024515322875231504,-0.0,-0.0,0.5959999561309814,0.0,0.003999948501586914,0,0,-0.025945376604795456,-0.08789663761854172,0.06803975999355316,2,0.0,,4.0,3.5,8.0,3.8,3.2,4.0,0.15,0.12,3.0,1.5992390382419903,-0.009228813579653035,0.022045878302727334,0.014416541704894101,-0.025945376604795456,-0.08789663761854172,0.06803975999355316,-0.001978216536930404,0.01665699979476798,0.0011414518051835797,0.04378875562902629,0.07254978531768738,-0.10354162489071132,1.0,0.9997144041285314,0.0,roll,0.0,0.0,0.0,0.0,0,nan,idle,1.2,0.00098044299375033,1,-0.005309776985100493,-8.323364900369703e-12,0.00560814543485851,7.392093745503337e-13,-0.008121607824322027,-0.0,0.008177783151850446,-0.0
2.2239999771118164,direct_px4_equiv,1,1,14,0,0,0,0,0,-0.086964450776577,0.07185307890176773,0.17201697826385498,-0.22446654736995697,0.1914321482181549,0.4370686709880829,-0.553551878277015,-1.1571624420029378,-6.163256750847177,-1.157309738398906,-0.0067696948535740376,0.0009479137370362878,0.2169999599456787,0.0,0.0,0.3499999999999972,0.0,0.0,0.0,0.0,0.0,-5.248401720262746,0.0,0.0,44.47677329593987,0.04450195609924599,-0.06790997030765265,0.10656182095687555,19.314192732893172,19.179343065599014,5.984591971087171,0.012,0.012,hover,0.32821276783943176,0.32821276783943176,0.32940003275871277,0.32940003275871277,0.6843864321708679,0.0026072340551763773,-0.0025890301913022995,-0.0,-0.0,0.3288433253765106,0.3288433253765106,0.33004695177078247,0.33004695177078247,0.6854872107505798,0.002552863908931613,-0.0025348286144435406,-0.0,-0.0,0.619999885559082,0.0,0.003999948501586914,0,0,-0.025734294205904007,-0.08162035048007965,0.06851544976234436,2,0.0,,4.0,3.5,8.0,3.8,3.2,4.0,0.15,0.12,3.0,1.578792767006379,-0.009821695567142845,0.020117944376788738,0.016063619381862678,-0.025734294205904007,-0.08162035048007965,0.06851544976234436,-0.0022080215196305162,0.017158869787363498,0.0015105029370088082,0.04450195609924599,0.06790997030765265,-0.10656182095687555,1.0,0.9997494012988384,0.0,roll,0.0,0.0,0.0,0.0,0,nan,idle,1.2,0.004369930000393651,1,-0.005402919920936687,-8.328693970887904e-12,0.005710045475846313,7.445384450685345e-13,-0.008359613433094052,-0.0,0.008418391130755485,-0.0
2.248000144958496,direct_px4_equiv,1,1,14,0,0,0,0,0,-0.09118682891130447,0.07544049620628357,0.17950129508972168,-0.2275891900062561,0.19764311611652374,0.43999210000038147,-0.5879966771433931,-1.0585235306395877,-6.256051793828173,-1.0586871406776426,-0.0067696948535740376,0.0009479137370362878,0.2254000186920166,0.0,0.0,0.35,0.0,0.0,0.0,0.0,0.0,-5.248401720262746,0.0,0.0,44.475727219383835,0.04583050869990607,-0.06174336877776975,0.10835010028910144,19.311767504123555,19.17289222924798,5.992468126472733,0.016,0.016,hover,0.32815587520599365,0.32815587520599365,0.3293786942958832,0.3293786942958832,0.6848366260528564,0.002651880495250225,-0.002632809802889824,-0.0,-0.0,0.32862651348114014,0.32862651348114014,0.3298202455043793,0.3298202455043793,0.6851660013198853,0.002620912389829755,-0.002602536231279373,-0.0,-0.0,0.6440000534057617,0.0,0.004000186920166016,0,0,-0.02599920704960823,-0.07431284338235855,0.06800127029418945,2,0.0,,4.0,3.5,8.0,3.8,3.2,4.0,0.15,0.12,3.0,1.578755559964708,-0.010424046499274593,0.01838326399521768,0.017680394057261347,-0.02599920704960823,-0.07431284338235855,0.06800127029418945,-0.00245214171525796,0.01761711556509709,0.001918759471990874,0.04583050869990607,0.06174336877776975,-0.10835010028910144,1.0,0.9997766974201796,0.0,roll,0.0,0.0,0.0,0.0,0,nan,idle,1.2,0.008533323998562992,1,-0.005453573802319305,-8.337575755084905e-12,0.005818059051222086,7.516438724261355e-13,-0.00850097205736051,-0.0,0.008562548765053633,-0.0
2.2720000743865967,direct_px4_equiv,1,1,14,0,0,0,0,0,-0.09764019399881363,0.08100216835737228,0.19084078073501587,-0.2319166213274002,0.20708279311656952,0.443900465965271,-0.6233100753893712,-0.9706624151788927,-6.347424748628757,-0.9708409373100649,-0.0067696948535740376,0.0009479137370362878,0.23379999399185178,0.0,0.0,0.3499999999999972,0.0,0.0,0.0,0.0,0.0,-5.248401720262746,0.0,0.0,44.31381528805242,0.047442688276854016,-0.056372609427140154,0.11224865704819446,19.240869877817964,19.097109814458033,5.977344597943255,0.02,0.02,hover,0.32748672366142273,0.32748672366142273,0.3287549912929535,0.3287549912929535,0.6839719414710999,0.0027582028415054083,-0.0027375943027436733,-0.0,-0.0,0.3283357322216034,0.3283357322216034,0.32956644892692566,0.32956644892692566,0.6855391263961792,0.0026712436228990555,-0.002651921007782221,-0.0,-0.0,0.6679999828338623,0.0,0.003999948501586914,0,0,-0.026514360681176186,-0.06789811700582504,0.0692729577422142,2,0.0,,4.0,3.5,8.0,3.8,3.2,4.0,0.15,0.12,3.0,1.5969057338864627,-0.011040341288932352,0.01683569241157455,0.01927245019213423,-0.026514360681176186,-0.06789811700582504,0.0692729577422142,-0.0027109136065158316,0.018036296506514567,0.0023655672401683,0.047442688276854016,0.056372609427140154,-0.11224865704819446,1.0,0.9997973351637118,0.0,roll,0.0,0.0,0.0,0.0,0,nan,idle,1.2,0.01274025999737205,1,-0.00551356348343408,-8.339352111924306e-12,0.005896265991541037,7.55196586104936e-13,-0.008839306052078092,-0.0,0.008905848721720627,-0.0
2.2960000038146973,direct_px4_equiv,1,1,14,0,0,0,0,0,-0.10425952076911926,0.08679293096065521,0.20227259397506714,-0.2358195185661316,0.21663357317447662,0.44645771384239197,-0.6594754896889257,-0.8901703429196274,-6.436794373447666,-0.8903617485734867,-0.0067696948535740376,0.0009479137370362878,0.242199969291687,0.0,0.0,0.3499999999999972,0.0,0.0,0.0,0.0,0.0,-5.248401720262746,0.0,0.0,44.170592390733276,0.04934626467794965,-0.0493011913986999,0.11442101017413785,19.17735469420604,19.027826717178524,5.966984407839134,0.012,0.012,hover,0.326873779296875,0.326873779296875,0.3281952142715454,0.3281952142715454,0.6833789348602295,0.0028218217194080353,-0.002799818990752101,-0.0,-0.0,0.32628148794174194,0.32628148794174194,0.3275863528251648,0.3275863528251648,0.681989312171936,0.0028045461513102055,-0.00278291292488575,-0.0,-0.0,0.6919999122619629,0.0,0.003999948501586914,0,0,-0.027224240824580193,-0.06022730469703674,0.0691528245806694,2,0.0,,4.0,3.5,8.0,3.8,3.2,4.0,0.15,0.12,3.0,1.6284076316358296,-0.0116701036466037,0.015415793997513994,0.020829428563303096,-0.027224240824580193,-0.06022730469703674,0.0691528245806694,-0.0029847074101139914,0.018420270635370873,0.002849854270102784,0.04934626467794965,0.0493011913986999,-0.11442101017413785,1.0,0.9998130809816413,0.0,roll,0.0,0.0,0.0,0.0,0,nan,idle,1.2,0.016592261999903712,1,-0.005555298798229391,-8.331358506147005e-12,0.00597719885444426,7.596374782034366e-13,-0.009040221193841963,-0.0,0.00911126468546964,-0.0
2.320000171661377,direct_px4_equiv,1,1,14,0,0,0,0,0,-0.11547774821519852,0.09688108414411545,0.22138243913650513,-0.24152058362960815,0.2326361984014511,0.4478805959224701,-0.6932638331066426,-0.816793265563663,-6.524607482175848,-0.816995834325381,-0.0067696948535740376,0.0009479137370362878,0.2506000280380249,0.0,0.0,0.35,0.0,0.0,0.0,0.0,0.0,-5.248401720262746,0.0,0.0,43.766195666022135,0.04794922341415373,-0.04633356698742994,0.11739089515215957,18.99876738924369,18.853473128926122,5.915626759356169,0.016,0.016,hover,0.3253263533115387,0.3253263533115387,0.3266163766384125,0.3266163766384125,0.6804316639900208,0.00292184017598629,-0.0028994944877922535,-0.0,-0.0,0.32615846395492554,0.32615846395492554,0.32746341824531555,0.32746341824531555,0.6819644570350647,0.0028809797950088978,-0.0028587474953383207,-0.0,-0.0,0.7160000801086426,0.0,0.004000186920166016,0,0,-0.025284605100750923,-0.05614222586154938,0.06973765790462494,2,0.0,,4.0,3.5,8.0,3.8,3.2,4.0,0.15,0.12,3.0,1.670037331143533,-0.012257362992447096,0.014119718539335671,0.02235880043558936,-0.025284605100750923,-0.05614222586154938,0.06973765790462494,-0.0032730080715106754,0.018771863449718023,0.0033711951672859134,0.04794922341415373,0.04633356698742994,-0.11739089515215957,1.0,0.9998251953066781,0.0,roll,0.0,0.0,0.0,0.0,0,nan,idle,1.2,0.0006160519988043234,1,-0.005643210014677567,-8.334023041406105e-12,0.00609086316905026,7.702956192398381e-13,-0.00936205951121664,-0.0,0.00943421034017427,-0.0
2.3440001010894775,direct_px4_equiv,1,1,14,0,0,0,0,0,-0.12002362310886383,0.10109857469797134,0.22903627157211304,-0.2435239851474762,0.23909159004688263,0.4479637145996094,-0.7252550991266805,-0.749245134166361,-6.612155700728327,-0.7494573997085464,-0.0067696948535740376,0.0009479137370362878,0.2590000033378601,0.0,0.0,0.3499999999999972,0.0,0.0,0.0,0.0,0.0,-5.248401720262746,0.0,0.0,43.80239429139256,0.04689767398858836,-0.042971937939688586,0.12044750687628192,19.01065980836779,18.86855224241854,5.924940783688595,0.012,0.012,hover,0.3254604637622833,0.3254604637622833,0.326721727848053,0.326721727848053,0.6809670925140381,0.0029955252539366484,-0.002973132533952594,-0.0,-0.0,0.3259241580963135,0.3259241580963135,0.3272174596786499,0.3272174596786499,0.6817795634269714,0.0029375862795859575,-0.0029151032213121653,-0.0,-0.0,0.7400000095367432,0.0,0.003999948501586914,0,0,-0.023670576512813568,-0.05185384303331375,0.07039821892976761,2,0.0,,4.0,3.5,8.0,3.8,3.2,4.0,0.15,0.12,3.0,1.7204834168597247,-0.012812456873480553,0.012924877405088919,0.023883206492132266,-0.023670576512813568,-0.05185384303331375,0.07039821892976761,-0.0035750523136001073,0.019093844542946988,0.00392920171390002,0.04689767398858836,0.042971937939688586,-0.12044750687628192,1.0,0.9998343942452778,0.0,roll,0.0,0.0,0.0,0.0,0,nan,idle,1.2,0.0044502200034912676,1,-0.005685121790303949,-8.349122074541007e-12,0.006131899168639939,7.676310839807377e-13,-0.009599825963429903,-0.0,0.009672128823067819,-0.0
2.368000030517578,direct_px4_equiv,1,1,14,0,0,0,0,0,-0.12457504868507385,0.10539969056844711,0.23666387796401978,-0.24540545046329498,0.24552717804908752,0.4476701021194458,-0.7538810405228769,-0.6911794007342672,-6.699505901716469,-0.6914009866776917,-0.0067696948535740376,0.0009479137370362878,0.26739997863769527,0.0,0.0,0.3499999999999972,0.0,0.0,0.0,0.0,0.0,-5.248401720262746,0.0,0.0,43.845454782609266,0.04382891812393369,-0.02979128664606632,0.12215345069971109,19.016055403217653,18.88324683491476,5.947960293274261,0.016,0.016,hover,0.325591117143631,0.325591117143631,0.32676953077316284,0.32676953077316284,0.682288646697998,0.0030355891212821007,-0.003014387795701623,-0.0,-0.0,0.3258547782897949,0.3258547782897949,0.3270922303199768,0.3270922303199768,0.682077944278717,0.0029790743719786406,-0.002957248594611883,-0.0,-0.0,0.7639999389648438,0.0,0.003999948501586914,0,0,-0.02034672349691391,-0.03959953039884567,0.06996004283428192,2,0.0,,4.0,3.5,8.0,3.8,3.2,4.0,0.15,0.12,3.0,1.7790173701907823,-0.013309068289606422,0.011895443473637936,0.025404216170992068,-0.02034672349691391,-0.03959953039884567,0.06996004283428192,-0.0038896158578903134,0.01938959940178524,0.004523553261005151,0.04382891812393369,0.02979128664606632,-0.12215345069971109,1.0,0.9998406835600523,0.0,roll,0.0,0.0,0.0,0.0,0,nan,idle,1.2,0.009075457994185854,1,-0.005897039052764864,-8.335554468885675e-12,0.006950709157241409,7.785994071696223e-13,-0.00973303370213834,-0.0,0.009801489700915069,-0.0
2.3919999599456787,direct_px4_equiv,1,1,14,0,0,0,0,0,-0.1314190924167633,0.11202730238437653,0.24811750650405884,-0.2477591633796692,0.2554188370704651,0.44644850492477417,-0.7850462026288955,-0.6329575400897516,-6.786360085350523,-0.633185567900567,-0.0067696948535740376,0.0009479137370362878,0.2757999539375305,0.0,0.0,0.3499999999999972,0.0,0.0,0.0,0.0,0.0,-5.248401720262746,0.0,0.0,43.76500592173128,0.0471578281092713,-0.03956497075755187,0.12371929075168425,18.99274623354849,18.849850737255142,5.9242661261693526,0.02,0.02,hover,0.3252941370010376,0.3252941370010376,0.3265630006790161,0.3265630006790161,0.6809283494949341,0.003079949878156185,-0.003056776477023959,-0.0,-0.0,0.3258289098739624,0.3258289098739624,0.32701653242111206,0.32701653242111206,0.6821749806404114,0.0030343113467097282,-0.0030129689257591963,-0.0,-0.0,0.7879998683929443,0.0,0.003999948501586914,0,0,-0.022521348670125008,-0.046443141996860504,0.06935121864080429,2,0.0,,4.0,3.5,8.0,3.8,3.2,4.0,0.15,0.12,3.0,1.8426936664012221,-0.013848348225283557,0.010861999855411936,0.026916269895865267,-0.022521348670125008,-0.046443141996860504,0.06935121864080429,-0.00421647033163309,0.01966049871886761,0.005154543711141849,0.0471578281092713,0.03956497075755187,-0.12371929075168425,1.0,0.9998451201071721,0.0,roll,0.0,0.0,0.0,0.0,0,nan,idle,1.2,0.012541898002382368,1,-0.007662249523868315,-8.343770119267901e-12,0.009547287010195828,7.739364704661966e-13,-0.009869900436021308,-0.0,0.009944723874232658,-0.0
2.4120001792907715,direct_px4_equiv,1,1,14,0,0,0,0,0,-0.13598185777664185,0.11656370759010315,0.25575196743011475,-0.24910463392734528,0.2621445059776306,0.44626888632774353,-0.8095799876459927,-0.5983942533112914,-6.854184301797056,-0.598629333557241,-0.0067696948535740376,0.0009479137370362878,0.28280003070831294,0.0,0.0,0.3499999999999889,0.0,0.0,0.0,0.0,0.0,-5.248401720262746,0.0,0.0,43.749931980456395,0.045592164937439485,-0.020271706732342982,0.1199213788692198,18.9712668249271,18.833115132628517,5.947296685585927,0.008,0.02,hover,0.3251452147960663,0.3251452147960663,0.32637259364128113,0.32637259364128113,0.6822506189346313,0.00298805208876729,-0.002966291969642043,-0.0,-0.0,0.32476356625556946,0.32476356625556946,0.3260841965675354,0.3260841965675354,0.6806180477142334,0.003079949878156185,-0.003056776477023959,-0.0,-0.0,0.8080000877380371,0.0,0.004000186920166016,0,0,-0.020468000322580338,-0.02960962988436222,0.06475242227315903,2,0.0,,4.0,3.5,8.0,3.8,3.2,4.0,0.15,0.12,3.0,1.8988254730312168,-0.014274481898372507,0.010244625079313103,0.02809797216771604,-0.020468000322580338,-0.02960962988436222,0.06475242227315903,-0.004498792772545497,0.019869368613883817,0.0057071591354901,0.045592164937439485,0.020271706732342982,-0.1199213788692198,1.0,0.9998456434101787,0.0,roll,0.0,0.0,0.0,0.0,0,nan,idle,1.2,0.012775044997397345,1,-0.008650044325721386,-8.339995360984176e-12,0.010105254739602356,7.87203635610467e-13,-0.009577738722896705,-0.0,0.009647999097309987,-0.0
2.436000108718872,direct_px4_equiv,1,1,14,0,0,0,0,0,-0.14282158017158508,0.12355127930641174,0.2672237157821655,-0.2510608434677124,0.272436261177063,0.4495104253292084,-0.8404940013871778,-0.5501832344064049,-6.931732426268072,-0.5504207439619614,-0.0067696948535740376,0.0009479137370362878,0.29120000600814816,0.0,0.0,0.3499999999999972,0.0,0.0,0.0,0.0,0.0,-5.248401720262746,0.0,0.0,43.58472515521945,0.05056269899952123,-0.03998867128138431,0.11863533269662849,18.92027687874595,18.76706355002882,5.899099440853911,0.012,0.012,hover,0.32455679774284363,0.32455679774284363,0.32592010498046875,0.32592010498046875,0.6794804930686951,0.002966411178931594,-0.002942388877272606,-0.0,-0.0,0.32385486364364624,0.32385486364364624,0.3250577449798584,0.3250577449798584,0.680609405040741,0.0030196052975952625,-0.0029979690443724394,-0.0,-0.0,0.8320000171661377,0.0,0.003999948501586914,0,0,-0.02408624440431595,-0.044955551624298096,0.06194642186164856,2,0.0,,4.0,3.5,8.0,3.8,3.2,4.0,0.15,0.12,3.0,1.9637317544509945,-0.014808554016567558,0.009385699230435699,0.029447903223338182,-0.02408624440431595,-0.044955551624298096,0.06194642186164856,-0.004848841657682191,0.020103945556146433,0.006400549992208062,0.05056269899952123,0.03998867128138431,-0.11863533269662849,1.0,0.999846307682374,0.0,roll,0.0,0.0,0.0,0.0,0,nan,idle,1.2,0.016923100003623404,1,-0.006929332822712265,-8.313461030695635e-12,0.00845022404818099,8.231193504570909e-13,-0.009500559073826591,-0.0,0.009578123505295345,-0.0
2.4600000381469727,direct_px4_equiv,1,1,14,0,0,0,0,0,-0.15424031019210815,0.13566705584526062,0.2861989736557007,-0.25335729122161865,0.289399117231369,0.4415642321109772,-0.8690599320692949,-0.5164361018471656,-7.00470140229945,-0.5166787769230219,-0.0067696948535740376,0.0009479137370362878,0.2995999813079834,0.0,0.0,0.3499999999999972,0.0,0.0,0.0,0.0,0.0,-5.248401720262746,0.0,0.0,43.34335129461062,0.047905439744751484,-0.010815029352701549,0.11712575888198785,18.793057991787876,18.64789651545524,5.904079137297026,0.012,0.012,hover,0.3234926164150238,0.3234926164150238,0.32478851079940796,0.32478851079940796,0.6797671914100647,0.0029473798349499702,-0.002924612956121564,-0.0,-0.0,0.32402804493904114,0.32402804493904114,0.32530948519706726,0.32530948519706726,0.6791958212852478,0.0029866958502680063,-0.0029639170970767736,-0.0,-0.0,0.8559999465942383,0.0,0.003999948501586914,0,0,-0.020986272022128105,-0.019903548061847687,0.05916476622223854,2,0.0,,4.0,3.5,8.0,3.8,3.2,4.0,0.15,0.12,3.0,2.029835468441335,-0.015304011976860358,0.008779702313375578,0.030719167109993,-0.020986272022128105,-0.019903548061847687,0.05916476622223854,-0.005211230290482528,0.020320915442741345,0.007125189548067179,0.047905439744751484,0.010815029352701549,-0.11712575888198785,1.0,0.9998443520210264,0.0,roll,0.0,0.0,0.0,0.0,0,nan,idle,1.2,0.0007032650028122589,1,-0.006099565773963779,-8.34854407827379e-12,0.007917047482658002,7.925882172798993e-13,-0.00944316292945298,-0.0,0.009516673885245,-0.0
2.4839999675750732,direct_px4_equiv,1,1,14,0,0,0,0,0,-0.1610846221446991,0.14318731427192688,0.29746901988983154,-0.25467002391815186,0.2994232475757599,0.43865418434143066,-0.8984978973495941,-0.48010260325783116,-7.073768796844659,-0.4803463232547687,-0.0067696948535740376,0.0009479137370362878,0.3079999566078186,0.0,0.0,0.3499999999999972,0.0,0.0,0.0,0.0,0.0,-5.248401720262746,0.0,0.0,43.29208530859753,0.0494834345332069,-0.02206660654180995,0.11848676452498964,18.780651726634584,18.63070883119532,5.882447790456346,0.012,0.012,hover,0.3233388364315033,0.3233388364315033,0.3246779441833496,0.3246779441833496,0.6785207986831665,0.002984380116686225,-0.0029605524614453316,-0.0,-0.0,0.32414326071739197,0.32414326071739197,0.3254646956920624,0.3254646956920624,0.6800863742828369,0.002964997896924615,-0.002941691316664219,-0.0,-0.0,0.8799998760223389,0.0,0.003999948501586914,0,0,-0.02174718864262104,-0.028463074937462807,0.05877591297030449,2,0.0,,4.0,3.5,8.0,3.8,3.2,4.0,0.15,0.12,3.0,2.0936600437900004,-0.015812926182187666,0.008128241880799747,0.03192175194742839,-0.02174718864262104,-0.028463074937462807,0.05877591297030449,-0.005585623971017224,0.02052236781214544,0.00787940081376564,0.0494834345332069,0.02206660654180995,-0.11848676452498964,1.0,0.9998419415241703,0.0,roll,0.0,0.0,0.0,0.0,0,nan,idle,1.2,0.005150830002094153,1,-0.006099565774734718,-8.34587954301469e-12,0.007917047482943107,7.951417302365371e-13,-0.009559206866875508,-0.0,0.009636143249568564,-0.0
2.504000186920166,direct_px4_equiv,1,1,14,0,0,0,0,0,-0.1656462550163269,0.14831328392028809,0.30494076013565063,-0.2554277181625366,0.3061538636684418,0.4364096224308014,-0.9216270252102002,-0.45221134944587615,-7.1290988333115735,-0.4524549942605618,-0.0067696948535740376,0.0009479137370362878,0.31500003337860105,0.0,0.0,0.35,0.0,0.0,0.0,0.0,0.0,-5.248401720262746,0.0,0.0,43.31522142451953,0.04810885895442802,-0.020457150708154584,0.11854465564184348,18.787511645405775,18.64173393880028,5.887699738447848,0.012,0.012,hover,0.32343748211860657,0.32343748211860657,0.3247390687465668,0.3247390687465668,0.6788236498832703,0.002984072547405958,-0.002960917539894581,-0.0,-0.0,0.3237324357032776,0.3237324357032776,0.3250766396522522,0.3250766396522522,0.6793035864830017,0.002991992048919201,-0.0029680412262678146,-0.0,-0.0,0.9000000953674316,0.0,0.004000186920166016,0,0,-0.02007814683020115,-0.02650378830730915,0.05762858688831329,2,0.0,,4.0,3.5,8.0,3.8,3.2,4.0,0.15,0.12,3.0,2.1458087053508956,-0.016212483387075524,0.0076272579594217115,0.03288503869026069,-0.02007814683020115,-0.02650378830730915,0.05762858688831329,-0.0059067376590414365,0.02067889346972433,0.008529472119166893,0.04810885895442802,0.020457150708154584,-0.11854465564184348,1.0,0.9998394901516786,0.0,roll,0.0,0.0,0.0,0.0,0,nan,idle,1.2,0.004338953003752977,1,-0.006099565775510097,-8.348211011366402e-12,0.00791704748322999,7.974176874370185e-13,-0.00956038533274139,-0.0,0.009635149515900871,-0.0
2.5280001163482666,direct_px4_equiv,1,1,14,0,0,0,0,0,-0.1724831461906433,0.15617261826992035,0.3160627484321594,-0.2562450170516968,0.3162080645561218,0.4326249957084656,-0.9476467673408235,-0.4210910896258353,-7.194109137531345,-0.42133398167062186,-0.0067696948535740376,0.0009479137370362878,0.32340000867843627,0.0,0.0,0.3499999999999972,0.0,0.0,0.0,0.0,0.0,-5.248401720262746,0.0,0.0,43.28348843545664,0.047446970398887324,-0.019157328122689,0.12000012709754479,18.77198551856747,18.62821361663263,5.885057162028944,0.016,0.016,hover,0.3233165144920349,0.3233165144920349,0.3246006965637207,0.3246006965637207,0.6786713004112244,0.0030229040421545506,-0.0029997513629496098,-0.0,-0.0,0.32383161783218384,0.32383161783218384,0.32513755559921265,0.32513755559921265,0.6796067953109741,0.0029913627076894045,-0.0029681010637432337,-0.0,-0.0,0.9240000247955322,0.0,0.003999948501586914,0,0,-0.018947334960103035,-0.02472527325153351,0.0574331060051918,2,0.0,,4.0,3.5,8.0,3.8,3.2,4.0,0.15,0.12,3.0,2.207843505952334,-0.016661649490405744,0.007067284457580928,0.03401674632217997,-0.018947334960103035,-0.02472527325153351,0.0574331060051918,-0.006302068751269339,0.020853898060462114,0.009334628922750547,0.047446970398887324,0.019157328122689,-0.12000012709754479,1.0,0.9998362214517585,0.0,roll,0.0,0.0,0.0,0.0,0,nan,idle,1.2,0.008592104000854306,1,-0.006099565776285477,-8.359424263915116e-12,0.007917047483514206,7.963629755636246e-13,-0.009685774426996353,-0.0,0.009760531260561534,-0.0
2.552000045776367,direct_px4_equiv,1,1,14,0,0,0,0,0,-0.1770344078540802,0.1615060567855835,0.32346153259277344,-0.2568303644657135,0.3229992389678955,0.43060195446014404,-0.9743054886392449,-0.3870388678456805,-7.254133944673201,-0.38727610473726964,-0.0067696948535740376,0.0009479137370362878,0.3317999839782715,0.0,0.0,0.35,0.0,0.0,0.0,0.0,0.0,-5.248401720262746,0.0,0.0,43.35495398521045,0.04727378591807303,-0.01799761112769805,0.11996248888947689,18.801820914253007,18.658573762988645,5.896323221481663,0.02,0.02,hover,0.323588103055954,0.323588103055954,0.32486656308174133,0.32486656308174133,0.6793205738067627,0.0030170385725796223,-0.002994051668792963,-0.0,-0.0,0.32351118326187134,0.32351118326187134,0.3247968554496765,0.3247968554496765,0.67906653881073,0.003026038408279419,-0.003002848709002137,-0.0,-0.0,0.9479999542236328,0.0,0.003999948501586914,0,0,-0.01820838637650013,-0.022999465465545654,0.05610155314207077,2,0.0,,4.0,3.5,8.0,3.8,3.2,4.0,0.15,0.12,3.0,2.266079706697895,-0.01712015669746861,0.006456190764290723,0.035060805804574206,-0.01820838637650013,-0.022999465465545654,0.05610155314207077,-0.006708135890509896,0.021015630429274398,0.010165775184884757,0.04727378591807303,0.01799761112769805,-0.11996248888947689,1.0,0.999832608915179,0.0,roll,0.0,0.0,0.0,0.0,0,nan,idle,1.2,0.012659027997869998,1,-0.008043877888553897,-8.324563260941886e-12,0.009469525222894928,8.179013022413528e-13,-0.009667370987057727,-0.0,0.009741592468957212,-0.0
2.5759999752044678,direct_px4_equiv,1,1,14,0,0,0,0,0,-0.18384672701358795,0.16968420147895813,0.33441442251205444,-0.25744542479515076,0.3332434892654419,0.42675819993019104,-1.0000502809004688,-0.35556448141331054,-7.30873991559264,-0.3557945001977267,-0.0067696948535740376,0.0009479137370362878,0.34019995927810665,0.0,0.0,0.3499999999999972,0.0,0.0,0.0,0.0,0.0,-5.248401720262746,0.0,0.0,43.32779589033673,0.05144986238102152,-0.03017489920414595,0.1170005150704747,18.80429800275949,18.648396315046394,5.876779804006777,0.012,0.012,hover,0.32349708676338196,0.32349708676338196,0.3248886466026306,0.3248886466026306,0.6781938076019287,0.002944149076938629,-0.0029197391122579575,-0.0,-0.0,0.32287442684173584,0.32287442684173584,0.32411524653434753,0.32411524653434753,0.6784347891807556,0.0029838301707059145,-0.0029617147520184517,-0.0,-0.0,0.9719998836517334,0.0,0.003999948501586914,0,0,-0.021203286945819855,-0.032434310764074326,0.052419859915971756,2,0.0,,4.0,3.5,8.0,3.8,3.2,4.0,0.15,0.12,3.0,2.3203841223841826,-0.017562612139300268,0.005890720505283363,0.03601035527969477,-0.021203286945819855,-0.032434310764074326,0.052419859915971756,-0.007125170790982062,0.021162774506770246,0.011020846240283884,0.05144986238102152,0.03017489920414595,-0.1170005150704747,1.0,0.9998284270565471,0.0,roll,0.0,0.0,0.0,0.0,0,nan,idle,1.2,0.016399471001932397,1,-0.007670855993884974,-8.363754133711154e-12,0.008794721323359478,8.020251129892131e-13,-0.00942742630370798,-0.0,0.00950624250526821,-0.0
2.6000001430511475,direct_px4_equiv,1,1,14,0,0,0,0,0,-0.19516530632972717,0.18379634618759155,0.352461576461792,-0.25848516821861267,0.3503517508506775,0.42012688517570496,-1.0217916682544261,-0.333423782755899,-7.35927691539557,-0.3336501490742515,-0.0067696948535740376,0.0009479137370362878,0.34860001802444457,0.0,0.0,0.35,0.0,0.0,0.0,0.0,0.0,-5.248401720262746,0.0,0.0,43.0898504809139,0.04558644372866704,-0.013195438906922183,0.11677938548440091,18.681648326677255,18.54351383032259,5.866370431195108,0.016,0.016,hover,0.322557657957077,0.322557657957077,0.3237943649291992,0.3237943649291992,0.677592933177948,0.002955205738544464,-0.0029333538841456175,-0.0,-0.0,0.32301661372184753,0.32301661372184753,0.324293315410614,0.324293315410614,0.6784385442733765,0.0029419490601867437,-0.002919526770710945,-0.0,-0.0,0.9960000514984131,0.0,0.004000186920166016,0,0,-0.015717802569270134,-0.01780407503247261,0.05117625743150711,2,0.0,,4.0,3.5,8.0,3.8,3.2,4.0,0.15,0.12,3.0,2.371379939700241,-0.017937477637245725,0.005489629933024527,0.036889903557406865,-0.015717802569270134,-0.01780407503247261,0.05117625743150711,-0.007551984840806404,0.021298401379679043,0.011897579529423009,0.04558644372866704,0.013195438906922183,-0.11677938548440091,1.0,0.9998240554396984,0.0,roll,0.0,0.0,0.0,0.0,0,nan,idle,1.2,0.00034985499951289967,1,-0.00771537091111021,-8.365641512853017e-12,0.006719617240566823,8.133493878403895e-13,-0.009471386316126007,-0.0,0.009541942778738568,-0.0
2.624000072479248,direct_px4_equiv,1,1,14,0,0,0,0,1,-0.19967705011367798,0.18961520493030548,0.3596246838569641,-0.2594335079193115,0.35781118273735046,0.4326404333114624,-1.083952767630925,-0.46502007203683676,-7.4041907634956825,-0.4653493640060899,-0.0067696948535740376,0.0009479137370362878,0.3569999933242798,0.0,0.0,0.35,0.0,0.0,0.0,0.0,0.0,-5.248401720262746,7.6461886038154505,-8.818888719854034,42.891802476892344,0.11499385878331228,0.15881821563646936,0.11419122576811581,19.554292893205297,18.95990119156106,6.192272987724013,0.012,0.012,hover,0.32627177238464355,0.32627177238464355,0.3315037190914154,0.3315037190914154,0.6961601972579956,0.0676528736948967,0.059708599001169205,0.07471244037151337,0.07240074872970581,0.3290445804595947,0.3290445804595947,0.3324507176876068,0.3324507176876068,0.6861767172813416,0.06477809697389603,0.05758161470293999,0.07155197858810425,0.07011251896619797,1.0199999809265137,0.0,0.003999948501586914,1,0,-0.07099854201078415,0.12288422137498856,0.04889456555247307,2,0.0,,4.0,3.5,8.0,3.8,3.2,4.0,0.15,0.12,3.0,2.461182581690607,-0.01906742952775691,0.0077584283800629225,0.03769816664699412,-0.07099854201078415,0.12288422137498856,0.04889456555247307,-0.007995212483863832,0.021445401877429052,0.012794391433269768,0.11499385878331228,-0.15881821563646936,-0.11419122576811581,1.0,0.999788119938419,0.0,roll,0.0,0.0,0.0,0.0,0,nan,idle,1.2,0.004667977998906281,1,0.004607694896052084,0.023663064690518567,0.015770706775658526,0.02458312994023515,0.19279065870898154,0.2274536689271198,0.2184416004759959,0.23471606245982357
2.6480000019073486,direct_px4_equiv,1,1,14,0,0,0,0,1,-0.20418410003185272,0.1955304890871048,0.3671755790710449,-0.2599819004535675,0.36087989807128906,0.45184803009033203,-1.1293768555110637,-0.8722905814809345,-7.458216454255413,-0.8729396280794751,-0.0067696948535740376,0.0009479137370362878,0.36539996862411495,0.0,0.0,0.3499999999999972,0.0,0.0,0.0,0.0,0.0,-5.248401720262746,8.0396545677481,-8.969484866021563,42.50996168809341,0.05617848097667133,0.36507078764618395,0.1281608257113611,19.234810979148463,18.820245457471582,6.414996455496381,0.016,0.016,hover,0.325030654668808,0.325030654668808,0.32870161533355713,0.32870161533355713,0.7085692882537842,0.0720510333776474,0.06379412114620209,0.07658801972866058,0.07490580528974533,0.32663804292678833,0.32663804292678833,0.33187970519065857,0.33187970519065857,0.697119414806366,0.06843149662017822,0.06044792756438255,0.07473563402891159,0.07242147624492645,1.0439999103546143,0.0,0.003999948501586914,1,0,-0.01902461238205433,0.28575047850608826,0.05894378200173378,2,0.0,,4.0,3.5,8.0,3.8,3.2,4.0,0.15,0.12,3.0,2.6376852196037253,-0.020000343461673127,0.014840547435570152,0.03871317985072346,-0.01902461238205433,0.28575047850608826,0.05894378200173378,-0.008468591855667592,0.021729562908174477,0.01371238392961068,0.05617848097667133,-0.36507078764618395,-0.1281608257113611,1.0,0.9996898722102658,0.0,roll,0.0,0.0,0.0,0.0,0,nan,idle,1.2,0.00857455199729884,1,0.036111673393902664,0.06657227493988527,0.04674915015264893,0.06907624247950941,0.20598222742121014,0.23532352247640495,0.23264263334427382,0.24060836914686579
2.6720001697540283,direct_px4_equiv,1,1,14,0,0,0,0,1,-0.2108747363090515,0.20435373485088348,0.3786046504974365,-0.2557935416698456,0.35412561893463135,0.4482521116733551,-1.1157912980839297,-1.2111942699797849,-7.550815347342493,-1.2121723338132744,-0.0067696948535740376,0.0009479137370362878,0.37380002737045287,0.0,0.0,0.35,0.0,0.0,0.0,0.0,0.0,-5.248401720262746,8.33242503988747,-8.956774966278102,42.4177970212925,0.035213808190664844,0.33846575652120725,0.15474730609297566,19.20054020001682,18.86805612242783,6.372764589434924,0.02,0.02,hover,0.32545605301856995,0.32545605301856995,0.328399658203125,0.328399658203125,0.7062330842018127,0.07509281486272812,0.06571023911237717,0.07627976685762405,0.07493368536233902,0.3252192437648773,0.3252192437648773,0.3288816213607788,0.3288816213607788,0.7090517282485962,0.07242338359355927,0.06415105611085892,0.07649233937263489,0.07481709867715836,1.068000078201294,0.0,0.004000186920166016,1,0,-0.0011466644937172532,0.2561328113079071,0.07850541919469833,2,0.0,,4.0,3.5,8.0,3.8,3.2,4.0,0.15,0.12,3.0,2.8402442950515017,-0.019893584953613912,0.02074243767824037,0.040383639647056796,-0.0011466644937172532,0.2561328113079071,0.07850541919469833,-0.008948266215686848,0.022171263081785852,0.01466335934011543,0.035213808190664844,-0.33846575652120725,-0.15474730609297566,1.0,0.9995869982898283,0.0,roll,0.0,0.0,0.0,0.0,0,nan,idle,1.2,0.012765817999024875,1,0.06557014809893792,0.10406844917255523,0.077829539723995,0.09856103044095618,0.21216909742190704,0.23541111977103701,0.242464126022216,0.2396399504137757
2.696000099182129,direct_px4_equiv,1,1,14,0,0,0,0,1,-0.21523050963878632,0.21008622646331787,0.3861299753189087,-0.2506030201911926,0.3440687656402588,0.44608455896377563,-1.0638850590151148,-1.4678012827579134,-7.696101240344407,-1.4691410844594104,-0.0067696948535740376,0.0009479137370362878,0.3822000026702881,0.0,0.0,0.35,0.0,0.0,0.0,0.0,0.0,-5.248401720262746,8.516867217304876,-8.817089217236337,42.45871820787852,-0.0022307106042769205,0.24953064048716372,0.21474919276285817,19.198384350157767,19.020877316878924,6.265819669882148,0.012,0.012,hover,0.3268122375011444,0.3268122375011444,0.32838067412376404,0.32838067412376404,0.7002821564674377,0.0775323286652565,0.06568102538585663,0.07445298135280609,0.07375194132328033,0.3258812725543976,0.3258812725543976,0.32777783274650574,0.32777783274650574,0.7017881870269775,0.07647483795881271,0.06569349765777588,0.07510434836149216,0.07424789667129517,1.0920000076293945,0.0,0.003999948501586914,1,0,0.02938706800341606,0.17617812752723694,0.12476155161857605,2,0.0,,4.0,3.5,8.0,3.8,3.2,4.0,0.15,0.12,3.0,3.0567425717374817,-0.01910939733158235,0.02521376283825864,0.04294960166938183,0.02938706800341606,0.17617812752723694,0.12476155161857605,-0.009415968071781258,0.022734742730599184,0.015666661419406164,-0.0022307106042769205,-0.24953064048716372,-0.21474919276285817,1.0,0.999499548538947,0.0,roll,0.0,0.0,0.0,0.0,0,nan,idle,1.2,0.016730340001231525,1,0.08973496661866712,0.12291938021336185,0.1055283410908541,0.12652572362007727,0.21207476725037247,0.23169855670499703,0.2503409635714338,0.23390093531277234
2.7200000286102295,direct_px4_equiv,1,1,14,0,0,0,0,1,-0.2274114191532135,0.22573012113571167,0.40829700231552124,-0.2241218090057373,0.2984626889228821,0.4328579604625702,-0.9922295213255259,-1.6342811778380673,-7.894953945099556,-1.6360253861768688,-0.0067696948535740376,0.0009479137370362878,0.39059997797012325,0.0,0.0,0.3499999999999972,0.0,0.0,0.0,0.0,0.0,-5.248401720262746,8.362510692539544,-8.218515423094985,42.20058412998357,-0.03755523074082042,0.18811591120637675,0.2586995908588165,18.973291929852184,18.94655810116704,6.148101279398784,0.016,0.016,hover,0.32615339756011963,0.32615339756011963,0.3263905346393585,0.3263905346393585,0.6936727166175842,0.07738088816404343,0.06380796432495117,0.0695902407169342,0.06949059665203094,0.3264748454093933,0.3264748454093933,0.32711172103881836,0.32711172103881836,0.6968315839767456,0.07749305665493011,0.06504953652620316,0.07239961624145508,0.07212161272764206,1.1159999370574951,0.0,0.003999948501586914,1,0,0.056903306394815445,0.1210196241736412,0.15687155723571777,2,0.0,,4.0,3.5,8.0,3.8,3.2,4.0,0.15,0.12,3.0,3.2762507130762026,-0.017969740664798846,0.028114066777931476,0.046427416665977925,0.056903306394815445,0.1210196241736412,0.15687155723571777,-0.009858016219138925,0.023382753302510773,0.01674434264117319,-0.03755523074082042,-0.18811591120637675,-0.2586995908588165,1.0,0.9994433438199084,0.0,roll,0.0,0.0,0.0,0.0,0,nan,idle,1.2,0.0006784889992559329,1,0.12571812121432768,0.14698099628465988,0.14872482039821325,0.15094983365241013,0.2060269154866197,0.2183111489231734,0.24985198729995547,0.2186241883673235
2.74399995803833,direct_px4_equiv,1,1,14,0,0,0,0,1,-0.2310810685157776,0.2302539199590683,0.41549062728881836,-0.21228814125061035,0.2804332971572876,0.4275098741054535,-0.9179031660274036,-1.6920866920404656,-8.142020519654203,-1.6942453767959773,-0.0067696948535740376,0.0009479137370362878,0.39899995326995846,0.0,0.0,0.3499999999999972,0.0,0.0,0.0,0.0,0.0,-5.248401720262746,8.287483854514232,-7.915062943486032,42.34544953835121,-0.029326482722175893,0.0991821990294267,0.3161593457547367,19.038716058747458,19.034736854446987,6.050964487210648,0.012,0.012,hover,0.32693496346473694,0.32693496346473694,0.3269701898097992,0.3269701898097992,0.6881710886955261,0.07770849019289017,0.06134628504514694,0.06666644662618637,0.06665230542421341,0.32667484879493713,0.32667484879493713,0.3271923065185547,0.3271923065185547,0.6934035420417786,0.07798042893409729,0.06346207112073898,0.06899408996105194,0.06877919286489487,1.1399998664855957,0.0,0.003999948501586914,1,0,0.04689805582165718,0.04562500864267349,0.1998467594385147,2,0.0,,4.0,3.5,8.0,3.8,3.2,4.0,0.15,0.12,3.0,3.486592327415416,-0.01675901590043075,0.029116597840160394,0.050727164648440584,0.04689805582165718,0.04562500864267349,0.1998467594385147,-0.010271269481913878,0.024075028330658395,0.017917094673137172,-0.029326482722175893,-0.0991821990294267,-0.3161593457547367,1.0,0.9994356795468067,0.0,roll,0.0,0.0,0.0,0.0,0,nan,idle,1.2,0.004541230999166146,1,0.13631193593230884,0.1572837296039283,0.16539891111807514,0.15255835428166892,0.19807851092469775,0.20939439475361352,0.25090975987569886,0.20943881997208807
2.764000177383423,direct_px4_equiv,1,1,14,0,0,0,0,1,-0.23613932728767395,0.23634754121303558,0.4260846972465515,-0.192368283867836,0.25096064805984497,0.42032381892204285,-0.8533020668579071,-1.6848624445430282,-8.38720426384705,-1.6873924532794147,-0.0067696948535740376,0.0009479137370362878,0.4060000300407409,0.0,0.0,0.3499999999999889,0.0,0.0,0.0,0.0,0.0,-5.248401720262746,8.034437907220275,-7.460765368996502,42.36423336504301,-0.04814039097227963,0.04148025607850454,0.35977127397941305,18.966510186720754,19.055209384645703,5.974216452798289,0.012,0.012,hover,0.3271161615848541,0.3271161615848541,0.32633039355278015,0.32633039355278015,0.6837929487228394,0.07638737559318542,0.0581674799323082,0.06271965056657791,0.0630168542265892,0.3273179531097412,0.3273179531097412,0.32731157541275024,0.32731157541275024,0.6889840960502625,0.07770310342311859,0.06127232685685158,0.06625556945800781,0.06625811755657196,1.1600000858306885,0.0,0.004000186920166016,1,0,0.05963137373328209,-0.0025930602569133043,0.23109081387519836,2,0.0,,4.0,3.5,8.0,3.8,3.2,4.0,0.15,0.12,3.0,3.6737967397466362,-0.015690923273208094,0.02898565544104538,0.05498702893541309,0.05963137373328209,-0.0025930602569133043,0.23109081387519836,-0.010593040240578935,0.024656472695426417,0.018981976740830103,-0.04814039097227963,-0.04148025607850454,-0.35977127397941305,1.0,0.9994568133621231,0.0,roll,0.0,0.0,0.0,0.0,0,nan,idle,1.2,0.004545457995845936,1,0.14405481621723773,0.16095129270307001,0.18031846153857892,0.1550870051656934,0.18781459688157617,0.19797328429572134,0.24664407316658288,0.19703960388990868
2.7880001068115234,direct_px4_equiv,1,1,14,0,0,0,0,1,-0.23915062844753265,0.23984737694263458,0.43297892808914185,-0.17789848148822784,0.23023605346679688,0.41524505615234375,-0.7751766850656783,-1.5677660908755515,-8.721312119674367,-1.5706489416800091,-0.0067696948535740376,0.0009479137370362878,0.41440000534057614,0.0,0.0,0.3499999999999972,0.0,0.0,0.0,0.0,0.0,-5.248401720262746,7.7802074852346665,-7.094235580772116,42.53911294133407,-0.0348796068214572,-0.044937786155663295,0.39788658110609426,19.04014896153596,19.119043968651393,5.881419726908276,0.016,0.016,hover,0.3276805281639099,0.3276805281639099,0.32698288559913635,0.32698288559913635,0.678461492061615,0.07479162514209747,0.0547071173787117,0.05939953774213791,0.05964858457446098,0.32749271392822266,0.32749271392822266,0.32668548822402954,0.32668548822402954,0.6845085620880127,0.07606427371501923,0.05775897577404976,0.0623943917453289,0.06269777566194534,1.184000015258789,0.0,0.003999948501586914,1,0,0.0439576730132103,-0.07187896966934204,0.2559048533439636,2,0.0,,4.0,3.5,8.0,3.8,3.2,4.0,0.15,0.12,3.0,3.8977669294271533,-0.014350908813409793,0.026938706475194352,0.06078239579885169,0.0439576730132103,-0.07187896966934204,0.2559048533439636,-0.0109540660149849,0.02532166879160189,0.020380878149260432,-0.0348796068214572,0.044937786155663295,-0.39788658110609426,1.0,0.9995341787565599,0.0,roll,0.0,0.0,0.0,0.0,0,nan,idle,1.2,0.00877335300174309,1,0.14555511886554776,0.16635226892710525,0.18682053045855287,0.16247082489412923,0.17664157200562466,0.18739154931601532,0.2414916133999831,0.18660915308252377
2.812000036239624,direct_px4_equiv,1,1,14,0,0,0,0,1,-0.24306121468544006,0.24416640400886536,0.44315457344055176,-0.15498203039169312,0.19978629052639008,0.4090003967285156,-0.6963423654366133,-1.4162949470814874,-9.09375160419726,-1.4194893397335884,-0.0067696948535740376,0.0009479137370362878,0.42279998064041135,0.0,0.0,0.3499999999999972,0.0,0.0,0.0,0.0,0.0,-5.248401720262746,7.364799202501781,-6.58848967512307,42.624039675223,-0.026316519205951447,-0.09766438142689736,0.43379887614436713,19.026352895325505,19.10669074105796,5.817428054751678,0.02,0.02,hover,0.32757139205932617,0.32757139205932617,0.3268607258796692,0.3268607258796692,0.6747604608535767,0.07206108421087265,0.05021726340055466,0.055156413465738297,0.05539168417453766,0.3278718590736389,0.3278718590736389,0.32715657353401184,0.32715657353401184,0.6788286566734314,0.07463853806257248,0.05450710281729698,0.059191685169935226,0.059445977210998535,1.2079999446868896,0.0,0.003999948501586914,1,0,0.03297725319862366,-0.1123742014169693,0.27780699729919434,2,0.0,,4.0,3.5,8.0,3.8,3.2,4.0,0.15,0.12,3.0,4.1644601241825985,-0.012974927012628075,0.024296284192593845,0.06724517526634811,0.03297725319862366,-0.1123742014169693,0.27780699729919434,-0.011281602634601078,0.025932808176873257,0.021928625913655016,-0.026316519205951447,0.09766438142689736,-0.43379887614436713,1.0,0.999620670904874,0.0,roll,0.0,0.0,0.0,0.0,0,nan,idle,1.2,0.011834315999294631,1,0.1461427178215147,0.16385463773924927,0.19312417481394942,0.16145904229109162,0.16214446630442939,0.1740181107360371,0.23267508242277332,0.1732789888938902
2.8359999656677246,direct_px4_equiv,1,1,14,0,0,0,0,1,-0.2453044354915619,0.24654942750930786,0.44983577728271484,-0.13904502987861633,0.1789369285106659,0.40019628405570984,-0.635744681295962,-1.2630661750913634,-9.49948103036693,-1.266549447022309,-0.0067696948535740376,0.0009479137370362878,0.43119995594024657,0.0,0.0,0.3499999999999972,0.0,0.0,0.0,0.0,0.0,-5.248401720262746,7.050212477388047,-6.220075513614392,42.87213789681711,-0.03592339270716554,-0.10891413533469811,0.48478869664573104,19.052327249224128,19.191256468552496,5.83135644478172,0.012,0.012,hover,0.3283178210258484,0.3283178210258484,0.32709065079689026,0.32709065079689026,0.6755677461624146,0.07026365399360657,0.04614982381463051,0.05181217938661575,0.052193399518728256,0.3278402090072632,0.3278402090072632,0.3266245424747467,0.3266245424747467,0.6732948422431946,0.07033072412014008,0.04702933132648468,0.05230962112545967,0.052691489458084106,1.2319998741149902,0.0,0.003999948501586914,1,0,0.03869592770934105,-0.11859509348869324,0.31157323718070984,2,0.0,,4.0,3.5,8.0,3.8,3.2,4.0,0.15,0.12,3.0,4.486627917573176,-0.011905060475878337,0.021617201548263517,0.07429488759617942,0.03869592770934105,-0.11859509348869324,0.31157323718070984,-0.011578392236775537,0.026478587436457795,0.023640058078816327,-0.03592339270716554,0.10891413533469811,-0.48478869664573104,1.0,0.9996954830768391,0.0,roll,0.0,0.0,0.0,0.0,0,nan,idle,1.2,0.016645821000565775,1,0.14601237950012028,0.1548838192811341,0.19718663322008226,0.1534099984059913,0.14901128213257708,0.16397040560995785,0.22687143193658924,0.16277275669098346
2.8560001850128174,direct_px4_equiv,1,1,14,0,0,0,0,1,-0.24784770607948303,0.2490306943655014,0.45968037843704224,-0.11396407335996628,0.14814333617687225,0.3991149663925171,-0.5662293566827358,-1.1214071234909748,-9.863257868048118,-1.1250533835134067,-0.0067696948535740376,0.0009479137370362878,0.43820003271102903,0.0,0.0,0.35,0.0,0.0,0.0,0.0,0.0,-5.248401720262746,6.57349779612529,-5.704224268432369,42.819274586999335,-0.08445507634863425,-0.13604582349215633,0.5,18.89221166467138,19.184149035362665,5.780797762668924,0.012,0.012,hover,0.32825514674186707,0.32825514674186707,0.3256707787513733,0.3256707787513733,0.6726327538490295,0.06653553247451782,0.04207164794206619,0.04749929532408714,0.04823891818523407,0.3268343210220337,0.3268343210220337,0.3256918787956238,0.3256918787956238,0.6736353039741516,0.06740650534629822,0.04254100099205971,0.048379044979810715,0.0487113855779171,1.252000093460083,0.0,0.004000186920166016,1,0,0.07601295411586761,-0.1390286684036255,0.33404234051704407,2,0.0,,4.0,3.5,8.0,3.8,3.2,4.0,0.15,0.12,3.0,4.788042588770005,-0.010662020796505918,0.019157961165275968,0.08061446671621009,0.07601295411586761,-0.1390286684036255,0.33404234051704407,-0.011801901511215332,0.026881997896063235,0.025201304424813477,-0.08445507634863425,0.13604582349215633,-0.5,1.0,0.9997596469163552,0.0,roll,0.0,0.0,0.0,0.0,0,nan,idle,1.2,0.016661090005072765,1,0.1462337599218462,0.16087515887164364,0.20112122287776948,0.14832536334813023,0.135843419427305,0.15154703332708222,0.2148338652104183,0.14922343739177504
2.880000114440918,direct_px4_equiv,1,1,14,0,0,0,0,1,-0.2502853274345398,0.2510809600353241,0.475643515586853,-0.07014487683773041,0.10017582029104233,0.38619667291641235,-0.5212700575433129,-0.929782806125246,-10.320132834621136,-0.9334366625909143,-0.0067696948535740376,0.0009479137370362878,0.44660000801086425,0.0,0.0,0.35,0.0,0.0,0.0,0.0,0.0,-5.248401720262746,5.742902354453062,-4.957655566787461,42.81539485788678,-0.02361198028158163,-0.15693418088678993,0.5,18.88318214145755,18.99178070339352,5.739063731858533,0.016,0.016,hover,0.32655444741249084,0.32655444741249084,0.3255905508995056,0.3255905508995056,0.6702003479003906,0.06006654351949692,0.0350474938750267,0.04166502505540848,0.04190603643655777,0.3269302248954773,0.3269302248954773,0.3255166709423065,0.3255166709423065,0.6722571849822998,0.06431838124990463,0.039393339306116104,0.0453520268201828,0.045737508684396744,1.2760000228881836,0.0,0.003999948501586914,1,0,0.02345440909266472,-0.1510748714208603,0.3388400077819824,2,0.0,,4.0,3.5,8.0,3.8,3.2,4.0,0.15,0.12,3.0,5.1866012597190245,-0.00980661633231187,0.01580901574117094,0.08855943362008932,0.02345440909266472,-0.1510748714208603,0.3388400077819824,-0.012045584256756238,0.027294881937875836,0.027246535112552032,-0.02361198028158163,0.15693418088678993,-0.5,1.0,0.9998269526336561,0.0,roll,0.0,0.0,0.0,0.0,0,nan,idle,1.2,0.0007020429984549992,1,0.1377739792203754,0.1420323082588424,0.19935310456383015,0.136664923896928,0.11316342512430588,0.13165169128299628,0.19394641019472555,0.13089454048186358
2.9040000438690186,direct_px4_equiv,1,1,14,0,0,0,0,1,-0.25050339102745056,0.25105932354927063,0.4818280339241028,-0.05226422846317291,0.08237588405609131,0.38538670539855957,-0.4592113573136951,-0.7505286259659519,-10.79855417486327,-0.7540631837974083,-0.0067696948535740376,0.0009479137370362878,0.4549999833106994,0.0,0.0,0.3499999999999972,0.0,0.0,0.0,0.0,0.0,-5.248401720262746,5.344452836353625,-4.6216671300401,42.930137112955755,-0.025884356559451593,-0.1440625757434418,0.5,18.87461340331345,18.986766493268117,5.764733040298451,0.012,0.012,hover,0.3265100121498108,0.3265100121498108,0.32551437616348267,0.32551437616348267,0.6716974973678589,0.056680891662836075,0.031710345298051834,0.0388370156288147,0.03906894847750664,0.3270048499107361,0.3270048499107361,0.3260208070278168,0.3260208070278168,0.6727873682975769,0.0594622865319252,0.03452398255467415,0.04112807661294937,0.041370611637830734,1.2999999523162842,0.0,0.003999948501586914,1,0,0.024425994604825974,-0.13649939000606537,0.3512735068798065,2,0.0,,4.0,3.5,8.0,3.8,3.2,4.0,0.15,0.12,3.0,5.622378968431613,-0.008639348337279543,0.01269560781153358,0.09688015394804601,0.024425994604825974,-0.13649939000606537,0.3512735068798065,-0.012263117834710315,0.02762904275998045,0.029488082125763045,-0.025884356559451593,0.1440625757434418,-0.5,1.0,0.9998820915943593,0.0,roll,0.0,0.0,0.0,0.0,0,nan,idle,1.2,0.004538065004453529,1,0.13147052938628104,0.12804158355120074,0.1987491681626106,0.12303290824827402,0.10238824084172392,0.1227387161352012,0.18301461920208936,0.12201007970395313
2.927999973297119,direct_px4_equiv,1,1,14,0,0,0,0,1,-0.2502257823944092,0.2504843771457672,0.4911014437675476,-0.0252530574798584,0.05777193605899811,0.38482511043548584,-0.4106612562771249,-0.5889926868850011,-11.28541060212108,-0.5922771291506636,-0.0067696948535740376,0.0009479137370362878,0.4633999586105346,0.0,0.0,0.3499999999999972,0.0,0.0,0.0,0.0,0.0,-5.248401720262746,4.794246699843073,-4.203882135455365,42.92613563153918,-0.013733349798826401,-0.11575814828693876,0.5,18.81898009028064,18.88951230486413,5.791692197818771,0.016,0.016,hover,0.3256467878818512,0.3256467878818512,0.32501938939094543,0.32501938939094543,0.6732662916183472,0.05229489877820015,0.02718709222972393,0.03549361974000931,0.035627201199531555,0.32678672671318054,0.32678672671318054,0.32565486431121826,0.32565486431121826,0.6745835542678833,0.05633921921253204,0.03144024685025215,0.03857087343931198,0.0388326570391655,1.3239998817443848,0.0,0.003999948501586914,1,0,0.01467735692858696,-0.10917439311742783,0.35332417488098145,2,0.0,,4.0,3.5,8.0,3.8,3.2,4.0,0.15,0.12,3.0,6.081614945366941,-0.007698653497271834,0.009888070373237016,0.10535167269569425,0.01467735692858696,-0.10917439311742783,0.35332417488098145,-0.01245833331928438,0.027894523601173074,0.031931220273696305,-0.013733349798826401,0.11575814828693876,-0.5,1.0,0.9999214783939868,0.0,roll,0.0,0.0,0.0,0.0,0,nan,idle,1.2,0.008450759996776469,1,0.12756874786884187,0.12192395122765673,0.19568747315418936,0.1171412550848831,0.08778329204261366,0.11192615890174434,0.16885286550154593,0.11150648979450135
2.952000141143799,direct_px4_equiv,1,1,14,0,0,0,0,1,-0.24956479668617249,0.2496570497751236,0.49719274044036865,-0.007334045134484768,0.04269429296255112,0.3826914429664612,-0.3888567597321817,-0.4304100728190088,-11.774644761328581,-0.43321717477446375,-0.0067696948535740376,0.0009479137370362878,0.47180001735687255,0.0,0.0,0.35,0.0,0.0,0.0,0.0,0.0,-5.248401720262746,4.397407486964237,-3.9447105892542793,43.057397399224165,-0.013182955629137103,-0.1129882505011762,0.5,18.842182729348107,18.904761253836,5.806508158319761,0.02,0.02,hover,0.32578229904174805,0.32578229904174805,0.32522591948509216,0.32522591948509216,0.6741268634796143,0.048899877816438675,0.023842060938477516,0.033270176500082016,0.033381082117557526,0.32583746314048767,0.32583746314048767,0.32520341873168945,0.32520341873168945,0.6736096739768982,0.052106454968452454,0.027030939236283302,0.03532954305410385,0.035463832318782806,1.3480000495910645,0.0,0.004000186920166016,1,0,0.013926710933446884,-0.10338075459003448,0.35402438044548035,2,0.0,,4.0,3.5,8.0,3.8,3.2,4.0,0.15,0.12,3.0,6.553397602168951,-0.007203359893754221,0.007113519382605839,0.11386686818931568,0.013926710933446884,-0.10338075459003448,0.35402438044548035,-0.012634806794803095,0.028094586398944597,0.03457907252158509,-0.013182955629137103,0.1129882505011762,-0.5,1.0,0.9999487547247969,0.0,roll,0.0,0.0,0.0,0.0,0,nan,idle,1.2,0.012684414999966975,1,0.12126716623347925,0.10800215852002108,0.19089938412678656,0.10453001545734959,0.07698265598410224,0.10486975869493247,0.15789081185840023,0.10452134709212346
2.9760000705718994,direct_px4_equiv,1,1,14,0,0,0,0,1,-0.24787063896656036,0.2478429526090622,0.5062257647514343,0.019365407526493073,0.02150413766503334,0.37632784247398376,-0.34850604455788664,-0.30255848257454115,-12.265824653639543,-0.30484192228093676,-0.0067696948535740376,0.0009479137370362878,0.4801999926567077,0.0,0.0,0.3499999999999972,0.0,0.0,0.0,0.0,0.0,-5.248401720262746,3.8576857298010303,-3.589769659863262,43.15686634712319,-0.058185152973036884,-0.11181289384058037,0.5,18.77744904348166,18.966839994949794,5.8124941314626355,0.012,0.012,hover,0.32633331418037415,0.32633331418037415,0.3246493935585022,0.3246493935585022,0.67447429895401,0.04421393945813179,0.019419947639107704,0.03016769140958786,0.03047289326786995,0.3251199722290039,0.3251199722290039,0.32475483417510986,0.32475483417510986,0.673337996006012,0.044808048754930496,0.019671853631734848,0.030699223279953003,0.030766423791646957,1.371999979019165,0.0,0.003999948501586914,1,0,0.05059923976659775,-0.10050393640995026,0.3532272279262543,2,0.0,,4.0,3.5,8.0,3.8,3.2,4.0,0.15,0.12,3.0,7.033483176702721,-0.006394319496939034,0.004898459394778069,0.12241565386446149,0.05059923976659775,-0.10050393640995026,0.3532272279262543,-0.012797384795402482,0.028233924712576738,0.0374318270923802,-0.058185152973036884,0.11181289384058037,-0.5,1.0,0.9999675588864226,0.0,roll,0.0,0.0,0.0,0.0,0,nan,idle,1.2,0.016590899002039805,1,0.1125021159354891,0.10678382459900923,0.1822795445554715,0.10089225813389863,0.06270427703104021,0.095733420075876,0.14276057890071764,0.09477459917736476
3.0,direct_px4_equiv,1,1,14,0,0,0,0,1,-0.2433614581823349,0.24351650476455688,0.5210817456245422,0.0617414228618145,-0.008607476949691772,0.37038129568099976,-0.3244864242456629,-0.207066840185162,-12.748214136753077,-0.2088534846224874,-0.0067696948535740376,0.0009479137370362878,0.4885999679565429,0.0,0.0,0.3499999999999972,0.0,0.0,0.0,0.0,0.0,-5.248401720262746,3.039064102429862,-3.1276982400745856,43.03563385963587,-0.00508576295249866,-0.06939727170185504,0.5,18.734030297797094,18.749893694284165,5.837258929637841,0.016,0.016,hover,0.32440370321273804,0.32440370321273804,0.3242621421813965,0.3242621421813965,0.6759095788002014,0.03783838078379631,0.012644127011299133,0.026579756289720535,0.02660231478512287,0.3250199854373932,0.3250199854373932,0.32457321882247925,0.32457321882247925,0.6752365231513977,0.0418369397521019,0.016725244000554085,0.028828533366322517,0.02890576608479023,1.3959999084472656,0.0,0.003999948501586914,1,0,0.00808502733707428,-0.0620618611574173,0.3416377007961273,2,0.0,,4.0,3.5,8.0,3.8,3.2,4.0,0.15,0.12,3.0,7.510256059651534,-0.005887573971144429,0.003235853303267018,0.13081247512061997,0.00808502733707428,-0.0620618611574173,0.3416377007961273,-0.012945321414482845,0.02832783067869137,0.04048741637149945,-0.00508576295249866,0.06939727170185504,-0.5,1.0,0.9999774328626799,0.0,roll,0.0,0.0,0.0,0.0,0,nan,idle,1.2,0.0014233710026019253,1,0.09731000397531477,0.08343589240266483,0.17068623359095206,0.07951479083450692,0.04082610415521168,0.08357363814315666,0.12217479474388727,0.08350276557707549
3.0240001678466797,direct_px4_equiv,1,1,14,0,0,0,0,1,-0.24108083546161652,0.24149703979492188,0.5269340872764587,0.07799267768859863,-0.018983401358127594,0.36778509616851807,-0.31513406092773955,-0.1181946397866926,-13.21664454217682,-0.11934690369082089,-0.0067696948535740376,0.0009479137370362878,0.49700002670288085,0.0,0.0,0.35,0.0,0.0,0.0,0.0,0.0,-5.248401720262746,2.6968912388429604,-2.95989546219649,43.171141460145186,0.002155087702962995,-0.06939732382200921,0.5,18.789843565257186,18.776287474346994,5.849976743300642,0.012,0.012,hover,0.32463905215263367,0.32463905215263367,0.3247598707675934,0.3247598707675934,0.6766455173492432,0.034920286387205124,0.009771088138222694,0.025115249678492546,0.025097092613577843,0.3253704011440277,0.3253704011440277,0.3245066702365875,0.3245066702365875,0.6764316558837891,0.037413544952869415,0.01242219377309084,0.0262919869273901,0.026428211480379105,1.4200000762939453,0.0,0.004000186920166016,1,0,0.0019745873287320137,-0.05996950715780258,0.3288590908050537,2,0.0,,4.0,3.5,8.0,3.8,3.2,4.0,0.15,0.12,3.0,7.975661873544158,-0.005630153464206603,0.0016757442660450764,0.13896509789765105,0.0019745873287320137,-0.05996950715780258,0.3288590908050537,-0.013082215499807575,0.02838223247498655,0.04374174399423065,0.002155087702962995,0.06939732382200921,-0.5,1.0,0.9999827466277613,0.0,roll,0.0,0.0,0.0,0.0,0,nan,idle,1.2,0.004783373005921021,1,0.08789969786935384,0.08534503428576488,0.16379603907477883,0.07539332117438326,0.03154946670530145,0.07884483923870286,0.11275268847914427,0.07890188196015435
3.0480000972747803,direct_px4_equiv,1,1,14,0,0,0,0,1,-0.23698733747005463,0.238025963306427,0.5356766581535339,0.10094224661588669,-0.033655863255262375,0.3644203543663025,-0.3110165810474186,-0.02974466141847312,-13.66882293627801,-0.030068796817587954,-0.0067696948535740376,0.0009479137370362878,0.5054000020027161,0.0,0.0,0.35,0.0,0.0,0.0,0.0,0.0,-5.248401720262746,2.213148626572404,-2.7373333567049873,43.215578945047305,0.013731219660399255,-0.05224858488354928,0.5,18.80056150570253,18.74121972705886,5.870166627427644,0.016,0.016,hover,0.3243263065814972,0.3243263065814972,0.32485535740852356,0.32485535740852356,0.6778121590614319,0.030939819291234016,0.005764779169112444,0.023266805335879326,0.02319323644042015,0.3250134587287903,0.3250134587287903,0.32514598965644836,0.32514598965644836,0.6773285865783691,0.03466247767210007,0.009570671245455742,0.025051075965166092,0.025031231343746185,1.444000005722046,0.0,0.003999948501586914,1,0,-0.006905604153871536,-0.04354270175099373,0.31573423743247986,2,0.0,,4.0,3.5,8.0,3.8,3.2,4.0,0.15,0.12,3.0,8.426286101182518,-0.0054517210108624495,0.00011921889273004753,0.14683271593823652,-0.006905604153871536,-0.04354270175099373,0.31573423743247986,-0.013216839254736278,0.028399605499294066,0.04718750600212824,0.013731219660399255,0.05224858488354928,-0.5,1.0,0.9999851322612169,0.0,roll,0.0,0.0,0.0,0.0,0,nan,idle,1.2,0.008594277998781763,1,0.07853626443712104,0.08096177635812442,0.15440648425882064,0.07260899566605918,0.01861365971031667,0.07286370130631971,0.09990031600733144,0.07309482641577958
3.072000026702881,direct_px4_equiv,1,1,14,0,0,0,0,1,-0.2339114248752594,0.2355249673128128,0.5414537787437439,0.11566413938999176,-0.04275372996926308,0.36342641711235046,-0.31535027602203586,0.02227766305531069,-14.101147387347948,0.022546251224956133,-0.0067696948535740376,0.0009479137370362878,0.5137999773025512,0.0,0.0,0.3499999999999833,0.0,0.0,0.0,0.0,0.0,-5.248401720262746,1.906610350735562,-2.6028419653399437,43.3211750502266,0.017575269296391006,-0.05159884106000985,0.5,18.84437268613892,18.76608887200534,5.880247690212413,0.02,0.02,hover,0.3245481252670288,0.3245481252670288,0.3252454102039337,0.3252454102039337,0.6783939003944397,0.028343284502625465,0.0032245663460344076,0.02209240011870861,0.022000476717948914,0.3245137929916382,0.3245137929916382,0.3250468075275421,0.3250468075275421,0.6781654357910156,0.030848044902086258,0.005701812915503979,0.023238861933350563,0.02316487580537796,1.4679999351501465,0.0,0.003999948501586914,1,0,-0.009916513226926327,-0.04178165644407272,0.3022744655609131,2,0.0,,4.0,3.5,8.0,3.8,3.2,4.0,0.15,0.12,3.0,8.858316416694642,-0.005457469043339672,-0.0008124364141747472,0.1543542641908798,-0.009916513226926327,-0.04178165644407272,0.3022744655609131,-0.01334801848087884,0.028388428294545635,0.05081730238847649,0.017575269296391006,0.05159884106000985,-0.5,1.0,0.9999847779895671,0.0,roll,0.0,0.0,0.0,0.0,0,nan,idle,1.2,0.01266851500258781,1,0.06867785921752236,0.07313077157656882,0.14225645507245435,0.07671398850646538,0.010411670754387398,0.06911653419383934,0.09151647195572118,0.06940532065940937
3.0959999561309814,direct_px4_equiv,1,1,14,0,0,0,0,1,-0.22882181406021118,0.23152481019496918,0.5500929355621338,0.13529419898986816,-0.055907487869262695,0.359641969203949,-0.3133539397226042,0.04738764442068738,-14.515648907796457,0.048014329139665995,-0.0067696948535740376,0.0009479137370362878,0.5221999526023865,0.0,0.0,0.35,0.0,0.0,0.0,0.0,0.0,-5.248401720262746,1.5018204981329069,-2.4039471637397525,43.372663081575105,0.009175208095457984,-0.024606660085846114,0.5,18.82822291063026,18.766693708565754,5.915535279525705,0.012,0.012,hover,0.324553519487381,0.324553519487381,0.32510167360305786,0.32510167360305786,0.6804264187812805,0.024972829967737198,-0.00010986557754222304,0.02040114998817444,0.020334389060735703,0.32396751642227173,0.32396751642227173,0.3246115744113922,0.3246115744113922,0.6789616942405701,0.025071393698453903,-0.00010011621634475887,0.020507099106907845,0.020428147166967392,1.491999864578247,0.0,0.003999948501586914,1,0,-0.0018095741979777813,-0.018888019025325775,0.2857101261615753,2,0.0,,4.0,3.5,8.0,3.8,3.2,4.0,0.15,0.12,3.0,9.272523183779743,-0.0053843619464399054,-0.0012661750338166823,0.16156485336841186,-0.0018095741979777813,-0.018888019025325775,0.2857101261615753,-0.01347815240468456,0.028362384913562456,0.054623589157041054,0.009175208095457984,0.024606660085846114,-0.5,1.0,0.9999847027243083,0.0,roll,0.0,0.0,0.0,0.0,0,nan,idle,1.2,0.016739876999054104,1,0.059410978833722504,0.07100180886038401,0.13337715724749113,0.0729100384697364,-0.0003547404698727228,0.06388237014069031,0.08063374786646281,0.06409210411993685
3.116000175476074,direct_px4_equiv,1,1,14,0,0,0,0,1,-0.22501417994499207,0.2286573350429535,0.5558069944381714,0.14760051667690277,-0.06448620557785034,0.35549697279930115,-0.31131527214030685,0.06934181159871973,-14.846286452116928,0.07032621689924116,-0.0067696948535740376,0.0009479137370362878,0.5292000293731689,0.0,0.0,0.3499999999999889,0.0,0.0,0.0,0.0,0.0,-5.248401720262746,1.2347665940016093,-2.272465853765131,43.48669215946703,0.009278456232362873,-0.029407197359959183,0.5,18.876739907842087,18.80911857461822,5.920347782972821,0.012,0.012,hover,0.3249315619468689,0.3249315619468689,0.32553327083587646,0.32553327083587646,0.6807031035423279,0.022701526060700417,-0.002304309280589223,0.019240375608205795,0.019171368330717087,0.32434743642807007,0.32434743642807007,0.3249647915363312,0.3249647915363312,0.6797276139259338,0.022755339741706848,-0.0023381756618618965,0.019346538931131363,0.019275225698947906,1.5120000839233398,0.0,0.004000186920166016,1,0,-0.002104894956573844,-0.0223915483802557,0.273434579372406,2,0.0,,4.0,3.5,8.0,3.8,3.2,4.0,0.15,0.12,3.0,9.602982644867284,-0.005313173239139505,-0.0016605565182885196,0.16731498505976364,-0.002104894956573844,-0.0223915483802557,0.273434579372406,-0.013585387639962575,0.02833034188814582,0.05792415305761232,0.009278456232362873,0.029407197359959183,-0.5,1.0,0.9999845063722922,0.0,roll,0.0,0.0,0.0,0.0,0,nan,idle,1.2,0.01694133400451392,1,0.04990340546987617,0.07534125995177804,0.12286454703758423,0.07685136444040487,-0.007440289752611241,0.06022862890694917,0.07330003081442561,0.060445422618769756
3.140000104904175,direct_px4_equiv,1,1,14,0,0,0,0,1,-0.21465522050857544,0.2210521548986435,0.569948673248291,0.17380861937999725,-0.08527752757072449,0.3522350490093231,-0.30482126810866605,0.0813108146800281,-15.223524857726762,0.08255882719590774,-0.0067696948535740376,0.0009479137370362878,0.5376000046730041,0.0,0.0,0.3499999999999833,0.0,0.0,0.0,0.0,0.0,-5.248401720262746,0.630690870056911,-1.9456022485308635,43.330761039466275,0.012529914218461289,-0.0456370763151059,0.5,18.819181345402068,18.730279709441707,5.867739680285556,0.016,0.016,hover,0.3242286741733551,0.3242286741733551,0.3250211775302887,0.3250211775302887,0.6776720285415649,0.017774583771824837,-0.007288191467523575,0.016539614647626877,0.016461411491036415,0.32450440526008606,0.32450440526008606,0.32493260502815247,0.32493260502815247,0.6827312707901001,0.020709222182631493,-0.004347936250269413,0.01818164810538292,0.018135150894522667,1.5360000133514404,0.0,0.003999948501586914,1,0,-0.005519411992281675,-0.035587918013334274,0.2626596987247467,2,0.0,,4.0,3.5,8.0,3.8,3.2,4.0,0.15,0.12,3.0,9.97988344043793,-0.005176603452173068,-0.0018762911667663438,0.17387455784420522,-0.005519411992281675,-0.035587918013334274,0.2626596987247467,-0.013711183970357931,0.028286300809714043,0.06203223864726176,0.012529914218461289,0.0456370763151059,-0.5,1.0,0.9999848411527167,0.0,roll,0.0,0.0,0.0,0.0,0,nan,idle,1.2,0.0008337390027008951,1,0.03149906037833385,0.07508335116768493,0.10393037659171725,0.07676497851157267,-0.02353254418711723,0.05171504855199553,0.05739162790592975,0.05196073013401136
3.1640000343322754,direct_px4_equiv,1,1,14,0,0,0,0,1,-0.20787888765335083,0.2161555290222168,0.5783290863037109,0.18707475066184998,-0.0959373265504837,0.34748008847236633,-0.2581686058415814,0.06417684438697799,-15.582517729391009,0.06523506135753444,-0.0067696948535740376,0.0009479137370362878,0.5459999799728393,0.0,0.0,0.35,0.0,0.0,0.0,0.0,0.0,-5.248401720262746,0.3236715135048247,-1.7397462923023097,43.40949897658243,-0.026901112436985414,0.023929916919580334,0.5,18.746047627998884,18.772076959287062,5.963764680281271,0.012,0.012,hover,0.32460150122642517,0.32460150122642517,0.3243693709373474,0.3243693709373474,0.6831945180892944,0.015191107988357544,-0.009854607284069061,0.014755342155694962,0.014775844290852547,0.3246552348136902,0.3246552348136902,0.32511889934539795,0.32511889934539795,0.682700514793396,0.017791323363780975,-0.007221132051199675,0.01627987250685692,0.016234830021858215,1.559999942779541,0.0,0.003999948501586914,1,0,0.028782803565263748,0.02136032097041607,0.24919730424880981,2,0.0,,4.0,3.5,8.0,3.8,3.2,4.0,0.15,0.12,3.0,10.337385900812631,-0.00438670165458143,-0.001521342724759759,0.1801169753299584,0.028782803565263748,0.02136032097041607,0.24919730424880981,-0.013822876603158427,0.028245080006450873,0.06629351077912249,-0.026901112436985414,-0.023929916919580334,-0.5,1.0,0.9999892211830878,0.0,roll,0.0,0.0,0.0,0.0,0,nan,idle,1.2,0.004590812997776084,1,0.022455589282456744,0.06230207629079608,0.09681217365512419,0.06431459550333336,-0.03181913772336399,0.04641968486105078,0.04904994747483627,0.046355273226897344
3.187999963760376,direct_px4_equiv,1,1,14,0,0,0,0,1,-0.20321598649024963,0.21282288432121277,0.5838744640350342,0.1951327919960022,-0.1016475185751915,0.3449559509754181,-0.23934430944567436,0.034902355528728835,-15.916861079947173,0.035516264343045806,-0.0067696948535740376,0.0009479137370362878,0.5543999552726745,0.0,0.0,0.3499999999999833,0.0,0.0,0.0,0.0,0.0,-5.248401720262746,0.1501865384438638,-1.6343739398964654,43.54887390380426,-0.004917560269659866,0.0215105951576171,0.5,18.840927089231467,18.797577397199188,5.976716228942567,0.016,0.016,hover,0.32482877373695374,0.32482877373695374,0.3252147436141968,0.3252147436141968,0.6839359402656555,0.013736452907323837,-0.01123166736215353,0.013842246495187283,0.013810377568006516,0.32497939467430115,0.32497939467430115,0.32473790645599365,0.32473790645599365,0.6839765906333923,0.01522136852145195,-0.009768053889274597,0.014676966704428196,0.01469816081225872,1.5839998722076416,0.0,0.003999948501586914,1,0,0.009959300048649311,0.019013017416000366,0.2327292114496231,2,0.0,,4.0,3.5,8.0,3.8,3.2,4.0,0.15,0.12,3.0,10.671119294033483,-0.004102621826719446,-0.000994870400915905,0.18592917956999724,0.009959300048649311,0.019013017416000366,0.2327292114496231,-0.0139236673420292,0.028214695007749407,0.07069852339297246,-0.004917560269659866,-0.0215105951576171,-0.5,1.0,0.9999910893646224,0.0,roll,0.0,0.0,0.0,0.0,0,nan,idle,1.2,0.008935284997278359,1,0.013231071074581347,0.05547308612759728,0.08898358967100808,0.05817278203220512,-0.03626547157395952,0.04338658074286139,0.04435307178718673,0.043486698964982966
3.2080001831054688,direct_px4_equiv,1,1,14,0,0,0,0,1,-0.19589796662330627,0.20770424604415894,0.5921493768692017,0.20561490952968597,-0.10899976640939713,0.3450549840927124,-0.216448413572942,0.011493434201854835,-16.173368857286768,0.01170558298193303,-0.0067696948535740376,0.0009479137370362878,0.561400032043457,0.0,0.0,0.35,0.0,0.0,0.0,0.0,0.0,-5.248401720262746,-0.11180635861881592,-1.4942738850078965,43.494024117707404,0.00435751025991703,0.021590471952303607,0.5,18.833012901253568,18.756552211105532,5.964901848699007,0.016,0.016,hover,0.3244630694389343,0.3244630694389343,0.32514432072639465,0.32514432072639465,0.6832596659660339,0.011597882956266403,-0.013392288237810135,0.012682715430855751,0.012631197459995747,0.3250168263912201,0.3250168263912201,0.3254033327102661,0.3254033327102661,0.684309184551239,0.013712838292121887,-0.011227179318666458,0.013833660632371902,0.013801785185933113,1.6040000915527344,0.0,0.004000186920166016,1,0,0.0017151189967989922,0.018666187301278114,0.21650832891464233,2,0.0,,4.0,3.5,8.0,3.8,3.2,4.0,0.15,0.12,3.0,10.927089499398475,-0.003741483809425401,-0.0005593045887329171,0.19038721490271662,0.0017151189967989922,0.018666187301278114,0.21650832891464233,-0.014003914597895656,0.02819815724591348,0.07447109224560448,0.00435751025991703,-0.021590471952303607,-0.5,1.0,0.9999928442380511,0.0,roll,0.0,0.0,0.0,0.0,0,nan,idle,1.2,0.008429450004769024,1,0.004665075817180476,0.05884589526630932,0.08083133143798829,0.06171424045477651,-0.043241812160312885,0.03968207659907956,0.03744793074672572,0.03984392523072314
3.2320001125335693,direct_px4_equiv,1,1,14,0,0,0,0,1,-0.19089755415916443,0.20424585044384003,0.5976110696792603,0.21170254051685333,-0.11298432946205139,0.34061330556869507,-0.19297499700108028,-0.023962692205142196,-16.4526763435881,-0.024428275284060955,-0.0067696948535740376,0.0009479137370362878,0.5698000073432922,0.0,0.0,0.3499999999999833,0.0,0.0,0.0,0.0,0.0,-5.248401720262746,-0.2529826236412662,-1.4095949193123578,43.6711635077044,-0.0210060306515369,0.039809849762847585,0.5,18.860241638659062,18.85819203270134,6.010394335454451,0.02,0.02,hover,0.32536834478378296,0.32536834478378296,0.32538655400276184,0.32538655400276184,0.6858602166175842,0.01037344615906477,-0.01453288085758686,0.011899139732122421,0.01189784612506628,0.3254275918006897,0.3254275918006897,0.32436320185661316,0.32436320185661316,0.6848686337471008,0.01157424971461296,-0.013411438092589378,0.012532305903732777,0.012612241320312023,1.628000020980835,0.0,0.003999948501586914,1,0,0.022837616503238678,0.032756246626377106,0.20115770399570465,2,0.0,,4.0,3.5,8.0,3.8,3.2,4.0,0.15,0.12,3.0,11.205997600003359,-0.0033927879236061056,8.744109410171269e-05,0.19524048112456321,0.022837616503238678,0.032756246626377106,0.20115770399570465,-0.014086656891006633,0.028194468202545436,0.0791095987926537,-0.0210060306515369,-0.039809849762847585,-0.5,1.0,0.9999942406717637,0.0,roll,0.0,0.0,0.0,0.0,0,nan,idle,1.2,0.012553430002299137,1,-0.0026744682602892985,0.04542660258142606,0.07514098184172836,0.04849277629891488,-0.04692462455673783,0.03737818504018588,0.03349439586169037,0.03738224938817089
3.25600004196167,direct_px4_equiv,1,1,14,0,0,0,0,1,-0.18579328060150146,0.20077505707740784,0.6030450463294983,0.2174217700958252,-0.11541857570409775,0.33931469917297363,-0.18651413085648325,-0.08068448437325965,-16.69943530611163,-0.08232313353699358,-0.0067696948535740376,0.0009479137370362878,0.5781999826431274,0.0,0.0,0.35,0.0,0.0,0.0,0.0,0.0,-5.248401720262746,-0.36777573085415693,-1.3630673963521218,43.793170490286094,0.004857424047077014,0.04921041032011093,0.5,18.947804718262844,18.8647544981918,6.037337096617746,0.012,0.012,hover,0.32542669773101807,0.32542669773101807,0.32616445422172546,0.32616445422172546,0.6873957514762878,0.00942597072571516,-0.015404789708554745,0.011502197943627834,0.011451760306954384,0.3249036967754364,0.3249036967754364,0.3255850672721863,0.3255850672721863,0.6860988736152649,0.009245214983820915,-0.01566767692565918,0.01153072714805603,0.011483944952487946,1.6519999504089355,0.0,0.003999948501586914,1,0,0.0012783461716026068,0.03964870423078537,0.16773876547813416,2,0.0,,4.0,3.5,8.0,3.8,3.2,4.0,0.15,0.12,3.0,11.452963094634496,-0.0033795301750298634,0.0010764262959381834,0.1995277663486353,0.0012783461716026068,0.03964870423078537,0.16773876547813416,-0.014167678228179896,0.02821004322408848,0.08385642424683672,0.004857424047077014,-0.04921041032011093,-0.5,1.0,0.9999937100406981,0.0,roll,0.0,0.0,0.0,0.0,0,nan,idle,1.2,0.016550643005757593,1,-0.00993020746799893,0.04054953323945234,0.0667466360391045,0.040895447746812995,-0.04973989421553959,0.03597676627141339,0.030435131226144115,0.03613521925623868
3.2799999713897705,direct_px4_equiv,1,1,14,0,0,0,0,1,-0.1779814511537552,0.19558322429656982,0.611156702041626,0.22414107620716095,-0.11817336082458496,0.33832764625549316,-0.15410670108676247,-0.13673362007985237,-16.910546336482376,-0.13961575987764302,-0.0067696948535740376,0.0009479137370362878,0.5865999579429626,0.0,0.0,0.35,0.0,0.0,0.0,0.0,0.0,-5.248401720262746,-0.539541193366226,-1.2824720474679598,43.81399181209116,-0.023480883467173627,0.04280743138367929,0.4817494512060394,18.919519642682683,18.919307027237235,6.028949981975931,0.016,0.016,hover,0.3259114921092987,0.3259114921092987,0.32591336965560913,0.32591336965560913,0.6869180798530579,0.007537723984569311,-0.01638173870742321,0.010790609754621983,0.010790488682687283,0.3246625065803528,0.3246625065803528,0.32544299960136414,0.32544299960136414,0.6868745684623718,0.007632226683199406,-0.01697401888668537,0.01103939674794674,0.010988080874085426,1.6759998798370361,0.0,0.003999948501586914,1,0,0.02401624619960785,0.032808467745780945,0.14738726615905762,2,0.0,,4.0,3.5,8.0,3.8,3.2,4.0,0.15,0.12,3.0,11.664141756344694,-0.002918203039475758,0.0021008421519896686,0.20319450355932678,0.02401624619960785,0.032808467745780945,0.14738726615905762,-0.014244260536362817,0.02824979573686077,0.08869769083816614,-0.023480883467173627,-0.04280743138367929,-0.4817494512060394,1.0,0.9999935352765147,0.0,roll,0.0,0.0,0.0,0.0,0,nan,idle,1.2,0.0006881770023028366,1,-0.023251770704801618,0.031142249259114043,0.05630512147413682,0.03041759881485249,-0.05289432750050868,0.033899320201064204,0.024338248729382294,0.03389970130811239
3.3000001907348633,direct_px4_equiv,1,1,14,0,0,0,0,1,-0.16477353870868683,0.1871148645877838,0.6244696974754333,0.2331295907497406,-0.11870891600847244,0.33357852697372437,-0.15142436001760576,-0.19207373691123986,-17.052356718222423,-0.19622315086618056,-0.0067696948535740376,0.0009479137370362878,0.5936000347137451,0.0,0.0,0.35,0.0,0.0,0.0,0.0,0.0,-5.248401720262746,-0.8136759880825385,-1.2449752178477385,43.666557252807294,0.004750747223823484,0.07106564478110772,0.45685500068669654,18.886815941510598,18.79357232187642,6.040931558492588,0.016,0.016,hover,0.3247930705547333,0.3247930705547333,0.3256228268146515,0.3256228268146515,0.687600314617157,0.004705434199422598,-0.018042152747511864,0.010545105673372746,0.010493026115000248,0.32570311427116394,0.32570311427116394,0.3253553509712219,0.3253553509712219,0.6875354647636414,0.006248670630156994,-0.01727977953851223,0.010521462187170982,0.010543297044932842,1.696000099182129,0.0,0.004000186920166016,1,0,0.0008923992863856256,0.05538545548915863,0.12363552302122116,2,0.0,,4.0,3.5,8.0,3.8,3.2,4.0,0.15,0.12,3.0,11.806734654612944,-0.0029735476985071336,0.003062788898742714,0.20565769386679902,0.0008923992863856256,0.05538545548915863,0.12363552302122116,-0.014303140069721812,0.02830370446483824,0.09279216969474052,0.004750747223823484,-0.07106564478110772,-0.45685500068669654,1.0,0.9999908886685008,0.0,roll,0.0,0.0,0.0,0.0,0,nan,idle,1.2,0.0011931510016438551,1,-0.029246819314356597,0.03114224925940181,0.05013199148563998,0.030417598815800282,-0.05825556783722202,0.032964813436052114,0.015193184033258887,0.03312842685993684
3.324000120162964,direct_px4_equiv,1,1,14,0,0,0,0,1,-0.1594637632369995,0.18384693562984467,0.6297731995582581,0.2356031984090805,-0.1177765503525734,0.3324500024318695,-0.1520376851408235,-0.27290513553131945,-17.186089095668045,-0.27893752964558705,-0.0067696948535740376,0.0009479137370362878,0.6020000100135803,0.0,0.0,0.35,0.0,0.0,0.0,0.0,0.0,-5.248401720262746,-0.8531608732004081,-1.250844295268832,43.79091693715313,0.010797942037322037,0.06562287702466305,0.42084674730444327,18.951616871272666,18.840943023715315,6.050166533256354,0.012,0.012,hover,0.3252148926258087,0.3252148926258087,0.3261982798576355,0.3261982798576355,0.688125729560852,0.003471485571935773,-0.017410222440958023,0.01056818850338459,0.01050644926726818,0.3253551423549652,0.3253551423549652,0.3262541890144348,0.3262541890144348,0.6882287859916687,0.004711200948804617,-0.017463143914937973,0.010538939386606216,0.01048265490680933,1.7200000286102295,0.0,0.003999948501586914,1,0,-0.00434148171916604,0.04913560301065445,0.0907505601644516,2,0.0,,4.0,3.5,8.0,3.8,3.2,4.0,0.15,0.12,3.0,11.942122915604815,-0.0031344654500483128,0.004461325304821811,0.20798083134874976,-0.00434148171916604,0.04913560301065445,0.0907505601644516,-0.014376878747706998,0.02839571016914601,0.097761546851458,0.010797942037322037,-0.06562287702466305,-0.42084674730444327,1.0,0.9999851358504758,0.0,roll,0.0,0.0,0.0,0.0,0,nan,idle,1.2,0.004473182998481207,1,-0.03216049152608885,0.031142249259550135,0.045501938531123075,0.030417598816661524,-0.056215152591166696,0.033006984496092476,0.011208937632757189,0.033200942350159565
3.3480000495910645,direct_px4_equiv,1,1,14,0,0,0,0,1,-0.15145142376422882,0.1791037619113922,0.6376753449440002,0.23834502696990967,-0.11614260822534561,0.3302929699420929,-0.1513438134560807,-0.3526808058449197,-17.280881068259635,-0.3606030840156732,-0.0067696948535740376,0.0009479137370362878,0.6103999853134154,0.0,0.0,0.3499999999999833,0.0,0.0,0.0,0.0,0.0,-5.248401720262746,-0.9333628204074914,-1.257608263294053,43.84141253277727,0.009099120196986747,0.06736861821927514,0.39674361259892305,18.970792335782633,18.864123213699674,6.057975575416893,0.016,0.016,hover,0.3254210948944092,0.3254210948944092,0.3263683617115021,0.3263683617115021,0.6885696649551392,0.002208538120612502,-0.017451275140047073,0.01061229594051838,0.0105526028200984,0.32558679580688477,0.32558679580688477,0.3265632092952728,0.3265632092952728,0.6889755725860596,0.003700938541442156,-0.017181918025016785,0.01055187452584505,0.010490735061466694,1.74399995803833,0.0,0.003999948501586914,1,0,-0.002937412355095148,0.048848241567611694,0.06859924644231796,2,0.0,,4.0,3.5,8.0,3.8,3.2,4.0,0.15,0.12,3.0,12.039043530305147,-0.0032720373344215727,0.005844673255656231,0.20962763225645434,-0.002937412355095148,0.048848241567611694,0.06859924644231796,-0.014454004226974907,0.02852300239781677,0.10277730797631145,0.009099120196986747,-0.06736861821927514,-0.39674361259892305,1.0,0.9999775667825815,0.0,roll,0.0,0.0,0.0,0.0,0,nan,idle,1.2,0.00856403099896852,1,-0.03394688495606371,0.03114224925978817,0.040284700246821424,0.03041759881757341,-0.05634771153652865,0.033151979995274417,0.0071310586908049705,0.03333951056204315
3.371999979019165,direct_px4_equiv,1,1,14,0,0,0,0,1,-0.1434553563594818,0.17458504438400269,0.6454411745071411,0.2398398518562317,-0.1140671819448471,0.3286100924015045,-0.1600311689722273,-0.3845303172873086,-17.33055993902975,-0.3932409226015967,-0.0067696948535740376,0.0009479137370362878,0.6187999606132507,0.0,0.0,0.35,0.0,0.0,0.0,0.0,0.0,-5.248401720262746,-1.030667260045307,-1.2757829384789832,43.886713053682385,0.017756824014329396,0.02936232142247006,0.37204257657377554,19.030170604974845,18.8956088956414,6.013093000882354,0.02,0.02,hover,0.325700968503952,0.325700968503952,0.32689452171325684,0.32689452171325684,0.6860141754150391,0.0007932123262435198,-0.017580082640051842,0.010747774504125118,0.010671748779714108,0.3256078064441681,0.3256078064441681,0.32655835151672363,0.32655835151672363,0.6889422535896301,0.0022061693016439676,-0.017447233200073242,0.010630196891725063,0.010570231825113297,1.7679998874664307,0.0,0.003999948501586914,1,0,-0.010314030572772026,0.01652609184384346,0.04693863168358803,2,0.0,,4.0,3.5,8.0,3.8,3.2,4.0,0.15,0.12,3.0,12.089845573322801,-0.003483850502615582,0.006380085753081319,0.21049088781747996,-0.010314030572772026,0.01652609184384346,0.04693863168358803,-0.014535917264715125,0.028668719985682184,0.10782191218438618,0.017756824014329396,-0.02936232142247006,-0.37204257657377554,1.0,0.9999735786464223,0.0,roll,0.0,0.0,0.0,0.0,0,nan,idle,1.2,0.012546597994514741,1,-0.03844967488096091,0.03114224926005462,0.03333934159995102,0.03041759881842249,-0.05676361178096028,0.03352628821710631,0.002561170757383685,0.03376513015262717
3.3960001468658447,direct_px4_equiv,1,1,14,0,0,0,0,1,-0.13816680014133453,0.1716841608285904,0.6506028175354004,0.23999406397342682,-0.1124979704618454,0.32749345898628235,-0.16184126968582588,-0.4365663572137951,-17.3453932792115,-0.44648044885443294,-0.0067696948535740376,0.0009479137370362878,0.6272000193595886,0.0,0.0,0.3499999999999889,0.0,0.0,0.0,0.0,0.0,-5.248401720262746,-1.0572436425740288,-1.2862835375965591,44.01631994157412,0.006699597574969447,0.06040612424753249,0.33489200986225964,19.047366336079623,18.948248250390176,6.070709428815802,0.012,0.012,hover,0.32616838812828064,0.32616838812828064,0.3270467519760132,0.3270467519760132,0.6892929673194885,-0.0003468697832431644,-0.01686367765069008,0.010806155391037464,0.010749900713562965,0.3256060779094696,0.3256060779094696,0.32655733823776245,0.32655733823776245,0.6877478957176208,-0.00018102145986631513,-0.017442546784877777,0.010824684053659439,0.01076357439160347,1.7920000553131104,0.0,0.004000186920166016,1,0,-0.0009613860747776926,0.041240144520998,0.01564388908445835,2,0.0,,4.0,3.5,8.0,3.8,3.2,4.0,0.15,0.12,3.0,12.106530432624476,-0.0036117848155930443,0.007279444026372186,0.21074934759305866,-0.0009613860747776926,0.041240144520998,0.01564388908445835,-0.014621365499272286,0.028834442713683964,0.11287878633457896,0.006699597574969447,-0.06040612424753249,-0.33489200986225964,1.0,0.9999669823533445,0.0,roll,0.0,0.0,0.0,0.0,0,nan,idle,1.2,0.016624550997221377,1,-0.041267319432264776,0.031142249260234924,0.02807920553703471,0.030417598819265854,-0.054450439685814596,0.03377181012942373,-0.0011199936413925787,0.033948537831601705
3.4200000762939453,direct_px4_equiv,1,1,14,0,0,0,0,1,-0.1251097321510315,0.16495202481746674,0.6634154319763184,0.23797255754470825,-0.10752177983522415,0.3247632384300232,-0.16576851321780703,-0.48670565684806427,-17.323254686111884,-0.4977170096117464,-0.0067696948535740376,0.0009479137370362878,0.6355999946594237,0.0,0.0,0.3499999999999833,0.0,0.0,0.0,0.0,0.0,-5.248401720262746,-1.1506490491634647,-1.319529645036364,43.89969758145657,0.006408018869701369,0.07092071465243077,0.31207168810308555,18.992534239756825,18.892510904971346,6.066879743909292,0.016,0.016,hover,0.3256734609603882,0.3256734609603882,0.3265611231327057,0.3265611231327057,0.6890755295753479,-0.001681140623986721,-0.017111139371991158,0.011118288151919842,0.011059709824621677,0.3256046175956726,0.3256046175956726,0.3264966607093811,0.3264966607093811,0.6880306005477905,-0.0011279243044555187,-0.01725158281624317,0.010968184098601341,0.010910102166235447,1.815999984741211,0.0,0.003999948501586914,1,0,-0.0006502594915218651,0.04892151057720184,-0.0028949629049748182,2,0.0,,4.0,3.5,8.0,3.8,3.2,4.0,0.15,0.12,3.0,12.086458060716735,-0.003770575146933564,0.00814316657042557,0.21036626491126215,-0.0006502594915218651,0.04892151057720184,-0.0028949629049748182,-0.014710019316767974,0.029022923905833813,0.11793264054291265,0.006408018869701369,-0.07092071465243077,-0.31207168810308555,1.0,0.9999597358014007,0.0,roll,0.0,0.0,0.0,0.0,0,nan,idle,1.2,0.0008739429977140389,1,-0.04524279765536925,0.031142249260677237,0.01757074140810768,0.030417598821068238,-0.055249455720533434,0.03474510457741896,-0.005428166207059971,0.03492913154740712
3.444000005722046,direct_px4_equiv,1,1,14,0,0,0,0,1,-0.11750021576881409,0.1612280011177063,0.6711496114730835,0.23500043153762817,-0.10487130284309387,0.3246532380580902,-0.18714270093344273,-0.5604203011455323,-17.269112221122366,-0.5729836948692817,-0.0067696948535740376,0.0009479137370362878,0.643999969959259,0.0,0.0,0.35,0.0,0.0,0.0,0.0,0.0,-5.248401720262746,-1.1460287413885153,-1.3444377304889747,43.91923317855487,0.026639362561696956,0.08805019624508788,0.28648218556786353,19.019092059529306,18.859318687051147,6.09190026834239,0.012,0.012,hover,0.3253783583641052,0.3253783583641052,0.32679644227027893,0.32679644227027893,0.690494954586029,-0.002283309819176793,-0.016417203471064568,0.011348196305334568,0.011252823285758495,0.32631394267082214,0.32631394267082214,0.3273971378803253,0.3273971378803253,0.687910258769989,-0.0016186420107260346,-0.016510415822267532,0.011167539283633232,0.011095941066741943,1.8399999141693115,0.0,0.003999948501586914,1,0,-0.01709318906068802,0.06161705031991005,-0.02294815704226494,2,0.0,,4.0,3.5,8.0,3.8,3.2,4.0,0.15,0.12,3.0,12.036082619737417,-0.004272425627346104,0.00938536098699525,0.2094295035877721,-0.01709318906068802,0.06161705031991005,-0.02294815704226494,-0.014807909077515962,0.029237492579706047,0.12296909608460999,0.026639362561696956,-0.08805019624508788,-0.28648218556786353,1.0,0.9999468306868092,0.0,roll,0.0,0.0,0.0,0.0,0,nan,idle,1.2,0.004530960999545641,1,-0.04238481587466951,0.037943262111493035,0.014428810028890984,0.03719072619156242,-0.05300883963372513,0.035351787615360356,-0.0073724860597276665,0.0356514091764176
3.4680001735687256,direct_px4_equiv,1,1,14,0,0,0,0,1,-0.1125529557466507,0.15892010927200317,0.6762791872024536,0.23244993388652802,-0.10400279611349106,0.32350966334342957,-0.19348850926283895,-0.6008794576918979,-17.192033254875568,-0.6141743835419398,-0.0067696948535740376,0.0009479137370362878,0.6524000287055969,0.0,0.0,0.3499999999999889,0.0,0.0,0.0,0.0,0.0,-5.248401720262746,-1.1430386128327181,-1.3396850152544066,44.05077546478443,0.010985389444683762,0.05227282273348302,0.2717957930357594,19.073871690928385,18.96316906528538,6.0633871840949585,0.016,0.016,hover,0.3263007700443268,0.3263007700443268,0.32728126645088196,0.32728126645088196,0.6888771653175354,-0.002610006369650364,-0.015983525663614273,0.011246108449995518,0.011180810630321503,0.3257501721382141,0.3257501721382141,0.3271675407886505,0.3271675407886505,0.6912950277328491,-0.002190713305026293,-0.016263779252767563,0.011348086409270763,0.011252865195274353,1.8640000820159912,0.0,0.004000186920166016,1,0,-0.00376467639580369,0.03095339983701706,-0.033608198165893555,2,0.0,,4.0,3.5,8.0,3.8,3.2,4.0,0.15,0.12,3.0,11.961254415325852,-0.004449724682167133,0.010079013193762018,0.20809292087987505,-0.00376467639580369,0.03095339983701706,-0.033608198165893555,-0.014913353057950263,0.029472814752796332,0.12797735630397358,0.010985389444683762,-0.05227282273348302,-0.2717957930357594,1.0,0.9999393067289943,0.0,roll,0.0,0.0,0.0,0.0,0,nan,idle,1.2,0.00907143999938853,1,-0.0445115568090898,0.04358292547527334,0.01083181608747324,0.04279574415693268,-0.05160855509758214,0.03512555189379881,-0.008427342485528972,0.035330691913319695
3.492000102996826,direct_px4_equiv,1,1,14,0,0,0,0,1,-0.105315200984478,0.1555982381105423,0.6839526891708374,0.22775042057037354,-0.10280326753854752,0.3224216103553772,-0.19446392536540036,-0.6305212556221972,-17.09185686192904,-0.644234508165837,-0.0067696948535740376,0.0009479137370362878,0.660800004005432,0.0,0.0,0.3499999999999833,0.0,0.0,0.0,0.0,0.0,-5.248401720262746,-1.1504074227090209,-1.3205890276559848,44.090085573503146,0.005037587427577851,0.04692115554991943,0.2565591824029597,19.083652786981766,18.992960208767855,6.061670798793931,0.02,0.02,hover,0.3265649080276489,0.3265649080276489,0.32736775279045105,0.32736775279045105,0.6887796521186829,-0.003042668802663684,-0.015659574419260025,0.011068345047533512,0.011015722528100014,0.3264877200126648,0.3264877200126648,0.3274666965007782,0.3274666965007782,0.6892755627632141,-0.0025749874766916037,-0.01591544598340988,0.011235385201871395,0.011170284822583199,1.8880000114440918,0.0,0.003999948501586914,1,0,0.0012518937001004815,0.025860033929347992,-0.044147174805402756,2,0.0,,4.0,3.5,8.0,3.8,3.2,4.0,0.15,0.12,3.0,11.862825095269908,-0.004511212918961947,0.01059572030290609,0.2063546480238953,0.0012518937001004815,0.025860033929347992,-0.044147174805402756,-0.015020983009574594,0.02972264434651032,0.13294836157922557,0.005037587427577851,-0.04692115554991943,-0.2565591824029597,1.0,0.9999336898295869,0.0,roll,0.0,0.0,0.0,0.0,0,nan,idle,1.2,0.011580761994991917,1,-0.04523854441147788,0.039929381957799735,0.008807416038722036,0.0391089061158614,-0.050562560463308426,0.034606914024240217,-0.009824349106026645,0.03477223068830972
3.5160000324249268,direct_px4_equiv,1,1,14,0,0,0,0,1,-0.10062122344970703,0.15351498126983643,0.6890676021575928,0.22422105073928833,-0.10182741284370422,0.32177239656448364,-0.18202182771250133,-0.6513324900232239,-16.971017772293393,-0.6652057160924868,-0.0067696948535740376,0.0009479137370362878,0.6691999793052673,0.0,0.0,0.35,0.0,0.0,0.0,0.0,0.0,-5.248401720262746,-1.145410006790968,-1.2996619046155349,44.21360934475202,-0.025748512822688512,0.036260229513651036,0.2363778179955713,19.094788651539492,19.1001026063625,6.0647579722032905,0.012,0.012,hover,0.3275131583213806,0.3275131583213806,0.3274661898612976,0.3274661898612976,0.6889550089836121,-0.0034811128862202168,-0.015112672001123428,0.010831749998033047,0.010834765620529652,0.32650983333587646,0.32650983333587646,0.32739007472991943,0.32739007472991943,0.6875280141830444,-0.0033779970835894346,-0.015391192398965359,0.010988608933985233,0.010931340977549553,1.9119999408721924,0.0,0.003999948501586914,1,0,0.026698006317019463,0.01659184694290161,-0.05838200822472572,2,0.0,,4.0,3.5,8.0,3.8,3.2,4.0,0.15,0.12,3.0,11.743071924278187,-0.004321110285505328,0.010983969857799555,0.2042559716637147,0.026698006317019463,0.01659184694290161,-0.05838200822472572,-0.015127639491824383,0.029982234700331387,0.1378721683203371,-0.025748512822688512,-0.036260229513651036,-0.2363778179955713,1.0,0.9999303402027772,0.0,roll,0.0,0.0,0.0,0.0,0,nan,idle,1.2,0.016718316997867078,1,-0.0472788699310098,0.04391203281656544,0.004382719915773991,0.04318642833966926,-0.04879668836746189,0.03403842090197859,-0.011240023378587143,0.03402894720992405
3.5399999618530273,direct_px4_equiv,1,1,14,0,0,0,0,1,-0.0938071459531784,0.15056371688842773,0.6967337131500244,0.2183532416820526,-0.0996086448431015,0.32100313901901245,-0.1849609338661378,-0.6801107668909319,-16.83171571191386,-0.6942487412662115,-0.0067696948535740376,0.0009479137370362878,0.6775999546051025,0.0,0.0,0.3499999999999833,0.0,0.0,0.0,0.0,0.0,-5.248401720262746,-1.1264420641160666,-1.2960580475569008,44.24751871679085,0.009633673951224534,0.03402121765843474,0.22174277338275722,19.162567080254895,19.062609270289887,6.066797056031163,0.016,0.016,hover,0.3271816372871399,0.3271816372871399,0.32806476950645447,0.32806476950645447,0.6890708208084106,-0.003694267710670829,-0.014546523801982403,0.010822956450283527,0.010766479186713696,0.3266138732433319,0.3266138732433319,0.3271302580833435,0.3271302580833435,0.6875779032707214,-0.0036320851650089025,-0.01500826794654131,0.010855153203010559,0.01082192175090313,1.935999870300293,0.0,0.003999948501586914,1,0,-0.002672622911632061,0.013984189368784428,-0.0675082877278328,2,0.0,,4.0,3.5,8.0,3.8,3.2,4.0,0.15,0.12,3.0,11.605758979660202,-0.004409468889840188,0.011483741427210472,0.20183808589534377,-0.002672622911632061,0.013984189368784428,-0.0675082877278328,-0.015232597732790006,0.030251405757848467,0.14274082820184483,0.009633673951224534,-0.03402121765843474,-0.22174277338275722,1.0,0.9999243401331197,0.0,roll,0.0,0.0,0.0,0.0,0,nan,idle,1.2,0.0006182150027598254,1,-0.047037818099012724,0.030603228740212065,-7.87660466510685e-05,0.043098747986854556,-0.04696867721621095,0.033823892232524126,-0.011928269853189661,0.034001321368348
3.56000018119812,direct_px4_equiv,1,1,14,0,0,0,0,1,-0.08307240903377533,0.14605191349983215,0.7095625400543213,0.20763631165027618,-0.09487598389387131,0.3214520812034607,-0.19037752589869114,-0.6971834709634114,-16.70650793277347,-0.7113593186309608,-0.0067696948535740376,0.0009479137370362878,0.684600031375885,0.0,0.0,0.35,0.0,0.0,0.0,0.0,0.0,-5.248401720262746,-1.0942346771937532,-1.3073408396906183,44.023710223887704,0.009218168746616013,0.035339034235500874,0.20678689155932312,19.06297473916758,18.96559958924532,6.038496172874111,0.016,0.016,hover,0.3263223171234131,0.3263223171234131,0.32718485593795776,0.32718485593795776,0.6874617338180542,-0.0038203673902899027,-0.013991987332701683,0.010973076336085796,0.010917003266513348,0.3263833522796631,0.3263833522796631,0.3271371126174927,0.3271371126174927,0.6891226172447205,-0.0037589548155665398,-0.01445849984884262,0.010915963910520077,0.01086720172315836,1.9560000896453857,0.0,0.004000186920166016,1,0,-0.0022192762698978186,0.014718156307935715,-0.07725530862808228,2,0.0,,4.0,3.5,8.0,3.8,3.2,4.0,0.15,0.12,3.0,11.481955491641774,-0.004520722598326806,0.01177559562361769,0.19966474414954363,-0.0022192762698978186,0.014718156307935715,-0.07725530862808228,-0.015322171684344986,0.030484558472521125,0.14675179025702387,0.009218168746616013,-0.035339034235500874,-0.20678689155932312,1.0,0.9999204492063112,0.0,roll,0.0,0.0,0.0,0.0,0,nan,idle,1.2,0.0010343240064685233,1,-0.0469178673924867,0.030603228740788493,-0.0013054290718148558,0.03926072937867999,-0.045178156131278034,0.034296776608860394,-0.012335428235416388,0.03447293628798112
3.5840001106262207,direct_px4_equiv,1,1,14,0,0,0,0,1,-0.0790053978562355,0.1443783938884735,0.7146703004837036,0.20306575298309326,-0.09295660257339478,0.32099321484565735,-0.19572867065651794,-0.7130198768012928,-16.54649511528967,-0.7271088515205024,-0.0067696948535740376,0.0009479137370362878,0.6930000066757201,0.0,0.0,0.3499999999999833,0.0,0.0,0.0,0.0,0.0,-5.248401720262746,-1.0657495234196552,-1.3134879801092043,44.143691953209554,0.008619482121814893,0.031347173065676075,0.1952744805382408,19.11496289986171,19.02064875415675,6.05016916040081,0.012,0.012,hover,0.32681021094322205,0.32681021094322205,0.3276444673538208,0.3276444673538208,0.6881258487701416,-0.0038614654913544655,-0.013439752161502838,0.010992772877216339,0.010938512161374092,0.3269033133983612,0.3269033133983612,0.3277384340763092,0.3277384340763092,0.6885359287261963,-0.0039030048064887524,-0.013720913790166378,0.010946360416710377,0.010892286896705627,1.9800000190734863,0.0,0.003999948501586914,1,0,-0.0015550703974440694,0.011054224334657192,-0.08337792009115219,2,0.0,,4.0,3.5,8.0,3.8,3.2,4.0,0.15,0.12,3.0,11.323399776896142,-0.004624418185100707,0.01204775163628829,0.1968866753860486,-0.0015550703974440694,0.011054224334657192,-0.08337792009115219,-0.015432158451310707,0.03077126763448264,0.1515051828037369,0.008619482121814893,-0.031347173065676075,-0.1952744805382408,1.0,0.9999167332172333,0.0,roll,0.0,0.0,0.0,0.0,0,nan,idle,1.2,0.0047569929956807755,1,-0.04691786739262934,0.030603228741626045,-0.0027019052333920814,0.04314928166118761,-0.0433950662129195,0.03436434956227856,-0.012468127997040527,0.03453481326332237
3.6080000400543213,direct_px4_equiv,1,1,14,0,0,0,0,1,-0.0731930211186409,0.1420867145061493,0.7223318815231323,0.19598299264907837,-0.08997102081775665,0.3207521140575409,-0.21556497581926956,-0.7307244386660194,-16.375874187678395,-0.7447233846948087,-0.0067696948535740376,0.0009479137370362878,0.7013999819755554,0.0,0.0,0.35,0.0,0.0,0.0,0.0,0.0,-5.248401720262746,-1.02106516102062,-1.3352190068021783,44.167390998863276,0.012109016490879575,0.02741196808901832,0.1826669196633748,19.131688628190968,19.02767961767713,6.049043141581787,0.016,0.016,hover,0.32687246799468994,0.32687246799468994,0.3277921974658966,0.3277921974658966,0.6880618333816528,-0.00380734377540648,-0.01275632530450821,0.0111705856397748,0.011109832674264908,0.3271854817867279,0.3271854817867279,0.32801932096481323,0.32801932096481323,0.6889010667800903,-0.0038627374451607466,-0.01334807462990284,0.010980687104165554,0.010926572605967522,2.003999948501587,0.0,0.003999948501586914,1,0,-0.003975281957536936,0.007408423814922571,-0.0901816338300705,2,0.0,,4.0,3.5,8.0,3.8,3.2,4.0,0.15,0.12,3.0,11.154813357612822,-0.004980998113377224,0.012328595279616314,0.1939255702847569,-0.003975281957536936,0.007408423814922571,-0.0901816338300705,-0.015546009116560355,0.031063217559979688,0.15618921387241297,0.012109016490879575,-0.02741196808901832,-0.1826669196633748,1.0,0.9999115976938547,0.0,roll,0.0,0.0,0.0,0.0,0,nan,idle,1.2,0.007389024998701643,1,-0.046917867392560555,0.030603228742208687,-0.0034958539140031975,0.039235492521120706,-0.041188377395492276,0.034902568269525876,-0.012293376648667515,0.03509343066513974
3.631999969482422,direct_px4_equiv,1,1,14,0,0,0,0,1,-0.06949175149202347,0.14066840708255768,0.727492094039917,0.19092126190662384,-0.08848114311695099,0.32101190090179443,-0.2335907256764991,-0.7461458853825124,-16.200706793114783,-0.7599868448734083,-0.0067696948535740376,0.0009479137370362878,0.7097999572753906,0.0,0.0,0.35,0.0,0.0,0.0,0.0,0.0,-5.248401720262746,-0.983318924763056,-1.3441734233474179,44.2725815804229,0.008773551034833757,0.021719021208719737,0.1731697639130721,19.174363319878758,19.081419107066026,6.056641015775298,0.02,0.02,hover,0.327347993850708,0.327347993850708,0.3281688392162323,0.3281688392162323,0.6884937882423401,-0.0037238174118101597,-0.012189958244562149,0.011213846504688263,0.011159466579556465,0.32705506682395935,0.32705506682395935,0.3279820382595062,0.3279820382595062,0.6884673237800598,-0.003762613283470273,-0.012664727866649628,0.011216174811124802,0.011154727078974247,2.0279998779296875,0.0,0.003999948501586914,1,0,-0.0007221833220683038,0.0023769873660057783,-0.09429779648780823,2,0.0,,4.0,3.5,8.0,3.8,3.2,4.0,0.15,0.12,3.0,10.981609764065297,-0.005300994005950307,0.012574089243734371,0.19088488150645108,-0.0007221833220683038,0.0023769873660057783,-0.09429779648780823,-0.015671761718501282,0.03136388058243519,0.16080100348180193,0.008773551034833757,-0.021719021208719737,-0.1731697639130721,1.0,0.9999068958686118,0.0,roll,0.0,0.0,0.0,0.0,0,nan,idle,1.2,0.01264421000087168,1,-0.04446790319769552,0.03760117399422682,-0.004431543703386437,0.05321900984558716,-0.039359657272582914,0.035058499569801185,-0.012023681970607505,0.03522933749672058
3.6520001888275146,direct_px4_equiv,1,1,14,0,0,0,0,1,-0.06420361250638962,0.13866165280342102,0.7351393699645996,0.18278704583644867,-0.08763771504163742,0.3207120895385742,-0.22309304304814528,-0.746362388726243,-16.05219190427296,-0.7598289305009552,-0.0067696948535740376,0.0009479137370362878,0.7168000340461731,0.0,0.0,0.35,0.0,0.0,0.0,0.0,0.0,-5.248401720262746,-0.9408149163835694,-1.305664702251625,44.24919822551054,0.008907736441495773,0.02333249591275964,0.16707677355027137,19.16048023427266,19.069668672195178,6.05626490985485,0.02,0.02,hover,0.3272440731525421,0.3272440731525421,0.32804635167121887,0.32804635167121887,0.6884724497795105,-0.0035306382924318314,-0.01170499250292778,0.01089917216449976,0.010847494937479496,0.327347993850708,0.327347993850708,0.3281688392162323,0.3281688392162323,0.6884937882423401,-0.0037238174118101597,-0.012189958244562149,0.011213846504688263,0.011159466579556465,2.0480000972747803,0.0,0.004000186920166016,1,0,-0.0011034852359443903,0.0036841502878814936,-0.09614818543195724,2,0.0,,4.0,3.5,8.0,3.8,3.2,4.0,0.15,0.12,3.0,10.833204047359617,-0.005102649308088097,0.012601961893714944,0.1883033838576421,-0.0011034852359443903,0.0036841502878814936,-0.09614818543195724,-0.01577686724843204,0.03161593075980735,0.16458780010936724,0.008907736441495773,-0.02333249591275964,-0.16707677355027137,1.0,0.9999075767678139,0.0,roll,0.0,0.0,0.0,0.0,0,nan,idle,1.2,0.012597462002304383,1,-0.044034822138791965,0.04325331741540531,-0.005014709250723508,0.0476859788801687,-0.03779377155408339,0.03407841140275837,-0.011399933986584818,0.0342407593159144
3.6760001182556152,direct_px4_equiv,1,1,14,0,0,0,0,1,-0.060891978442668915,0.1374453902244568,0.7402446269989014,0.17741364240646362,-0.08678030967712402,0.3206108510494232,-0.22835695074628107,-0.7424805926520882,-15.8739707789003,-0.7554322742999104,-0.0067696948535740376,0.0009479137370362878,0.7252000093460083,0.0,0.0,0.35,0.0,0.0,0.0,0.0,0.0,-5.248401720262746,-0.9110497653057404,-1.2949021131119316,44.36335867891718,0.011321399285958765,0.01448017202831983,0.1614886406838255,19.217593787093666,19.120726044929505,6.0608441955340036,0.012,0.012,hover,0.327695369720459,0.327695369720459,0.32854995131492615,0.32854995131492615,0.6887326836585999,-0.0034171813167631626,-0.011293270625174046,0.01078042108565569,0.010726060718297958,0.32730141282081604,0.32730141282081604,0.32780715823173523,0.32780715823173523,0.6876250505447388,-0.003341192612424493,-0.011406934820115566,0.010791520588099957,0.010759229771792889,2.072000026702881,0.0,0.003999948501586914,1,0,-0.002916064579039812,-0.0036196184810250998,-0.09693592041730881,2,0.0,,4.0,3.5,8.0,3.8,3.2,4.0,0.15,0.12,3.0,10.655321338184025,-0.0051682457510441844,0.012533916237406354,0.185206999793153,-0.002916064579039812,-0.0036196184810250998,-0.09693592041730881,-0.015900129220307785,0.031917610380868384,0.16906377474001408,0.011321399285958765,-0.01448017202831983,-0.1614886406838255,1.0,0.9999080950896894,0.0,roll,0.0,0.0,0.0,0.0,0,nan,idle,1.2,0.016541085999051575,1,-0.043635543697950224,0.03023887850630771,-0.005888715784134461,0.051049166490951835,-0.036464380276173415,0.03369691378295303,-0.011033596934398752,0.03386769126199506
3.700000047683716,direct_px4_equiv,1,1,14,0,0,0,0,1,-0.05321764945983887,0.1346379965543747,0.7530112266540527,0.1636902540922165,-0.08329860866069794,0.3253142833709717,-0.2332707778968651,-0.7487893401751101,-15.696098981756437,-0.7614114035385277,-0.0067696948535740376,0.0009479137370362878,0.7335999846458434,0.0,0.0,0.3499999999999833,0.0,0.0,0.0,0.0,0.0,-5.248401720262746,-0.809322561196078,-1.2861026991342148,44.11489450582585,0.008666404722084476,0.02301939737589729,0.1549496674740904,19.097582567793978,19.0107511543278,6.039742688156128,0.016,0.016,hover,0.32672253251075745,0.32672253251075745,0.327490895986557,0.327490895986557,0.6875326633453369,-0.0027693090960383415,-0.010377566330134869,0.010769098997116089,0.010720116086304188,0.32735952734947205,0.32735952734947205,0.3282018303871155,0.3282018303871155,0.6879370808601379,-0.003249094123020768,-0.010951663367450237,0.010770407505333424,0.010716821998357773,2.0959999561309814,0.0,0.003999948501586914,1,0,-0.0007217964739538729,0.003373338608071208,-0.09852056950330734,2,0.0,,4.0,3.5,8.0,3.8,3.2,4.0,0.15,0.12,3.0,10.478531794558544,-0.00524421252640654,0.012643763475198496,0.18211642546133391,-0.0007217964739538729,0.003373338608071208,-0.09852056950330734,-0.016025340006212058,0.03221913262949009,0.17346540841086128,0.008666404722084476,-0.02301939737589729,-0.1549496674740904,1.0,0.9999063167413149,0.0,roll,0.0,0.0,0.0,0.0,0,nan,idle,1.2,0.0006728580046910793,1,-0.04062333467867377,0.03032568154857909,-0.006704705551783253,0.05094434640446834,-0.03350769883079199,0.03367823775870631,-0.008941708611873548,0.033832121352002927
3.7239999771118164,direct_px4_equiv,1,1,14,0,0,0,0,1,-0.050417810678482056,0.13363011181354523,0.7581106424331665,0.15842066705226898,-0.08209681510925293,0.3221573829650879,-0.24002879818343234,-0.746481553622718,-15.522542507516507,-0.7586444571855205,-0.0067696948535740376,0.0009479137370362878,0.7419999599456787,0.0,0.0,0.35,0.0,0.0,0.0,0.0,0.0,-5.248401720262746,-0.7703330867634157,-1.284691182125701,44.284889752570166,0.011273013665159417,0.013194232577260708,0.15079126210082539,19.17999494785701,19.086097524904226,6.050836575382579,0.012,0.012,hover,0.32738935947418213,0.32738935947418213,0.3282185196876526,0.3282185196876526,0.6881638169288635,-0.0025441322941333055,-0.009915911592543125,0.010714792646467686,0.010662317276000977,0.327250212430954,0.327250212430954,0.3279431164264679,0.3279431164264679,0.6896626949310303,-0.002809537574648857,-0.010267087258398533,0.010745690204203129,0.01070166751742363,2.119999885559082,0.0,0.003999948501586914,1,0,-0.002642852021381259,-0.004773550201207399,-0.09821739047765732,2,0.0,,4.0,3.5,8.0,3.8,3.2,4.0,0.15,0.12,3.0,10.30549874725498,-0.005338923150306306,0.012601012824779817,0.17910042800744796,-0.002642852021381259,-0.004773550201207399,-0.09821739047765732,-0.016152367407227933,0.03252254485303484,0.17779376048421774,0.011273013665159417,-0.013194232577260708,-0.15079126210082539,1.0,0.9999063551873069,0.0,roll,0.0,0.0,0.0,0.0,0,nan,idle,1.2,0.004487539998081047,1,-0.03998223128004785,0.03032568154940687,-0.005671622721230148,0.047156448234936726,-0.03201708264955053,0.03349665784344012,-0.008214644952875489,0.03366151267711485
3.748000144958496,direct_px4_equiv,1,1,14,0,0,0,0,1,-0.04647807776927948,0.1322099268436432,0.7657564878463745,0.15046186745166779,-0.0802503451704979,0.3222458064556122,-0.2501303065131927,-0.7359011855520032,-15.352063704899628,-0.7474919950319624,-0.0067696948535740376,0.0009479137370362878,0.7504000186920166,0.0,0.0,0.3499999999999889,0.0,0.0,0.0,0.0,0.0,-5.248401720262746,-0.7148357531254886,-1.2840173007603586,44.3044297363584,0.014262988504920986,0.008851686002438386,0.14614866214792988,19.194194186799116,19.092197061985377,6.048795765317867,0.016,0.016,hover,0.32744327187538147,0.32744327187538147,0.3283437192440033,0.3283437192440033,0.6880477666854858,-0.0022070950362831354,-0.0093467365950346,0.010705746710300446,0.010648836381733418,0.3277673125267029,0.3277673125267029,0.32859763503074646,0.32859763503074646,0.6889245510101318,-0.0025918027386069298,-0.009873739443719387,0.01071130484342575,0.010658832266926765,2.1440000534057617,0.0,0.004000186920166016,1,0,-0.004903282504528761,-0.008167920634150505,-0.09838544577360153,2,0.0,,4.0,3.5,8.0,3.8,3.2,4.0,0.15,0.12,3.0,10.13503791130109,-0.005479528614916517,0.012409474602209376,0.17613764748054342,-0.004903282504528761,-0.008167920634150505,-0.09838544577360153,-0.016282505409988962,0.03282240534356114,0.18205057050914503,0.014262988504920986,-0.008851686002438386,-0.14614866214792988,1.0,0.9999079898517926,0.0,roll,0.0,0.0,0.0,0.0,0,nan,idle,1.2,0.00847174899536185,1,-0.03939523751280308,0.03035759235064386,-0.005601023356775813,0.050980645513720085,-0.03017929491435084,0.033454304711463066,-0.007126398638000754,0.03363309642759206
3.7720000743865967,direct_px4_equiv,1,1,14,0,0,0,0,1,-0.04291205853223801,0.13096937537193298,0.7733176946640015,0.14234837889671326,-0.07844133675098419,0.32298463582992554,-0.25897225691739656,-0.7361465589991707,-15.184936365014998,-0.7473560202977486,-0.0067696948535740376,0.0009479137370362878,0.7587999939918517,0.0,0.0,0.3499999999999833,0.0,0.0,0.0,0.0,0.0,-5.248401720262746,-0.6438390434554202,-1.2828469406211787,44.31523723556976,0.015899002226030426,0.006704707096253033,0.14224795707008125,19.200880458190127,19.094993852854454,6.048679725963793,0.02,0.02,hover,0.32746800780296326,0.32746800780296326,0.32840266823768616,0.32840266823768616,0.6880411505699158,-0.0017265892820432782,-0.008674899116158485,0.010694418102502823,0.010635419748723507,0.3276323974132538,0.3276323974132538,0.328533411026001,0.328533411026001,0.6884269714355469,-0.002234099665656686,-0.009329821914434433,0.010704051703214645,0.01064714603126049,2.1679999828338623,0.0,0.003999948501586914,1,0,-0.006067984271794558,-0.009963229298591614,-0.09800711274147034,2,0.0,,4.0,3.5,8.0,3.8,3.2,4.0,0.15,0.12,3.0,9.968712744367272,-0.005615532928836189,0.012408353360384611,0.17323290564469424,-0.006067984271794558,-0.009963229298591614,-0.09800711274147034,-0.01641610455780934,0.03311845097310305,0.18623712877822385,0.015899002226030426,-0.006704707096253033,-0.14224795707008125,1.0,0.9999072492737078,0.0,roll,0.0,0.0,0.0,0.0,0,nan,idle,1.2,0.012600979993294459,1,-0.03866467095348449,0.030382012879029995,-0.005572504035081085,0.047103924769997606,-0.028010027344990845,0.03341215689620991,-0.005574913611209228,0.033597505370643266
3.7960000038146973,direct_px4_equiv,1,1,14,0,0,0,0,1,-0.04070134088397026,0.1302122175693512,0.7784090042114258,0.1370246261358261,-0.07728655636310577,0.3240659832954407,-0.2702812828402631,-0.7242762202995839,-15.021873823508534,-0.7349415618615752,-0.0067696948535740376,0.0009479137370362878,0.767199969291687,0.0,0.0,0.35,0.0,0.0,0.0,0.0,0.0,-5.248401720262746,-0.6044941868716609,-1.2863827409743418,44.409425528076945,0.016153333912290357,0.004399123348448059,0.13893926801338172,19.24251112809109,19.136328751084392,6.05920725535396,0.012,0.012,hover,0.3278331756591797,0.3278331756591797,0.3287694454193115,0.3287694454193115,0.6886396408081055,-0.0014854746405035257,-0.008258448913693428,0.010700732469558716,0.010641662403941154,0.3272320032119751,0.3272320032119751,0.3280906081199646,0.3280906081199646,0.6884120106697083,-0.0014435413759201765,-0.00827256590127945,0.010701400227844715,0.01064711157232523,2.191999912261963,0.0,0.003999948501586914,1,0,-0.006052931305021048,-0.011615057475864887,-0.09722214192152023,2,0.0,,4.0,3.5,8.0,3.8,3.2,4.0,0.15,0.12,3.0,9.80562709823063,-0.0057768821879437895,0.01219309548041239,0.1703983615413969,-0.006052931305021048,-0.011615057475864887,-0.09722214192152023,-0.016553085448620955,0.03341334743816787,0.19035480548117037,0.016153333912290357,-0.004399123348448059,-0.13893926801338172,1.0,0.9999089780250685,0.0,roll,0.0,0.0,0.0,0.0,0,nan,idle,1.2,0.016569679995882325,1,-0.03580190947900762,0.030454740030456475,-0.005450499071336586,0.05102421093834966,-0.026665367270367613,0.033431769682456196,-0.0047963882452177605,0.03361734336234008
3.820000171661377,direct_px4_equiv,1,1,14,0,0,0,0,1,-0.03571588173508644,0.1285420060157776,0.7911310195922852,0.1242382824420929,-0.07466597110033035,0.3250119984149933,-0.2812505667465683,-0.716230902439207,-14.865602974356468,-0.7264391373938532,-0.0067696948535740376,0.0009479137370362878,0.7756000280380249,0.0,0.0,0.3499999999999889,0.0,0.0,0.0,0.0,0.0,-5.248401720262746,-0.49240311931049896,-1.281671871777409,44.23025546088876,0.014077402464555902,0.015362072614820414,0.13808689825196377,19.152397759547235,19.05392166368392,6.050894220360343,0.016,0.016,hover,0.327104777097702,0.327104777097702,0.3279750347137451,0.3279750347137451,0.6881670951843262,-0.000601405743509531,-0.0073693301528692245,0.010707658715546131,0.010652582161128521,0.3271293640136719,0.3271293640136719,0.32807236909866333,0.32807236909866333,0.6873366832733154,-0.0009533475385978818,-0.00775277242064476,0.010709756053984165,0.0106500880792737,2.2160000801086426,0.0,0.004000186920166016,1,0,-0.004271371755748987,-0.0022816979326307774,-0.0945306122303009,2,0.0,,4.0,3.5,8.0,3.8,3.2,4.0,0.15,0.12,3.0,9.649615625988211,-0.005939251417013915,0.012044990055131271,0.16768165526844833,-0.004271371755748987,-0.0022816979326307774,-0.0945306122303009,-0.016693951838936186,0.033703788926550196,0.19440621246644882,0.014077402464555902,-0.015362072614820414,-0.13808689825196377,1.0,0.9999098217450552,0.0,roll,0.0,0.0,0.0,0.0,0,nan,idle,1.2,0.0009127569937845692,1,-0.03366760510209737,0.03049483784127396,-0.003933894255435504,0.05097910308356048,-0.023794529140362806,0.03346607458459093,-0.0019418544293601208,0.03363910189520586
3.8440001010894775,direct_px4_equiv,1,1,14,0,0,0,0,1,-0.03307836502790451,0.12768498063087463,0.7987935543060303,0.11686233431100845,-0.07315576076507568,0.3252274990081787,-0.2931844083412004,-0.7004976932555264,-14.71632554650874,-0.7101706710526557,-0.0067696948535740376,0.0009479137370362878,0.78400000333786,0.0,0.0,0.3499999999999833,0.0,0.0,0.0,0.0,0.0,-5.248401720262746,-0.43220161230084186,-1.284652961596654,44.247810259896056,0.017128915383446817,0.0021016936080365165,0.13760456106051652,19.172097023515736,19.064940913536887,6.037065214482719,0.012,0.012,hover,0.3272022604942322,0.3272022604942322,0.32814884185791016,0.32814884185791016,0.6873802542686462,-0.00012367796443868428,-0.006863301619887352,0.010726368054747581,0.010666393674910069,0.32767266035079956,0.32767266035079956,0.3286168873310089,0.3286168873310089,0.6888486742973328,-0.0006784804863855243,-0.007340733427554369,0.01071411743760109,0.010654443874955177,2.240000009536743,0.0,0.003999948501586914,1,0,-0.006441171746701002,-0.012990695424377918,-0.09169533103704453,2,0.0,,4.0,3.5,8.0,3.8,3.2,4.0,0.15,0.12,3.0,9.500045835217291,-0.006108467658185648,0.011761870391295424,0.16508605641302007,-0.006441171746701002,-0.012990695424377918,-0.09169533103704453,-0.016838897470161925,0.033989066807292044,0.1983940189212675,0.017128915383446817,-0.0021016936080365165,-0.13760456106051652,1.0,0.9999121725094154,0.0,roll,0.0,0.0,0.0,0.0,0,nan,idle,1.2,0.00445583099644864,1,-0.03252933975250737,0.03049738856604314,-0.0026410312021973663,0.04715135839954001,-0.022160634515387308,0.03350946458654326,-0.000399338737267261,0.03369787848483241
3.868000030517578,direct_px4_equiv,1,1,14,0,0,0,0,1,-0.03150204196572304,0.12720899283885956,0.8039240837097168,0.1118553876876831,-0.07215168327093124,0.33017265796661377,-0.30366332260572054,-0.6951012301540526,-14.576176169921283,-0.7044145968114105,-0.0067696948535740376,0.0009479137370362878,0.7923999786376953,0.0,0.0,0.35,0.0,0.0,0.0,0.0,0.0,-5.248401720262746,-0.3846639587065821,-1.2892275868808032,44.27185476359403,0.013767601221260873,0.02434925210204748,0.13838772234212846,19.162205291211468,19.06554064069817,6.07008240678314,0.016,0.016,hover,0.3272075653076172,0.3272075653076172,0.328061580657959,0.328061580657959,0.6892573833465576,0.00028194166952744126,-0.006501602474600077,0.01076424028724432,0.010709919035434723,0.32758015394210815,0.32758015394210815,0.32852786779403687,0.32852786779403687,0.6881546378135681,-0.00014420782099477947,-0.006807894911617041,0.01072385162115097,0.010663888417184353,2.2639999389648438,0.0,0.003999948501586914,1,0,-0.00372010818682611,0.005693269893527031,-0.08798622339963913,2,0.0,,4.0,3.5,8.0,3.8,3.2,4.0,0.15,0.12,3.0,9.360333382824475,-0.006268704096823155,0.011660587275732864,0.1626491264080856,-0.00372010818682611,0.005693269893527031,-0.08798622339963913,-0.016987633536757467,0.034270888551628964,0.2,0.013767601221260873,-0.02434925210204748,-0.13838772234212846,1.0,0.9999123670263602,0.0,roll,0.0,0.0,0.0,0.0,0,nan,idle,1.2,0.009274670999730006,1,-0.029486573151810018,0.030497388566990826,-0.0022099662367680334,0.051060386241428966,-0.020992758648798546,0.03364620220027838,0.0009103499226290316,0.03381685750270819
3.8919999599456787,direct_px4_equiv,1,1,14,0,0,0,0,1,-0.029314061626791954,0.126523956656456,0.8116085529327393,0.10511229187250137,-0.07099466025829315,0.32751086354255676,-0.3157641862638352,-0.6766417481411282,-14.44419441772553,-0.6854502392285073,-0.0067696948535740376,0.0009479137370362878,0.8007999539375305,0.0,0.0,0.3499999999999833,0.0,0.0,0.0,0.0,0.0,-5.248401720262746,-0.3299267759877327,-1.290993212815486,44.340552536969845,0.018550004414010095,-0.0016040612500176107,0.13723085376427985,19.214957651747245,19.10437879377326,6.046638370668368,0.02,0.02,hover,0.3275509476661682,0.3275509476661682,0.32852673530578613,0.32852673530578613,0.6879250407218933,0.0006968709640204906,-0.006014000158756971,0.010757066309452057,0.010695138014853,0.32739749550819397,0.32739749550819397,0.32825273275375366,0.32825273275375366,0.6896359324455261,0.0002521777932997793,-0.006494561210274696,0.010766634717583656,0.010712253861129284,2.2879998683929443,0.0,0.003999948501586914,1,0,-0.007186729460954666,-0.015540543012320995,-0.08609405905008316,2,0.0,,4.0,3.5,8.0,3.8,3.2,4.0,0.15,0.12,3.0,9.227852287378232,-0.006439963275615465,0.011329731066768028,0.16035369714289302,-0.007186729460954666,-0.015540543012320995,-0.08609405905008316,-0.01714050863923587,0.034546169195392266,0.2,0.018550004414010095,0.0016040612500176107,-0.13723085376427985,1.0,0.9999150820252286,0.0,roll,0.0,0.0,0.0,0.0,0,nan,idle,1.2,0.01263556400226662,1,-0.028434090331222385,0.030497388567697816,-0.0017827411447668663,0.04717947332921859,-0.019418359585403507,0.03359976582078212,0.002250098211512747,0.03379431989394305
3.9120001792907715,direct_px4_equiv,1,1,14,0,0,0,0,1,-0.027997201308608055,0.1261143684387207,0.8167396783828735,0.10067343711853027,-0.07020819932222366,0.32783499360084534,-0.32359604617416937,-0.6634083656090328,-14.341272191545668,-0.6718504042805068,-0.0067696948535740376,0.0009479137370362878,0.807800030708313,0.0,0.0,0.35,0.0,0.0,0.0,0.0,0.0,-5.248401720262746,-0.29300700294710336,-1.293019310907849,44.398335056620624,0.018114008655376303,-0.0032193461548903693,0.1398849549329458,19.239762317970268,19.13076692821164,6.053051682382265,0.02,0.02,hover,0.32778406143188477,0.32778406143188477,0.3287452161312103,0.3287452161312103,0.6882897615432739,0.0010600670939311385,-0.005773654207587242,0.010759088210761547,0.010698113590478897,0.3275509476661682,0.3275509476661682,0.32852673530578613,0.32852673530578613,0.6879250407218933,0.0006968709640204906,-0.006014000158756971,0.010757066309452057,0.010695138014853,2.308000087738037,0.0,0.004000186920166016,1,0,-0.006685972213745117,-0.016587592661380768,-0.08164429664611816,2,0.0,,4.0,3.5,8.0,3.8,3.2,4.0,0.15,0.12,3.0,9.124584846524083,-0.006547740447004722,0.011094439081109724,0.15856334947641307,-0.006685972213745117,-0.016587592661380768,-0.08164429664611816,-0.01727072546798222,0.034769584588814094,0.2,0.018114008655376303,0.0032193461548903693,-0.1398849549329458,1.0,0.9999170202625656,0.0,roll,0.0,0.0,0.0,0.0,0,nan,idle,1.2,0.012479962999350391,1,-0.027635332232705964,0.030497388568638397,-0.0013676482429216224,0.051013098267898266,-0.01864231559302208,0.033609115023132845,0.003422807350768673,0.033800671919415895
3.936000108718872,direct_px4_equiv,1,1,14,0,0,0,0,1,-0.02621365897357464,0.1255841702222824,0.8244287967681885,0.0940219908952713,-0.06900200992822647,0.32842016220092773,-0.3372307672117505,-0.6417541940647494,-14.22621366798957,-0.6497133521393669,-0.0067696948535740376,0.0009479137370362878,0.8162000060081481,0.0,0.0,0.3499999999999833,0.0,0.0,0.0,0.0,0.0,-5.248401720262746,-0.23675714216528337,-1.2984977083239135,44.40879790817462,0.02047845131489554,-0.004883606769671081,0.14364407164877235,19.248257551488983,19.132437802257833,6.053267010065688,0.012,0.012,hover,0.3277988135814667,0.3277988135814667,0.32882001996040344,0.32882001996040344,0.6883020401000977,0.0016077716136351228,-0.005409975536167622,0.010803746990859509,0.010738714598119259,0.3272431492805481,0.3272431492805481,0.3282070755958557,0.3282070755958557,0.6873231530189514,0.001649754703976214,-0.005352831911295652,0.010785877704620361,0.010724479332566261,2.3320000171661377,0.0,0.003999948501586914,1,0,-0.0084147397428751,-0.017494753003120422,-0.07601339370012283,2,0.0,,4.0,3.5,8.0,3.8,3.2,4.0,0.15,0.12,3.0,9.008857125813865,-0.006744261544373438,0.010705609662491145,0.15656184857420005,-0.0084147397428751,-0.017494753003120422,-0.07601339370012283,-0.017430575669786404,0.03503034172331379,0.2,0.02047845131489554,0.004883606769671081,-0.14364407164877235,1.0,0.9999199524338456,0.0,roll,0.0,0.0,0.0,0.0,0,nan,idle,1.2,0.016872576001333073,1,-0.026874260536032035,0.030497388569324956,0.0006746386017287873,0.04722951988412774,-0.017468049556414456,0.033736665630227924,0.005191267931023605,0.03394097146832954
3.9600000381469727,direct_px4_equiv,1,1,14,0,0,0,0,1,-0.025123292580246925,0.12524685263633728,0.8295241594314575,0.08986492455005646,-0.06828346103429794,0.3293643295764923,-0.35001058727260426,-0.621321082151561,-14.117881233074087,-0.6288400065867937,-0.0067696948535740376,0.0009479137370362878,0.8245999813079834,0.0,0.0,0.35,0.0,0.0,0.0,0.0,0.0,-5.248401720262746,-0.20621350264425015,-1.3054679405168292,44.507459307561824,0.01936930313575879,-0.0046699062210713875,0.14410035978083718,19.288752098880426,19.17636082297229,6.067532568970799,0.016,0.016,hover,0.3281864523887634,0.3281864523887634,0.3291763663291931,0.3291763663291931,0.6891126036643982,0.0018620605114847422,-0.005164359696209431,0.010836875066161156,0.010773706249892712,0.3274073302745819,0.3274073302745819,0.32842206954956055,0.32842206954956055,0.6876264810562134,0.0019464934011921287,-0.005116222891956568,0.010817352682352066,0.010752572678029537,2.3559999465942383,0.0,0.003999948501586914,1,0,-0.00727534294128418,-0.016851456835865974,-0.07327484339475632,2,0.0,,4.0,3.5,8.0,3.8,3.2,4.0,0.15,0.12,3.0,8.899936490964793,-0.006928943853017471,0.01033917835540186,0.15467713669299663,-0.00727534294128418,-0.016851456835865974,-0.07327484339475632,-0.017594968441662535,0.03528211156233914,0.2,0.01936930313575879,0.0046699062210713875,-0.14410035978083718,1.0,0.9999225455664942,0.0,roll,0.0,0.0,0.0,0.0,0,nan,idle,1.2,0.00025925400404958054,1,-0.025510258818064492,0.03049738857096187,0.0025997504662512326,0.04721521313117829,-0.0166749897234927,0.03384659678268742,0.006012331169041196,0.034045045713826286
3.9839999675750732,direct_px4_equiv,1,1,14,0,0,0,0,1,-0.022976523265242577,0.12463634461164474,0.8423565626144409,0.07970808446407318,-0.06620864570140839,0.33568239212036133,-0.36034995915024526,-0.6147347958049356,-14.01840264550832,-0.6220064286440551,-0.0067696948535740376,0.0009479137370362878,0.8329999566078186,0.0,0.0,0.35,0.0,0.0,0.0,0.0,0.0,-5.248401720262746,-0.09327106159573778,-1.3094684519148778,44.229873872536345,0.015061639606755287,0.020801541471521426,0.14591398126253943,19.144291023736137,19.04604866227313,6.0646629054448535,0.012,0.012,hover,0.3270350992679596,0.3270350992679596,0.32790347933769226,0.32790347933769226,0.6889495849609375,0.0028383799362927675,-0.0043336753733456135,0.01094449870288372,0.010888312943279743,0.32760539650917053,0.32760539650917053,0.32861635088920593,0.32861635088920593,0.6881032586097717,0.0023856167681515217,-0.004625990521162748,0.010883386246860027,0.010818490758538246,2.379999876022339,0.0,0.003999948501586914,1,0,-0.0037398969288915396,0.004546124022454023,-0.06958673149347305,2,0.0,,4.0,3.5,8.0,3.8,3.2,4.0,0.15,0.12,3.0,8.800772465084611,-0.007091102436352482,0.010216776447027702,0.15294671019657932,-0.0037398969288915396,0.004546124022454023,-0.06958673149347305,-0.01776355719961121,0.03552837203639184,0.2,0.015061639606755287,-0.020801541471521426,-0.14591398126253943,1.0,0.9999226668708406,0.0,roll,0.0,0.0,0.0,0.0,0,nan,idle,1.2,0.004759187999297865,1,-0.022563236611872768,0.030497388571911335,0.0031585115886467595,0.051096822289148386,-0.013992827716351068,0.034206642912771416,0.009164728689910438,0.0343831552665121
4.004000186920166,direct_px4_equiv,1,1,14,0,0,0,0,1,-0.021977299824357033,0.12430236488580704,0.8500889539718628,0.07426478713750839,-0.06526414304971695,0.3330345153808594,-0.3714316551517616,-0.6007301991804536,-13.942723601875784,-0.6077128904144751,-0.0067696948535740376,0.0009479137370362878,0.8400000333786011,0.0,0.0,0.35,0.0,0.0,0.0,0.0,0.0,-5.248401720262746,-0.03809392188318039,-1.314123418210869,44.24800151884946,0.0214397360149968,-0.002220747823741384,0.14847031170508052,19.1761166410527,19.059008107833016,6.038132887738584,0.012,0.012,hover,0.32714977860450745,0.32714977860450745,0.3281843066215515,0.3281843066215515,0.6874410510063171,0.003348040161654353,-0.003943214658647776,0.01097594853490591,0.010908892378211021,0.3274158239364624,0.3274158239364624,0.328287810087204,0.328287810087204,0.6897086501121521,0.0027817438822239637,-0.0043345363810658455,0.010956966318190098,0.010900546796619892,2.4000000953674316,0.0,0.004000186920166016,1,0,-0.008636686950922012,-0.014342745766043663,-0.06582444161176682,2,0.0,,4.0,3.5,8.0,3.8,3.2,4.0,0.15,0.12,3.0,8.7248486588472,-0.007258682634347991,0.00996307458917378,0.1516300163534582,-0.008636686950922012,-0.014342745766043663,-0.06582444161176682,-0.0179074364532471,0.03572955092476366,0.2,0.0214397360149968,0.002220747823741384,-0.14847031170508052,1.0,0.9999240243335579,0.0,roll,0.0,0.0,0.0,0.0,0,nan,idle,1.2,0.0030078929994488135,1,-0.021552239765034797,0.030497388572597893,0.003910772240064032,0.04732667016635641,-0.012732084528410851,0.03427129492561436,0.01081034973994923,0.0344819589656452
4.028000116348267,direct_px4_equiv,1,1,14,0,0,0,0,1,-0.0214578565210104,0.12413834035396576,0.8552910089492798,0.07064858824014664,-0.06463713943958282,0.3336207866668701,-0.3823878763978481,-0.590713985770701,-13.860615764671863,-0.5974500267556737,-0.0067696948535740376,0.0009479137370362878,0.8484000086784362,0.0,0.0,0.35,0.0,0.0,0.0,0.0,0.0,-5.248401720262746,0.0006234598812771552,-1.3216458560722093,44.34960630905239,0.019331543804853312,0.00284943997125295,0.15224037105645505,19.21324822549359,19.102684327458228,6.059253845774005,0.016,0.016,hover,0.3275359869003296,0.3275359869003296,0.32851165533065796,0.32851165533065796,0.6886423230171204,0.003747136564925313,-0.0037154904566705227,0.011013554409146309,0.010950150899589062,0.3275298774242401,0.3275298774242401,0.328566312789917,0.328566312789917,0.6882132291793823,0.0033190706744790077,-0.003919546492397785,0.010979169979691505,0.010912044905126095,2.4240000247955322,0.0,0.003999948501586914,1,0,-0.0067236050963401794,-0.009877525269985199,-0.060891442000865936,2,0.0,,4.0,3.5,8.0,3.8,3.2,4.0,0.15,0.12,3.0,8.642824747483388,-0.00742909872395715,0.00977959331096436,0.1502015098487622,-0.0067236050963401794,-0.009877525269985199,-0.060891442000865936,-0.01808391748024743,0.03596653769610779,0.2,0.019331543804853312,-0.00284943997125295,-0.15224037105645505,1.0,0.9999245840260733,0.0,roll,0.0,0.0,0.0,0.0,0,nan,idle,1.2,0.008535367996955756,1,-0.020694131285702945,0.03053242314258078,0.0057450343049794605,0.0511256169361707,-0.011996794940234432,0.03440091321882835,0.012098976396760766,0.03460010057679617
4.052000045776367,direct_px4_equiv,1,1,14,0,0,0,0,1,-0.020974064245820045,0.12395043671131134,0.8605054616928101,0.0672747939825058,-0.0638740211725235,0.33411669731140137,-0.41427589441157686,-0.5731118938304819,-13.786740235846706,-0.5795344607191376,-0.0067696948535740376,0.0009479137370362878,0.8567999839782714,0.0,0.0,0.3499999999999833,0.0,0.0,0.0,0.0,0.0,-5.248401720262746,0.03109567452582168,-1.3482999550019814,44.45239551492518,0.04788990603529018,-0.0026952903173293394,0.15401018003470035,19.305022828958872,19.10730173376082,6.066593605355852,0.02,0.02,hover,0.32757678627967834,0.32757678627967834,0.32931941747665405,0.32931941747665405,0.6890592575073242,0.004036949016153812,-0.003496346762403846,0.011233042925596237,0.011117948219180107,0.32772311568260193,0.32772311568260193,0.32870787382125854,0.32870787382125854,0.6890205144882202,0.0037197282072156668,-0.003717794781550765,0.011069018393754959,0.011004740372300148,2.447999954223633,0.0,0.003999948501586914,1,0,-0.02982892282307148,-0.01415798906236887,-0.05784659832715988,2,0.0,,4.0,3.5,8.0,3.8,3.2,4.0,0.15,0.12,3.0,8.56958448295091,-0.007954922090753243,0.009436584012515598,0.1489175097032332,-0.02982892282307148,-0.01415798906236887,-0.05784659832715988,-0.01827114665270543,0.03619639128828656,0.2,0.04788990603529018,0.0026952903173293394,-0.15401018003470035,1.0,0.9999238350453047,0.0,roll,0.0,0.0,0.0,0.0,0,nan,idle,1.2,0.012914074002765119,1,-0.019912518990857317,0.03715990849947051,0.007247994261499541,0.057313287399438445,-0.011289210809575578,0.034928063889849016,0.013034740032176324,0.03528964652902838
4.075999975204468,direct_px4_equiv,1,1,14,0,0,0,0,1,-0.020465631037950516,0.12374371290206909,0.868388295173645,0.06207529827952385,-0.06429290026426315,0.33503466844558716,-0.42407903813554526,-0.5507219904401853,-13.723571952574993,-0.5568019702038596,-0.0067696948535740376,0.0009479137370362878,0.8651999592781067,0.0,0.0,0.35,0.0,0.0,0.0,0.0,0.0,-5.248401720262746,0.07734192782057214,-1.331245264429126,44.452096213778105,0.01791512153395596,-0.008289214977539525,0.1622817734203782,19.26200297931195,19.15633480014713,6.060060250365187,0.012,0.012,hover,0.32800978422164917,0.32800978422164917,0.3289410173892975,0.3289410173892975,0.6886880993843079,0.004603404086083174,-0.0033337196800857782,0.011062498204410076,0.011001787148416042,0.3273753225803375,0.3273753225803375,0.32840365171432495,0.32840365171432495,0.6876816749572754,0.004615590907633305,-0.0032146910671144724,0.011059962213039398,0.010992840863764286,2.4719998836517334,0.0,0.003999948501586914,1,0,-0.004665357526391745,-0.018221518024802208,-0.04954550042748451,2,0.0,,4.0,3.5,8.0,3.8,3.2,4.0,0.15,0.12,3.0,8.505604689330807,-0.008091478006362214,0.009038619957586008,0.14781756184373399,-0.004665357526391745,-0.018221518024802208,-0.04954550042748451,-0.01846408183038854,0.03641739010808128,0.2,0.01791512153395596,0.008289214977539525,-0.1622817734203782,1.0,0.9999264156621048,0.0,roll,0.0,0.0,0.0,0.0,0,nan,idle,1.2,0.016646492993459105,1,-0.019136446817593793,0.03795831702381339,0.008273595340836404,0.05709195497895785,-0.010764111323832462,0.03456313333553103,0.014863743939351652,0.03475386347764192
4.1000001430511475,direct_px4_equiv,1,1,14,0,0,0,0,1,-0.01989373192191124,0.12327514588832855,0.8816473484039307,0.053877610713243484,-0.06584782898426056,0.3374220132827759,-0.4466044401908003,-0.529874685735664,-13.672345418911888,-0.5356534218419156,-0.0067696948535740376,0.0009479137370362878,0.8736000180244445,0.0,0.0,0.3499999999999889,0.0,0.0,0.0,0.0,0.0,-5.248401720262746,0.15869242449958182,-1.289988800252124,44.23165535240884,0.042519422079298916,-0.006432453996209277,0.16881686464674764,19.200432260784066,19.02301170300367,6.033750792620563,0.016,0.016,hover,0.3268311321735382,0.3268311321735382,0.3283987045288086,0.3283987045288086,0.6871915459632874,0.0054595437832176685,-0.0028476109728217125,0.01079468708485365,0.010694901458919048,0.32758286595344543,0.32758286595344543,0.3285481035709381,0.3285481035709381,0.6878950595855713,0.004930174443870783,-0.0031199397053569555,0.011003021150827408,0.010940362699329853,2.496000051498413,0.0,0.004000186920166016,1,0,-0.02475108951330185,-0.016245180740952492,-0.04301684722304344,2,0.0,,4.0,3.5,8.0,3.8,3.2,4.0,0.15,0.12,3.0,8.454405656364111,-0.008452793300984996,0.008650489343312633,0.1469264234503491,-0.02475108951330185,-0.016245180740952492,-0.04301684722304344,-0.018664399611073974,0.03662883637113546,0.2,0.042519422079298916,0.006432453996209277,-0.16881686464674764,1.0,0.9999268596599706,0.0,roll,0.0,0.0,0.0,0.0,0,nan,idle,1.2,0.0009630509957787581,1,-0.018405631655393197,0.04958316371423634,0.00963897764235735,0.05633807780346639,-0.009194534643800127,0.033599023315714543,0.0176280977359089,0.03391250854359082
4.124000072479248,direct_px4_equiv,1,1,14,0,0,0,0,1,-0.019780613481998444,0.12303321808576584,0.8870193958282471,0.05045304447412491,-0.06710240989923477,0.34312528371810913,-0.43545606948768756,-0.5336392959569675,-13.63151207084025,-0.5394021943211834,-0.0067696948535740376,0.0009479137370362878,0.8819999933242797,0.0,0.0,0.3499999999999833,0.0,0.0,0.0,0.0,0.0,-5.248401720262746,0.20226207247195063,-1.2476016723908487,44.236519960494746,0.0034457013024676835,0.013542212546821981,0.17560150777393657,19.128377123390027,19.071643584326665,6.061126417868539,0.012,0.012,hover,0.3272615373134613,0.3272615373134613,0.3277629613876343,0.3277629613876343,0.6887487173080444,0.005966471508145332,-0.0026718603912740946,0.01041322946548462,0.01038233283907175,0.3277367055416107,0.3277367055416107,0.32864806056022644,0.32864806056022644,0.6883083581924438,0.005529613234102726,-0.0028032762929797173,0.010664185509085655,0.010606860741972923,2.5199999809265137,0.0,0.003999948501586914,1,0,0.007451820652931929,0.00038689133361913264,-0.036434538662433624,2,0.0,,4.0,3.5,8.0,3.8,3.2,4.0,0.15,0.12,3.0,8.41332854980905,-0.00826045894132525,0.008733253627474635,0.14621507597971128,0.007451820652931929,0.00038689133361913264,-0.036434538662433624,-0.01886345356814608,0.03683861804090514,0.2,0.0034457013024676835,-0.013542212546821981,-0.17560150777393657,1.0,0.9999277475519209,0.0,roll,0.0,0.0,0.0,0.0,0,nan,idle,1.2,0.004475478002859745,1,-0.015211493650359148,0.05393764211452836,0.012043716190825362,0.044337693298500784,-0.00862706085332764,0.0326170617271424,0.019264895925981882,0.032714124194598924
4.148000001907349,direct_px4_equiv,1,1,14,0,0,0,0,1,-0.01969536393880844,0.12259972840547562,0.8951163291931152,0.0466957725584507,-0.06789111346006393,0.3398588001728058,-0.4431297542995865,-0.5208348171591882,-13.600501895021026,-0.5264175802685407,-0.0067696948535740376,0.0009479137370362878,0.890399968624115,0.0,0.0,0.35,0.0,0.0,0.0,0.0,0.0,-5.248401720262746,0.2400367220069713,-1.2241769303318115,44.30498823705338,0.018122765990967963,0.00027903545212833766,0.18119883573211984,19.187520177478383,19.087886488607374,6.053866420973763,0.016,0.016,hover,0.32740518450737,0.32740518450737,0.32828488945961,0.32828488945961,0.6883360743522644,0.0064056431874632835,-0.0024954997934401035,0.010208946652710438,0.010155917145311832,0.32753291726112366,0.32753291726112366,0.3284136652946472,0.3284136652946472,0.688532829284668,0.006051306147128344,-0.002781757852062583,0.010418185032904148,0.010364023968577385,2.5439999103546143,0.0,0.003999948501586914,1,0,-0.004579444881528616,-0.010405623354017735,-0.03109952248632908,2,0.0,,4.0,3.5,8.0,3.8,3.2,4.0,0.15,0.12,3.0,8.382006586488473,-0.008375398987692063,0.008502850705456616,0.14567509318815935,-0.004579444881528616,-0.010405623354017735,-0.03109952248632908,-0.01906309985126182,0.03704521369074269,0.2,0.018122765990967963,-0.00027903545212833766,-0.18119883573211984,1.0,0.9999287771116557,0.0,roll,0.0,0.0,0.0,0.0,0,nan,idle,1.2,0.008450590001302771,1,-0.013369584335617263,0.050177394698914385,0.01408158475327006,0.03861781478209552,-0.008057616932226648,0.031905755435034655,0.02068291930161533,0.032072351967294424
4.172000169754028,direct_px4_equiv,1,1,14,0,0,0,0,1,-0.01972220279276371,0.12210697680711746,0.9032875299453735,0.04313656687736511,-0.06860537827014923,0.34119731187820435,-0.4535137917756207,-0.5044794878902784,-13.578105219066497,-0.5098578174628856,-0.0067696948535740376,0.0009479137370362878,0.8988000273704528,0.0,0.0,0.35,0.0,0.0,0.0,0.0,0.0,-5.248401720262746,0.27313054174069107,-1.2029960518506706,44.28754103421469,0.020834446833026366,-0.0028385531384191903,0.18664621309650697,19.1850275998261,19.07860901300481,6.04798953510631,0.02,0.02,hover,0.32732313871383667,0.32732313871383667,0.32826289534568787,0.32826289534568787,0.6880019307136536,0.006811532191932201,-0.0023618305567651987,0.010037130676209927,0.009981437586247921,0.3275963068008423,0.3275963068008423,0.3284774720668793,0.3284774720668793,0.6887192130088806,0.006384053733199835,-0.0025013668928295374,0.010214154608547688,0.010161038488149643,2.568000078201294,0.0,0.004000186920166016,1,0,-0.006640248466283083,-0.012635402381420135,-0.026075946167111397,2,0.0,,4.0,3.5,8.0,3.8,3.2,4.0,0.15,0.12,3.0,8.359221496121053,-0.008533765356742587,0.008206626091834862,0.1452849653574061,-0.006640248466283083,-0.012635402381420135,-0.026075946167111397,-0.01926628497386907,0.03724528882193875,0.2,0.020834446833026366,0.0028385531384191903,-0.18664621309650697,1.0,0.9999299130720654,0.0,roll,0.0,0.0,0.0,0.0,0,nan,idle,1.2,0.012748214998282492,1,-0.013372008201897554,0.05419284462131759,0.014879464594595571,0.04230358485089674,-0.007626017916678525,0.03135760996831048,0.021993477807170335,0.031532577436441805
4.196000099182129,direct_px4_equiv,1,1,14,0,0,0,0,1,-0.019787393510341644,0.12174500524997711,0.9087460041046143,0.040916722267866135,-0.06904269754886627,0.342084139585495,-0.46369125285299023,-0.48964194435720315,-13.564252189754193,-0.49484449478203407,-0.0067696948535740376,0.0009479137370362878,0.907200002670288,0.0,0.0,0.3499999999999833,0.0,0.0,0.0,0.0,0.0,-5.248401720262746,0.29172876436284556,-1.193388259500302,44.37587747762415,0.020528323836380116,-0.0006934891379396423,0.19440122820884834,19.220810466613017,19.116142964649303,6.063154902404828,0.012,0.012,hover,0.3276548981666565,0.3276548981666565,0.32857829332351685,0.32857829332351685,0.6888639330863953,0.007139365654438734,-0.00239692279137671,0.009937386028468609,0.009883254766464233,0.3270837068557739,0.3270837068557739,0.3280416429042816,0.3280416429042816,0.6874167323112488,0.0070841945707798,-0.002270198194310069,0.009921710938215256,0.00986555777490139,2.5920000076293945,0.0,0.003999948501586914,1,0,-0.006209377199411392,-0.010506602935492992,-0.019309891387820244,2,0.0,,4.0,3.5,8.0,3.8,3.2,4.0,0.15,0.12,3.0,8.345075727402298,-0.008691158921608285,0.007936497513858647,0.14504359974524583,-0.006209377199411392,-0.010506602935492992,-0.019309891387820244,-0.019473305331067833,0.03743834564865401,0.2,0.020528323836380116,0.0006934891379396423,-0.19440122820884834,1.0,0.9999307378864867,0.0,roll,0.0,0.0,0.0,0.0,0,nan,idle,1.2,0.01673853499960387,1,-0.011893745089802926,0.05027493256048412,0.016504271951183005,0.03832274519059012,-0.007739325886731555,0.031049159734039395,0.023052005515761264,0.03121921973689896
4.2200000286102295,direct_px4_equiv,1,1,14,0,0,0,0,1,-0.020129607990384102,0.12074393779039383,0.922513484954834,0.03611152991652489,-0.0703599750995636,0.3430887460708618,-0.4741215572547633,-0.4724872128086595,-13.557420116290148,-0.47749924950187844,-0.0067696948535740376,0.0009479137370362878,0.9155999779701233,0.0,0.0,0.35,0.0,0.0,0.0,0.0,0.0,-5.248401720262746,0.34000162955173807,-1.1483989891570303,44.162468669798784,0.022259553931609288,-0.004983864202412192,0.19794974746607416,19.132014405497035,19.02473579432557,6.029252753329821,0.016,0.016,hover,0.3268464207649231,0.3268464207649231,0.3277950882911682,0.3277950882911682,0.6869353652000427,0.007654249668121338,-0.0021041438449174166,0.009608603082597256,0.009554708376526833,0.3268609941005707,0.3268609941005707,0.32780179381370544,0.32780179381370544,0.6870973110198975,0.007492887321859598,-0.0021899091079831123,0.009730633348226547,0.00967650581151247,2.615999937057495,0.0,0.003999948501586914,1,0,-0.007449659518897533,-0.013692861422896385,-0.016207212582230568,2,0.0,,4.0,3.5,8.0,3.8,3.2,4.0,0.15,0.12,3.0,8.337836877136388,-0.008850562795655596,0.007625209238168024,0.14492424381360594,-0.007449659518897533,-0.013692861422896385,-0.016207212582230568,-0.019684211040223026,0.037624519655342484,0.2,0.022259553931609288,0.004983864202412192,-0.19794974746607416,1.0,0.9999317618589413,0.0,roll,0.0,0.0,0.0,0.0,0,nan,idle,1.2,0.000851862998388242,1,-0.010369299954490742,0.05021689132184572,0.020225161522115866,0.03825916854620675,-0.006793983940639441,0.030017002865142774,0.024714494115342177,0.030186317073539474
4.24399995803833,direct_px4_equiv,1,1,14,0,0,0,0,1,-0.020436543971300125,0.12005433440208435,0.9307920932769775,0.0336761474609375,-0.07115542888641357,0.3442758619785309,-0.4846940178674071,-0.45513342799039086,-13.556556836772222,-0.4599604187126828,-0.0067696948535740376,0.0009479137370362878,0.9239999532699584,0.0,0.0,0.35,0.0,0.0,0.0,0.0,0.0,-5.248401720262746,0.35942266027679737,-1.1262285800596843,44.14380631900253,0.022343408795513827,-0.0052365223462932375,0.20301715336118512,19.12330843280984,19.017100514724568,6.026704337753667,0.012,0.012,hover,0.3267787992954254,0.3267787992954254,0.32771819829940796,0.32771819829940796,0.6867901682853699,0.00794058945029974,-0.0020721324253827333,0.009426834061741829,0.009374463930726051,0.3274422585964203,0.3274422585964203,0.3283661901950836,0.3283661901950836,0.6879911422729492,0.007639145478606224,-0.0021893116645514965,0.009625522419810295,0.009573028422892094,2.6399998664855957,0.0,0.003999948501586914,1,0,-0.0073269749991595745,-0.013506953604519367,-0.01196468248963356,2,0.0,,4.0,3.5,8.0,3.8,3.2,4.0,0.15,0.12,3.0,8.336589766095246,-0.00901260762797321,0.007309825768552312,0.1449087296437354,-0.0073269749991595745,-0.013506953604519367,-0.01196468248963356,-0.01989885931234183,0.03780311149458748,0.2,0.022343408795513827,0.0052365223462932375,-0.20301715336118512,1.0,0.9999326696759028,0.0,roll,0.0,0.0,0.0,0.0,0,nan,idle,1.2,0.004504952994466294,1,-0.010871320228865515,0.054177513166980405,0.02089639511306742,0.042295071199086584,-0.006690623387922552,0.02945074607650131,0.02563904394651067,0.029615272454211618
4.264000177383423,direct_px4_equiv,1,1,14,0,0,0,0,1,-0.02068517543375492,0.11954166740179062,0.9363366365432739,0.032260335981845856,-0.07172903418540955,0.34478574991226196,-0.49361678402086834,-0.43862649306602547,-13.559903366432676,-0.44328218336200786,-0.0067696948535740376,0.0009479137370362878,0.931000030040741,0.0,0.0,0.35,0.0,0.0,0.0,0.0,0.0,-5.248401720262746,0.3664219009719828,-1.112763357270591,44.18568169820301,0.022726698538497094,-0.00909887319189441,0.20646652049197817,19.143960172075136,19.037327872640827,6.027517802122311,0.012,0.012,hover,0.32695791125297546,0.32695791125297546,0.32790055871009827,0.32790055871009827,0.6868365406990051,0.008074125275015831,-0.0020978201646357775,0.009304194711148739,0.009252355434000492,0.3271612226963043,0.3271612226963043,0.32810384035110474,0.32810384035110474,0.6875532865524292,0.007891862653195858,-0.002099190838634968,0.009440490044653416,0.009387925267219543,2.6600000858306885,0.0,0.004000186920166016,1,0,-0.007480007596313953,-0.016350680962204933,-0.009164583869278431,2,0.0,,4.0,3.5,8.0,3.8,3.2,4.0,0.15,0.12,3.0,8.339529401321728,-0.00914726653476344,0.007010936686179467,0.14496639290360777,-0.007480007596313953,-0.016350680962204933,-0.009164583869278431,-0.020080725929710486,0.03794578017440672,0.2,0.022726698538497094,0.00909887319189441,-0.20646652049197817,1.0,0.9999335871399713,0.0,roll,0.0,0.0,0.0,0.0,0,nan,idle,1.2,0.004593737998220604,1,-0.009455835684981585,0.05023924909421254,0.022677004061327357,0.03831713568569131,-0.0067735660336049955,0.029067132871401696,0.026070213970161217,0.029229990589947057
4.288000106811523,direct_px4_equiv,1,1,14,0,0,0,0,1,-0.021114366129040718,0.11869728565216064,0.9446917772293091,0.03045268915593624,-0.07259103655815125,0.3457706868648529,-0.5058766040791512,-0.417266855077363,-13.568143996261268,-0.4217047490939626,-0.0067696948535740376,0.0009479137370362878,0.9394000053405761,0.0,0.0,0.35,0.0,0.0,0.0,0.0,0.0,-5.248401720262746,0.37480299800651273,-1.0903595211952508,44.16851660005299,0.025115208409138928,-0.010183860435131272,0.20999239449603962,19.140048860036245,19.0273084210381,6.02390483945971,0.016,0.016,hover,0.3268691897392273,0.3268691897392273,0.3278660178184509,0.3278660178184509,0.6866306066513062,0.008233526721596718,-0.002116857562214136,0.009121619164943695,0.00906787533313036,0.3273407816886902,0.3273407816886902,0.3282870054244995,0.3282870054244995,0.6875975131988525,0.008017955347895622,-0.0021328874863684177,0.009319938719272614,0.009267875924706459,2.684000015258789,0.0,0.003999948501586914,1,0,-0.009243860840797424,-0.016769221052527428,-0.006407883949577808,2,0.0,,4.0,3.5,8.0,3.8,3.2,4.0,0.15,0.12,3.0,8.347336266361188,-0.0093341422013087,0.0066229458360203474,0.14510904251915097,-0.009243860840797424,-0.016769221052527428,-0.006407883949577808,-0.020302849796793077,0.03810851871463182,0.2,0.025115208409138928,0.010183860435131272,-0.20999239449603962,1.0,0.9999345051857006,0.0,roll,0.0,0.0,0.0,0.0,0,nan,idle,1.2,0.00845269400451798,1,-0.009891183686458159,0.05418034137823849,0.02296271817964637,0.04222997825621197,-0.006835034507027328,0.028487571318155155,0.026584896868829127,0.028656411705910823
4.312000036239624,direct_px4_equiv,1,1,14,0,0,0,0,1,-0.02141159400343895,0.1180870309472084,0.9502625465393066,0.029280895367264748,-0.07316391915082932,0.346267431974411,-0.5186969582296662,-0.3962561566724597,-13.580737191071146,-0.4004835093619233,-0.0067696948535740376,0.0009479137370362878,0.9477999806404113,0.0,0.0,0.3499999999999833,0.0,0.0,0.0,0.0,0.0,-5.248401720262746,0.375698283822238,-1.07995846903759,44.260057115135545,0.024670331791298145,-0.0100159605765834,0.2118286853071761,19.178426377562428,19.06749858014069,6.036637339664938,0.02,0.02,hover,0.32722488045692444,0.32722488045692444,0.3282046914100647,0.3282046914100647,0.6873558759689331,0.008268591947853565,-0.0021503185853362083,0.009015535935759544,0.00896337628364563,0.32706061005592346,0.32706061005592346,0.3280590772628784,0.3280590772628784,0.6870118379592896,0.00820749718695879,-0.002133319154381752,0.009129174053668976,0.009075327776372433,2.7079999446868896,0.0,0.003999948501586914,1,0,-0.008630585856735706,-0.01614953763782978,-0.005149079952389002,2,0.0,,4.0,3.5,8.0,3.8,3.2,4.0,0.15,0.12,3.0,8.359605572244357,-0.00953139833161975,0.006239929247348043,0.14532742294229972,-0.008630585856735706,-0.01614953763782978,-0.005149079952389002,-0.02052952390359912,0.03826217385407046,0.2,0.024670331791298145,0.0100159605765834,-0.2118286853071761,1.0,0.9999351078674396,0.0,roll,0.0,0.0,0.0,0.0,0,nan,idle,1.2,0.012467640000977553,1,-0.009076155776660566,0.050222263839400795,0.024390815113855237,0.03835481407595302,-0.006943075936959597,0.028159276093856843,0.026698117530401428,0.028323140251175178
4.335999965667725,direct_px4_equiv,1,1,14,0,0,0,0,1,-0.021940896287560463,0.1171133816242218,0.9586549997329712,0.02776242420077324,-0.07397762686014175,0.34756696224212646,-0.5355979468008081,-0.3760338016949497,-13.596033899857284,-0.3800602221865786,-0.0067696948535740376,0.0009479137370362878,0.9561999559402465,0.0,0.0,0.35,0.0,0.0,0.0,0.0,0.0,-5.248401720262746,0.38189521462678894,-1.060692693785243,44.23542681297949,0.01790540567428273,-0.008201932691390159,0.21723893031596148,19.155707993611834,19.066297805711475,6.035737997999484,0.012,0.012,hover,0.3272142708301544,0.3272142708301544,0.32800424098968506,0.32800424098968506,0.687304675579071,0.008452619425952435,-0.002235312247648835,0.008855219930410385,0.00881387759000063,0.3261632025241852,0.3261632025241852,0.3279131054878235,0.3279131054878235,0.6860672235488892,0.008481334894895554,-0.002096795244142413,0.00894069578498602,0.0088483402505517,2.7319998741149902,0.0,0.003999948501586914,1,0,-0.00266799028031528,-0.014166589826345444,-0.0009626162354834378,2,0.0,,4.0,3.5,8.0,3.8,3.2,4.0,0.15,0.12,3.0,8.374952168038478,-0.009800737536278652,0.005865178390375313,0.14559307322154272,-0.00266799028031528,-0.014166589826345444,-0.0009626162354834378,-0.020765817670144546,0.038406801347776263,0.2,0.01790540567428273,0.008201932691390159,-0.21723893031596148,1.0,0.9999347726180592,0.0,roll,0.0,0.0,0.0,0.0,0,nan,idle,1.2,0.016651261001243256,1,-0.009585339272056426,0.054223011533780674,0.024588072948890337,0.04987247496994834,-0.007217508498669972,0.02768961209098594,0.02729231590450529,0.027819494191191205
4.356000185012817,direct_px4_equiv,1,1,14,0,0,0,0,1,-0.02227708511054516,0.11641525477170944,0.964258074760437,0.026675840839743614,-0.075588159263134,0.34722965955734253,-0.5363144809726013,-0.35843206927040777,-13.611630981216711,-0.3622844876053951,-0.0067696948535740376,0.0009479137370362878,0.9632000327110289,0.0,0.0,0.3499999999999889,0.0,0.0,0.0,0.0,0.0,-5.248401720262746,0.37983211365624725,-1.0220001938670356,44.291149352388615,0.01676978496377671,-0.010742626108900647,0.21940389193303492,19.17844851087353,19.094019471552816,6.040007637671567,0.012,0.012,hover,0.3274593949317932,0.3274593949317932,0.328204870223999,0.328204870223999,0.6875477433204651,0.008476601913571358,-0.002302255015820265,0.008519725874066353,0.008482210338115692,0.3271908164024353,0.3271908164024353,0.32738324999809265,0.32738324999809265,0.6859819889068604,0.008494939655065536,-0.0022164019756019115,0.008501644246280193,0.00849195010960102,2.752000093460083,0.0,0.004000186920166016,1,0,-0.0017366361571475863,-0.015897812321782112,0.0005048130988143384,2,0.0,,4.0,3.5,8.0,3.8,3.2,4.0,0.15,0.12,3.0,8.389698362385541,-0.009791611352980954,0.005556546341809087,0.1458632389240036,-0.0017366361571475863,-0.015897812321782112,0.0005048130988143384,-0.020961352676868487,0.03852028521534304,0.2,0.01676978496377671,0.010742626108900647,-0.21940389193303492,1.0,0.9999366245698893,0.0,roll,0.0,0.0,0.0,0.0,0,nan,idle,1.2,0.01659133000066504,1,-0.009099300413001355,0.05696377275500304,0.0250250443130178,0.03860633418264279,-0.007433657096854049,0.026647649744996643,0.027369753103404764,0.02676550715561653
4.380000114440918,direct_px4_equiv,1,1,14,0,0,0,0,1,-0.023167969658970833,0.11458057910203934,0.9782731533050537,0.025057779625058174,-0.07627024501562119,0.34877535700798035,-0.5485023168036177,-0.3404855467477809,-13.63153426574768,-0.3441626530183514,-0.0067696948535740376,0.0009479137370362878,0.9716000080108642,0.0,0.0,0.35,0.0,0.0,0.0,0.0,0.0,-5.248401720262746,0.3900117704275994,-0.9857891811866957,44.06063969621387,0.025675000697967378,-0.009591836099160568,0.22019206728349233,19.09040484424973,18.980666408456656,6.010202191181864,0.016,0.016,hover,0.3264559209346771,0.3264559209346771,0.3274274468421936,0.3274274468421936,0.6858492493629456,0.00862966850399971,-0.0022496008314192295,0.008266878314316273,0.008219346404075623,0.326962947845459,0.326962947845459,0.3278307020664215,0.3278307020664215,0.686728835105896,0.008595162071287632,-0.002298942767083645,0.008390847593545914,0.008347799070179462,2.7760000228881836,0.0,0.003999948501586914,1,0,-0.008920275606215,-0.014526404440402985,0.0007195771322585642,2,0.0,,4.0,3.5,8.0,3.8,3.2,4.0,0.15,0.12,3.0,8.409535843319532,-0.009981832000504726,0.005226911913660839,0.14620885622673555,-0.008920275606215,-0.014526404440402985,0.0007195771322585642,-0.021198737161265215,0.03864889557937422,0.2,0.025675000697967378,0.009591836099160568,-0.22019206728349233,1.0,0.9999365212076281,0.0,roll,0.0,0.0,0.0,0.0,0,nan,idle,1.2,0.0007969590005814098,1,-0.009076523737976206,0.05553511141285038,0.025843211790540076,0.03516635476164213,-0.00726364399328349,0.025821839464196847,0.027863984509163612,0.02597116423762166
4.4040000438690186,direct_px4_equiv,1,1,14,0,0,0,0,1,-0.023663295432925224,0.1134595051407814,0.9867312908172607,0.024276355281472206,-0.07644174993038177,0.34973767399787903,-0.5623894204841025,-0.3255985777505451,-13.65100349637228,-0.3291314810933553,-0.0067696948535740376,0.0009479137370362878,0.9799999833106994,0.0,0.0,0.3499999999999833,0.0,0.0,0.0,0.0,0.0,-5.248401720262746,0.3917732414524679,-0.9752871581003011,44.03972729139364,0.027558892126857065,-0.006366907080555523,0.22140395429866025,19.081787250154658,18.966828855302737,6.011570234921533,0.012,0.012,hover,0.326333224773407,0.326333224773407,0.32735124230384827,0.32735124230384827,0.6859272718429565,0.008680305443704128,-0.002266114577651024,0.008184757083654404,0.008135437034070492,0.3269887864589691,0.3269887864589691,0.3280268609523773,0.3280268609523773,0.687135636806488,0.008572409860789776,-0.0022878311574459076,0.008302628062665462,0.008251716382801533,2.799999952316284,0.0,0.003999948501586914,1,0,-0.010211469605565071,-0.011490270495414734,0.0013078332412987947,2,0.0,,4.0,3.5,8.0,3.8,3.2,4.0,0.15,0.12,3.0,8.42924125081009,-0.010205410692593876,0.00494833105987539,0.14654713944563114,-0.010211469605565071,-0.011490270495414734,0.0013078332412987947,-0.021441335555158467,0.038770336208645055,0.2,0.027558892126857065,0.006366907080555523,-0.22140395429866025,1.0,0.999935681805419,0.0,roll,0.0,0.0,0.0,0.0,0,nan,idle,1.2,0.004527053999481723,1,-0.008925491473756675,0.051560398626234794,0.026318495944614353,0.031190413466852505,-0.007316964545853474,0.02555822820501573,0.02802748207157337,0.025713171272371108
4.427999973297119,direct_px4_equiv,1,1,14,0,0,0,0,1,-0.023958897218108177,0.1127379834651947,0.992383599281311,0.023961862549185753,-0.07650580257177353,0.35029181838035583,-0.5770856550584974,-0.3124916150278158,-13.67007124518166,-0.3158977985893298,-0.0067696948535740376,0.0009479137370362878,0.9883999586105346,0.0,0.0,0.35,0.0,0.0,0.0,0.0,0.0,-5.248401720262746,0.38830364575341175,-0.9760207109841104,44.12707264855378,0.02872178981105802,-0.005857006406297532,0.2234517673950036,19.121002489869575,19.00248179774221,6.024100870073658,0.016,0.016,hover,0.3266492784023285,0.3266492784023285,0.3276978135108948,0.3276978135108948,0.6866418123245239,0.00868631899356842,-0.0023398473858833313,0.008175542578101158,0.008124856278300285,0.32671526074409485,0.32671526074409485,0.3277376890182495,0.3277376890182495,0.6866956949234009,0.008643478155136108,-0.002286146394908428,0.008210718631744385,0.008161085657775402,2.8239998817443848,0.0,0.003999948501586914,1,0,-0.010882907547056675,-0.010753505863249302,0.0026000733487308025,2,0.0,,4.0,3.5,8.0,3.8,3.2,4.0,0.15,0.12,3.0,8.448724248175084,-0.010445239455670203,0.004699657983545006,0.14687857993742193,-0.010882907547056675,-0.010753505863249302,0.0026000733487308025,-0.021689639685627003,0.03888558857440686,0.2,0.02872178981105802,0.005857006406297532,-0.2234517673950036,1.0,0.9999344050897253,0.0,roll,0.0,0.0,0.0,0.0,0,nan,idle,1.2,0.008394504002353642,1,-0.009044147536381853,0.055471448069917,0.026534287507748357,0.035152344776870396,-0.007555037556281178,0.02552498759427946,0.028046901575071632,0.025684224822845804
4.452000141143799,direct_px4_equiv,1,1,14,0,0,0,0,1,-0.02423311583697796,0.11199123412370682,0.9980347156524658,0.02370472252368927,-0.07661367952823639,0.3502398133277893,-0.5925182757982731,-0.299980504091892,-13.68834982536598,-0.303264702609553,-0.0067696948535740376,0.0009479137370362878,0.9968000173568725,0.0,0.0,0.35,0.0,0.0,0.0,0.0,0.0,-5.248401720262746,0.38397294750894617,-0.976648368494236,44.225961473797355,0.030039033609690256,-0.005144203125639575,0.22389706766799689,19.165291000801624,19.042677338464287,6.038456957010011,0.008,0.02,hover,0.3270052671432495,0.3270052671432495,0.32808881998062134,0.32808881998062134,0.6874594688415527,0.008643710054457188,-0.0023803485091775656,0.008163529448211193,0.008111290633678436,0.32663506269454956,0.32663506269454956,0.3276936709880829,0.3276936709880829,0.6866539120674133,0.008669441565871239,-0.0023477559443563223,0.008187534287571907,0.008136705495417118,2.8480000495910645,0.0,0.004000186920166016,1,0,-0.011663557030260563,-0.009860318154096603,0.002574235899373889,2,0.0,,4.0,3.5,8.0,3.8,3.2,4.0,0.15,0.12,3.0,8.467537074842523,-0.01069854084735328,0.004460403105901241,0.14719627589035952,-0.011663557030260563,-0.009860318154096603,0.002574235899373889,-0.021943805763709728,0.03899502493634883,0.2,0.030039033609690256,0.005144203125639575,-0.22389706766799689,1.0,0.9999328230127571,0.0,roll,0.0,0.0,0.0,0.0,0,nan,idle,1.2,0.012955622005392797,1,-0.008657827232119854,0.05153597802813339,0.026839067178002794,0.031162948399914146,-0.007685809710715686,0.025482370041331175,0.02790932132551211,0.025646484030269798
4.476000070571899,direct_px4_equiv,1,1,14,0,0,0,0,1,-0.024590564891695976,0.11089420318603516,1.0064900517463684,0.023362619802355766,-0.07667892426252365,0.35051071643829346,-0.6080358584753521,-0.28790142237025174,-13.70544589465833,-0.2910663413558941,-0.0067696948535740376,0.0009479137370362878,1.0051999926567077,0.0,0.0,0.35,0.0,0.0,0.0,0.0,0.0,-5.248401720262746,0.38056317869895784,-0.9715106837449737,44.21796204373699,0.029679145417663488,-0.0042592277278905855,0.22373899692873855,19.16059201028787,19.03920618874199,6.0384578780072555,0.012,0.012,hover,0.3269745409488678,0.3269745409488678,0.32804733514785767,0.32804733514785767,0.6874595284461975,0.008613605983555317,-0.002404618775472045,0.008122056722640991,0.008070590905845165,0.3264049291610718,0.3264049291610718,0.32748422026634216,0.32748422026634216,0.6861653327941895,0.008666076697409153,-0.0023854500614106655,0.008079956285655499,0.00802836287766695,2.871999979019165,0.0,0.003999948501586914,1,0,-0.011043459177017212,-0.00883355364203453,0.002072883304208517,2,0.0,,4.0,3.5,8.0,3.8,3.2,4.0,0.15,0.12,3.0,8.485234141384586,-0.010953756411536055,0.004228590866776313,0.14749335047398823,-0.011043459177017212,-0.00883355364203453,0.002072883304208517,-0.02220415024397352,0.03909869621043842,0.2,0.029679145417663488,0.0042592277278905855,-0.22373899692873855,1.0,0.9999310671213864,0.0,roll,0.0,0.0,0.0,0.0,0,nan,idle,1.2,0.016610895996564068,1,-0.00872477561217291,0.05545953635363262,0.026976309139307618,0.03508860989404955,-0.007764175534914511,0.02535450837013653,0.02781211960659536,0.025516192832618367
4.5,direct_px4_equiv,1,1,14,0,0,0,0,1,-0.02506517805159092,0.10911531746387482,1.020482361316681,0.023273814469575882,-0.0766255110502243,0.35189738869667053,-0.6238948578455732,-0.27894247911867126,-13.722011263238752,-0.2820210099152449,-0.0067696948535740376,0.0009479137370362878,1.0135999679565428,0.0,0.0,0.34999999999995557,0.0,0.0,0.0,0.0,0.0,-5.248401720262746,0.3745231635672998,-0.9571662549227831,43.99033587073171,0.03055674605306987,-0.0022481079071607945,0.22418196876710692,19.06199219676698,18.938453431533528,6.009890714754283,0.016,0.016,hover,0.32608145475387573,0.32608145475387573,0.32717618346214294,0.32717618346214294,0.6858314871788025,0.008620950393378735,-0.0024770349264144897,0.00804468896239996,0.00799254048615694,0.32615572214126587,0.32615572214126587,0.3272319734096527,0.3272319734096527,0.685807466506958,0.008622127585113049,-0.0024108579382300377,0.008053591474890709,0.008002274669706821,2.8959999084472656,0.0,0.003999948501586914,1,0,-0.011442790739238262,-0.006935094948858023,0.002083691069856286,2,0.0,,4.0,3.5,8.0,3.8,3.2,4.0,0.15,0.12,3.0,8.50258779806306,-0.011218846629568112,0.0040506217102211604,0.14778145025075273,-0.011442790739238262,-0.006935094948858023,0.002083691069856286,-0.02247069370842362,0.039197598180219256,0.2,0.03055674605306987,0.0022481079071607945,-0.22418196876710692,1.0,0.9999288649676347,0.0,roll,0.0,0.0,0.0,0.0,0,nan,idle,1.2,0.000967769003182184,1,-0.008745162818188735,0.05543638858731693,0.02729256803239479,0.035162613308554656,-0.007997996705983067,0.025109307333717745,0.027835833433115693,0.02527313440143785
4.52400016784668,direct_px4_equiv,1,1,14,0,0,0,0,1,-0.025253288447856903,0.10814207792282104,1.0288494229316711,0.023499812930822372,-0.07650744169950485,0.35178253054618835,-0.6396738267277152,-0.2705742539010119,-13.738288285150034,-0.27357204121328693,-0.0067696948535740376,0.0009479137370362878,1.0220000267028808,0.0,0.0,0.3499999999999889,0.0,0.0,0.0,0.0,0.0,-5.248401720262746,0.365179320276815,-0.9594538837855278,43.99195785705314,0.030648393104389143,-0.0023495923193189135,0.22375961431600194,19.063082393240997,18.938996163330362,6.0098222546617155,0.012,0.012,hover,0.32608628273010254,0.32608628273010254,0.32718580961227417,0.32718580961227417,0.6858275532722473,0.008533790707588196,-0.0025424251798540354,0.008063687942922115,0.008011188358068466,0.3266475796699524,0.3266475796699524,0.3277566432952881,0.3277566432952881,0.6870346665382385,0.0086094681173563,-0.0025170629378408194,0.008089651353657246,0.008036616258323193,2.9200000762939453,0.0,0.004000186920166016,1,0,-0.011187822557985783,-0.006810693070292473,0.001378204207867384,2,0.0,,4.0,3.5,8.0,3.8,3.2,4.0,0.15,0.12,3.0,8.519702227790392,-0.011483248050763189,0.003882990152430305,0.1480645186940961,-0.011187822557985783,-0.006810693070292473,0.001378204207867384,-0.022743668902600937,0.039292533870755604,0.2,0.030648393104389143,0.0023495923193189135,-0.22375961431600194,1.0,0.9999265286971571,0.0,roll,0.0,0.0,0.0,0.0,0,nan,idle,1.2,0.004516875000263099,1,-0.008407795002021845,0.05149252149138138,0.02746817118282088,0.031173163505459546,-0.008209132834381818,0.025167891568268288,0.027554408238941664,0.025332824007616685
4.54800009727478,direct_px4_equiv,1,1,14,0,0,0,0,1,-0.02533910982310772,0.10749013721942902,1.034384310245514,0.023603742942214012,-0.0763864815235138,0.3516252338886261,-0.6550344585143724,-0.26226990806507333,-13.752910891286325,-0.2651857956993249,-0.0067696948535740376,0.0009479137370362878,1.030400002002716,0.0,0.0,0.35,0.0,0.0,0.0,0.0,0.0,-5.248401720262746,0.3579026240334055,-0.9670214937161785,44.096557025015464,0.029825481785763986,-0.0017732098713348135,0.22492610896682422,19.106955019554487,18.984951812803867,6.024730834678443,0.016,0.016,hover,0.32649391889572144,0.32649391889572144,0.3275737166404724,0.3275737166404724,0.6866776943206787,0.00848261546343565,-0.002624250017106533,0.008107625879347324,0.008055845275521278,0.3264680504798889,0.3264680504798889,0.3275720477104187,0.3275720477104187,0.6866014003753662,0.008509236387908459,-0.0025486766826361418,0.008092482574284077,0.008039642125368118,2.944000005722046,0.0,0.003999948501586914,1,0,-0.010181195102632046,-0.0061226640827953815,0.0020338695030659437,2,0.0,,4.0,3.5,8.0,3.8,3.2,4.0,0.15,0.12,3.0,8.535169033745332,-0.011740348839544619,0.0037171067810502292,0.14831873994047418,-0.010181195102632046,-0.0061226640827953815,0.0020338695030659437,-0.02302284092637538,0.03938350315258236,0.2,0.029825481785763986,0.0017732098713348135,-0.22492610896682422,1.0,0.9999241736622856,0.0,roll,0.0,0.0,0.0,0.0,0,nan,idle,1.2,0.00856692699744599,1,-0.008552353067809795,0.055412605278776485,0.02752618469918591,0.03515908259750954,-0.008473333675766899,0.025308185701815363,0.02738917140865485,0.02547085904480654
4.572000026702881,direct_px4_equiv,1,1,14,0,0,0,0,1,-0.02541075088083744,0.10650920122861862,1.0426574349403381,0.02394554764032364,-0.07607034593820572,0.35165733098983765,-0.6717309748745033,-0.25416743382982127,-13.766118648716763,-0.25700206806007925,-0.0067696948535740376,0.0009479137370362878,1.0387999773025511,0.0,0.0,0.34999999999995557,0.0,0.0,0.0,0.0,0.0,-5.248401720262746,0.34644718612268643,-0.9739622328064463,44.09891471412409,0.03195462023169905,-0.0023217162701500353,0.22458452801528106,19.111920268672595,18.982980548392554,6.024145828520772,0.02,0.02,hover,0.32647645473480225,0.32647645473480225,0.3276175856590271,0.3276175856590271,0.6866443753242493,0.008381574414670467,-0.002708040876314044,0.008166679181158543,0.008111570030450821,0.3266851007938385,0.3266851007938385,0.3277672231197357,0.3277672231197357,0.6870642900466919,0.00846798624843359,-0.002629189984872937,0.008122466504573822,0.008070509880781174,2.9679999351501465,0.0,0.003999948501586914,1,0,-0.01160429883748293,-0.0063749817200005054,0.0014610295183956623,2,0.0,,4.0,3.5,8.0,3.8,3.2,4.0,0.15,0.12,3.0,8.549372427767258,-0.012020875504780135,0.003553087796720288,0.14854837552295783,-0.01160429883748293,-0.0063749817200005054,0.0014610295183956623,-0.023308487616966304,0.039470382218982296,0.2,0.03195462023169905,0.0023217162701500353,-0.22458452801528106,1.0,0.9999214370515417,0.0,roll,0.0,0.0,0.0,0.0,0,nan,idle,1.2,0.012752553004247602,1,-0.008552353067570875,0.05147455123705525,0.027677130656174744,0.03128435078544536,-0.008743882318142422,0.025483249239965453,0.027062923046799265,0.025656379151551518
4.5959999561309814,direct_px4_equiv,1,1,14,0,0,0,0,1,-0.025416314601898193,0.10584890097379684,1.0481107831001282,0.024221593514084816,-0.07576346397399902,0.3516010642051697,-0.6874504703232742,-0.2469601813117329,-13.779097856651758,-0.24972294981119908,-0.0067696948535740376,0.0009479137370362878,1.0471999526023865,0.0,0.0,0.35,0.0,0.0,0.0,0.0,0.0,-5.248401720262746,0.33729163123814726,-0.9856856552606119,44.20467449413111,0.031829793405272595,-0.0007812104502260852,0.22394924651632556,19.156862992886257,19.027645357241884,6.040434853887693,0.012,0.012,hover,0.32687216997146606,0.32687216997146606,0.32801443338394165,0.32801443338394165,0.6875720620155334,0.008271707221865654,-0.002760173287242651,0.008245596662163734,0.008189965970814228,0.32630202174186707,0.32630202174186707,0.32744428515434265,0.32744428515434265,0.6863232254981995,0.0083220349624753,-0.002762389602139592,0.008202441036701202,0.008147008717060089,2.991999864578247,0.0,0.003999948501586914,1,0,-0.011168462224304676,-0.004907865542918444,0.0006514653796330094,2,0.0,,4.0,3.5,8.0,3.8,3.2,4.0,0.15,0.12,3.0,8.563331335479443,-0.01228551624015961,0.003405877394191909,0.14877401339338509,-0.011168462224304676,-0.004907865542918444,0.0006514653796330094,-0.02360074713564878,0.0395536017673272,0.2,0.031829793405272595,0.0007812104502260852,-0.22394924651632556,1.0,0.9999187330447273,0.0,roll,0.0,0.0,0.0,0.0,0,nan,idle,1.2,0.01657415799854789,1,-0.008552353067584196,0.05539086252008096,0.0276390399323694,0.0351559856560589,-0.008912210378927522,0.025729536707005164,0.026708178533921212,0.025904306164261075
4.616000175476074,direct_px4_equiv,1,1,14,0,0,0,0,1,-0.025386570021510124,0.10482045263051987,1.0562132000923157,0.02467300184071064,-0.07535317540168762,0.35145482420921326,-0.699038542086293,-0.23699473970528817,-13.78859239958329,-0.23965198027490697,-0.0067696948535740376,0.0009479137370362878,1.0542000293731688,0.0,0.0,0.3499999999999889,0.0,0.0,0.0,0.0,0.0,-5.248401720262746,0.46759057688728806,-1.3386731204377407,44.16140896832655,0.09218205543983772,0.0023949847630332297,2.089412524658223,19.46010263950768,19.209301956471055,6.040860343220879,0.012,0.012,hover,0.3284769058227539,0.3284769058227539,0.3306799829006195,0.3306799829006195,0.6875962615013123,0.05513453111052513,-0.0468687042593956,0.0110935615375638,0.01095053181052208,0.32790279388427734,0.32790279388427734,0.33014559745788574,0.33014559745788574,0.6863896250724792,0.05544554442167282,-0.047056570649147034,0.011068210937082767,0.010922717861831188,3.01200008392334,0.0,0.004000186920166016,0,0,-0.009697987698018551,-0.005151103716343641,4.5167733333073556e-05,2,0.0,,4.0,3.5,8.0,3.8,3.2,4.0,0.15,0.12,3.0,8.573410531358526,-0.012474534477828743,0.003216354574748797,0.14893858145009872,-0.009697987698018551,-0.005151103716343641,4.5167733333073556e-05,-0.023848873672591597,0.03962006291777253,0.2,0.09218205543983772,-0.0023949847630332297,-2.089412524658223,1.0,0.9999170205292987,0.0,roll,0.0,0.0,0.0,0.0,0,nan,idle,1.2,0.015346492997196037,1,-0.008368834122631588,0.05144808854543509,0.02778105052647131,0.03122435738560972,-0.15133244315976896,0.0344021107222118,0.1780216392132912,0.03485145267747091
4.640000104904175,direct_px4_equiv,1,1,14,0,0,0,0,1,-0.025276580825448036,0.10350552201271057,1.0668371319770813,0.025565769523382187,-0.07451419532299042,0.34330204129219055,-0.6937070118248866,-0.2470089802650939,-13.792546346854511,-0.24978108894724357,-0.0067696948535740376,0.0009479137370362878,1.062600004673004,0.0,0.0,0.34999999999995557,0.0,0.0,0.0,0.0,0.0,-5.248401720262746,0.45989323108723446,-1.3313332466991126,44.22746233483426,0.06361554076144547,-0.06196580931880067,2.044287393468569,19.477051425486408,19.308598851532572,5.966055068716425,0.016,0.016,hover,0.32935085892677307,0.32935085892677307,0.33082836866378784,0.33082836866378784,0.6833257079124451,0.05367016792297363,-0.04578908532857895,0.010975952260196209,0.010880987159907818,0.3287975490093231,0.3287975490093231,0.33060523867607117,0.33060523867607117,0.6875723004341125,0.055177152156829834,-0.04691285267472267,0.010995266027748585,0.010878855362534523,3.0360000133514404,0.0,0.003999948501586914,0,0,-0.00029242917662486434,-0.02557544969022274,-0.00776768010109663,2,0.0,,4.0,3.5,8.0,3.8,3.2,4.0,0.15,0.12,3.0,8.577249006120292,-0.01239487051571343,0.00339714943538038,0.14900827311015222,-0.00029242917662486434,-0.02557544969022274,-0.00776768010109663,-0.024146888832354517,0.0397041419473087,0.2,0.06361554076144547,0.06196580931880067,-2.044287393468569,1.0,0.9999174132758101,0.0,roll,0.0,0.0,0.0,0.0,0,nan,idle,1.2,0.0010521270014578477,1,-0.03019342667596896,0.051140701747544065,0.06009434837863672,0.031179896879527914,-0.1478465029192465,0.03418362807192679,0.17329341661164263,0.034481971499398675
4.664000034332275,direct_px4_equiv,1,1,14,0,0,0,0,1,-0.02509407140314579,0.10255666822195053,1.0745893120765686,0.027981843799352646,-0.07113028317689896,0.3466033339500427,-0.6995943941873765,-0.2216951534321249,-13.758913762985962,-0.2241634416283136,-0.0067696948535740376,0.0009479137370362878,1.0709999799728394,0.0,0.0,0.35,0.0,0.0,0.0,0.0,0.0,-5.248401720262746,0.413479593749856,-1.3857126835538498,44.19029151425425,0.06599913849060822,-0.009610202169991184,1.8596008525573466,19.397301500409807,19.205983692663104,6.0282778173542955,0.012,0.012,hover,0.3284476399421692,0.3284476399421692,0.3301296830177307,0.3301296830177307,0.6868798136711121,0.04900474473834038,-0.04183968901634216,0.011485529132187366,0.011372197419404984,0.3297021985054016,0.3297021985054016,0.331890732049942,0.331890732049942,0.6801472902297974,0.05119074881076813,-0.04349704459309578,0.01100936159491539,0.010868851095438004,3.059999942779541,0.0,0.003999948501586914,0,0,-0.0009615464950911701,-0.008451742120087147,-0.03767570108175278,2,0.0,,4.0,3.5,8.0,3.8,3.2,4.0,0.15,0.12,3.0,8.543386321990646,-0.012463565199682492,0.002952578737533583,0.14842046642742945,-0.0009615464950911701,-0.008451742120087147,-0.03767570108175278,-0.024445668511554507,0.039775414041209975,0.2,0.06599913849060822,0.009610202169991184,-1.8596008525573466,1.0,0.9999179709064646,0.0,roll,0.0,0.0,0.0,0.0,0,nan,idle,1.2,0.004774075001478195,1,-0.04648331124861414,0.05513454215136828,0.07353476092021106,0.03504088814466072,-0.13509445761982836,0.03572681271916943,0.1582294194146381,0.03608285429910226
4.687999963760376,direct_px4_equiv,1,1,14,0,0,0,0,1,-0.02478831261396408,0.10170447081327438,1.0826218724250793,0.03128338232636452,-0.06567297875881195,0.35286659002304077,-0.7082924870129541,-0.2155964437852269,-13.654873468699789,-0.21793796524532588,-0.0067696948535740376,0.0009479137370362878,1.0793999552726745,0.0,0.0,0.35,0.0,0.0,0.0,0.0,0.0,-5.248401720262746,0.37500708695531215,-1.4812881638006847,44.088756185844645,0.0902238677046917,-0.03827738819380181,1.5884614217759507,19.363871535084307,19.08194222844347,5.9764851800394085,0.016,0.016,hover,0.3273526132106781,0.3273526132106781,0.329836368560791,0.329836368560791,0.6839227676391602,0.04226869344711304,-0.0355992466211319,0.012357943691313267,0.012177929282188416,0.32880979776382446,0.32880979776382446,0.3304850459098816,0.3304850459098816,0.6877485513687134,0.04881139472126961,-0.04152572900056839,0.011477206833660603,0.011364530771970749,3.0839998722076416,0.0,0.003999948501586914,0,0,-0.008729030378162861,-0.017245344817638397,-0.07933642715215683,2,0.0,,4.0,3.5,8.0,3.8,3.2,4.0,0.15,0.12,3.0,8.440281515601688,-0.012604477137658646,0.00284661172661733,0.14660918420194988,-0.008729030378162861,-0.017245344817638397,-0.07933642715215683,-0.024746529806453983,0.03984647651876996,0.2,0.0902238677046917,0.03827738819380181,-1.5884614217759507,1.0,0.9999165119791237,0.0,roll,0.0,0.0,0.0,0.0,0,nan,idle,1.2,0.008031326004129369,1,-0.054894801354369326,0.051446735941331555,0.07695763544040027,0.03128307923015245,-0.11494495676822157,0.03825809261720437,0.13647966156302638,0.03882362521945188
4.708000183105469,direct_px4_equiv,1,1,14,0,0,0,0,1,-0.02452077716588974,0.10119589418172836,1.0880544781684875,0.03260420635342598,-0.06142931804060936,0.36471065878868103,-0.7104104658179451,-0.23243680416795268,-13.508474741870065,-0.23487335465962517,-0.0067696948535740376,0.0009479137370362878,1.086400032043457,0.0,0.0,0.35,0.0,0.0,0.0,0.0,0.0,-5.248401720262746,0.3776648002151547,-1.5498499080156,43.93040747049313,0.06971483500230365,0.07792626496588065,1.2753490745739613,19.143667162238422,18.91135968821648,6.106019105033103,0.016,0.016,hover,0.32584092020988464,0.32584092020988464,0.32789796590805054,0.32789796590805054,0.6912946701049805,0.03484070301055908,-0.02826901711523533,0.013046938925981522,0.012888527475297451,0.3275293707847595,0.3275293707847595,0.3300152122974396,0.3300152122974396,0.6843394637107849,0.042090870440006256,-0.035395000129938126,0.012360035441815853,0.012179933488368988,3.1040000915527344,0.0,0.004000186920166016,0,0,-0.002045515924692154,0.018551742658019066,-0.1263599544763565,2,0.0,,4.0,3.5,8.0,3.8,3.2,4.0,0.15,0.12,3.0,8.295199753496286,-0.012658865540598824,0.003153199443209902,0.14406266313106422,-0.002045515924692154,0.018551742658019066,-0.1263599544763565,-0.02499953199828886,0.03990690138652959,0.2,0.06971483500230365,-0.07792626496588065,-1.2753490745739613,1.0,0.9999149052345356,0.0,roll,0.0,0.0,0.0,0.0,0,nan,idle,1.2,0.008584690003772266,1,-0.058707969227504216,0.05532554977515793,0.07576654055433998,0.03526428213308718,-0.09127667195609086,0.040490504443594824,0.11249571641878127,0.04098816754428223
4.732000112533569,direct_px4_equiv,1,1,14,0,0,0,0,1,-0.024209508672356606,0.10078326612710953,1.093402922153473,0.03386425971984863,-0.05725407972931862,0.3650079369544983,-0.7125602363965464,-0.24577550606473544,-13.264260042021514,-0.24820042975457351,-0.0067696948535740376,0.0009479137370362878,1.0948000073432922,0.0,0.0,0.35,0.0,0.0,0.0,0.0,0.0,-5.248401720262746,0.3768979419567655,-1.622711241021239,44.034119946629026,0.07823960661517605,0.013228919230032743,0.941344423429647,19.206659625082626,18.934965415371376,6.036035353539035,0.02,0.02,hover,0.3260505199432373,0.3260505199432373,0.32845360040664673,0.32845360040664673,0.6873216032981873,0.026467548683285713,-0.01999169960618019,0.013643627054989338,0.013450510799884796,0.3260180354118347,0.3260180354118347,0.328073114156723,0.328073114156723,0.6917300820350647,0.03461969271302223,-0.027991680428385735,0.013038236647844315,0.012880166061222553,3.128000020980835,0.0,0.003999948501586914,0,0,-0.004626170266419649,-0.0021215747110545635,-0.17288711667060852,2,0.0,,4.0,3.5,8.0,3.8,3.2,4.0,0.15,0.12,3.0,8.052684551121365,-0.01270580947130338,0.0034097789523913676,0.13981266097456196,-0.004626170266419649,-0.0021215747110545635,-0.17288711667060852,-0.025304334133420432,0.03998499346589558,0.2,0.07823960661517605,-0.013228919230032743,-0.941344423429647,1.0,0.9999134679001908,0.0,roll,0.0,0.0,0.0,0.0,0,nan,idle,1.2,0.012474261995521374,1,-0.0608020198416335,0.051288522636258514,0.07070064128767607,0.03127390568162059,-0.06455038156288549,0.042256026934553215,0.0854599831095564,0.042862719565627205
4.75600004196167,direct_px4_equiv,1,1,14,0,0,0,0,1,-0.02367878518998623,0.10027873516082764,1.1014989018440247,0.03529225289821625,-0.05081925913691521,0.3663898706436157,-0.7071735615101132,-0.28896006174466266,-12.949805108229873,-0.29159016927911713,-0.0067696948535740376,0.0009479137370362878,1.1031999826431274,0.0,0.0,0.35,0.0,0.0,0.0,0.0,0.0,-5.248401720262746,0.39913879595880086,-1.7257891772217016,44.018629694383215,0.0376020506481953,0.17811679351270088,0.46098437783817847,19.002082399619407,18.835211012894213,6.24871484495501,0.012,0.012,hover,0.325163871049881,0.325163871049881,0.32664573192596436,0.32664573192596436,0.699325680732727,0.014787432737648487,-0.008140560239553452,0.014587786979973316,0.014459592290222645,0.32516512274742126,0.32516512274742126,0.3274800777435303,0.3274800777435303,0.6868303418159485,0.019089337438344955,-0.012885523959994316,0.014610574580729008,0.014410740695893764,3.1519999504089355,0.0,0.003999948501586914,0,0,0.008041366003453732,0.048111021518707275,-0.24132980406284332,2,0.0,,4.0,3.5,8.0,3.8,3.2,4.0,0.15,0.12,3.0,7.740917180531638,-0.012653211038144012,0.004202942071991206,0.1343417550118343,0.008041366003453732,0.048111021518707275,-0.24132980406284332,-0.025609513301178832,0.04007151521574769,0.2,0.0376020506481953,-0.17811679351270088,-0.46098437783817847,1.0,0.9999111157656143,0.0,roll,0.0,0.0,0.0,0.0,0,nan,idle,1.2,0.016574829001910985,1,-0.0578799747499555,0.05515423661251464,0.05889208810720817,0.0352242049037836,-0.026284723093882616,0.04542614913391279,0.0477465383177541,0.04582888486813542
4.7799999713897705,direct_px4_equiv,1,1,14,0,0,0,0,1,-0.02267388626933098,0.099783755838871,1.115073025226593,0.034014634788036346,-0.04347359016537666,0.3637197017669678,-0.7065283499455589,-0.279003551338727,-12.595048314153274,-0.28131291353196725,-0.0067696948535740376,0.0009479137370362878,1.1115999579429625,0.0,0.0,0.35,0.0,0.0,0.0,0.0,0.0,-5.248401720262746,0.4120001793410173,-1.8395005531579214,43.87861599464232,0.07568013948369724,-0.06008924904970351,0.24210588038042266,19.152953107137687,18.859534060367253,5.9200538786985355,0.016,0.016,hover,0.32538026571273804,0.32538026571273804,0.3279799222946167,0.3279799222946167,0.6806862354278564,0.009419494308531284,-0.0026036377530544996,0.015529640018939972,0.015291544608771801,0.3236043155193329,0.3236043155193329,0.3245928883552551,0.3245928883552551,0.7030537128448486,0.012665408663451672,-0.005696021020412445,0.0154197933152318,0.015328766778111458,3.175999879837036,0.0,0.003999948501586914,0,0,-0.0034805170726031065,-0.026171965524554253,-0.2637592852115631,2,0.0,,4.0,3.5,8.0,3.8,3.2,4.0,0.15,0.12,3.0,7.387470648046759,-0.012617770842458692,0.004069402533946985,0.1281624938768465,-0.0034805170726031065,-0.026171965524554253,-0.2637592852115631,-0.025913266281001473,0.04017169271955289,0.2,0.07568013948369724,0.06008924904970351,-0.24210588038042266,1.0,0.9999121159222546,0.0,roll,0.0,0.0,0.0,0.0,0,nan,idle,1.2,0.0007010299959802069,1,-0.03514103425392126,0.05499292343210563,0.023310519349607504,0.035119767291150406,-0.008406779687590165,0.04803980549805788,0.030414220201401526,0.04878780395919466
4.800000190734863,direct_px4_equiv,1,1,14,0,0,0,0,1,-0.022266356274485588,0.09964585304260254,1.120434582233429,0.03207360580563545,-0.04165179282426834,0.37071213126182556,-0.6793467234195407,-0.34259163030762163,-12.286390972940666,-0.34519255038638885,-0.0067696948535740376,0.0009479137370362878,1.118600034713745,0.0,0.0,0.3499999999999889,0.0,0.0,0.0,0.0,0.0,-5.248401720262746,0.4809120430095827,-1.843628799645257,43.81160670742483,-0.026212766012271686,0.27099308430402197,0.09608789185366971,18.75400706214722,18.764535181614097,6.3426055203416825,0.016,0.016,hover,0.32453426718711853,0.32453426718711853,0.3244403898715973,0.3244403898715973,0.7045599818229675,0.006379769649356604,0.0015685743419453502,0.01564338244497776,0.015652170404791832,0.32564809918403625,0.32564809918403625,0.32755839824676514,0.32755839824676514,0.6844402551651001,0.008303447626531124,-0.001428571529686451,0.01548773329705,0.015312851406633854,3.196000099182129,0.0,0.004000186920166016,0,0,0.027954990044236183,0.07549590617418289,-0.2758038640022278,2,0.0,,4.0,3.5,8.0,3.8,3.2,4.0,0.15,0.12,3.0,7.080962613591288,-0.012201361138223898,0.0052402055363623195,0.12279154656891193,0.027954990044236183,0.07549590617418289,-0.2758038640022278,-0.026160816066273393,0.04026765712831236,0.2,-0.026212766012271686,-0.27099308430402197,-0.09608789185366971,1.0,0.999911833518437,0.0,roll,0.0,0.0,0.0,0.0,0,nan,idle,1.2,0.0012034600003971718,1,-0.020961880463986497,0.050860870149159326,0.017023043379756044,0.030916394434935,0.0050647054694038934,0.049172744067684133,0.020599377150896252,0.04914513273453154
4.824000120162964,direct_px4_equiv,1,1,14,0,0,0,0,1,-0.021626923233270645,0.09956003725528717,1.1284270882606506,0.030543535947799683,-0.04044755548238754,0.3591471016407013,-0.651709330521953,-0.35060761762339643,-11.912673711798211,-0.35299264709477324,-0.0067696948535740376,0.0009479137370362878,1.1270000100135802,0.0,0.0,0.35,0.0,0.0,0.0,0.0,0.0,-5.248401720262746,0.49592753595308636,-1.8441196082170814,44.035110877536894,-0.017386385098646914,0.07166796752591169,-0.0096883155062915,18.99465885315693,18.974339537816224,6.114176420851334,0.012,0.012,hover,0.3263998329639435,0.3263998329639435,0.3265799582004547,0.3265799582004547,0.6917562484741211,0.003812365233898163,0.004287572577595711,0.015474393032491207,0.015457826666533947,0.32541438937187195,0.32541438937187195,0.32532623410224915,0.32532623410224915,0.7018858790397644,0.005042306613177061,0.002945618238300085,0.015493606217205524,0.015501757152378559,3.2200000286102295,0.0,0.003999948501586914,0,0,0.025341317057609558,0.012832351960241795,-0.27824580669403076,2,0.0,,4.0,3.5,8.0,3.8,3.2,4.0,0.15,0.12,3.0,6.707170218899862,-0.011710797926616268,0.005447680797745048,0.11628025512299535,0.025341317057609558,0.012832351960241795,-0.27824580669403076,-0.02644671359815712,0.04039756580989293,0.2,-0.017386385098646914,-0.07166796752591169,0.0096883155062915,1.0,0.999916589987437,0.0,roll,0.0,0.0,0.0,0.0,0,nan,idle,1.2,0.0047272879965021275,1,-0.016536747026213057,0.054920783682941975,0.01736214709182462,0.03490127974368959,0.013843967080756284,0.04856219448549584,0.012309589887369965,0.04861423994423
4.8480000495910645,direct_px4_equiv,1,1,14,0,0,0,0,1,-0.020971037447452545,0.09951559454202652,1.1362932324409485,0.029227714985609055,-0.03987734764814377,0.35468393564224243,-0.6291871826236984,-0.3333354156876483,-11.543522200140314,-0.33535745027831954,-0.0067696948535740376,0.0009479137370362878,1.1353999853134153,0.0,0.0,0.34999999999995557,0.0,0.0,0.0,0.0,0.0,-5.248401720262746,0.48530974484770095,-1.837909567192899,44.13568079695947,0.007389479191715308,-0.032199658096750274,-0.07756496435408919,19.144368219803425,19.04670581721347,5.99266040606894,0.016,0.016,hover,0.3270409107208252,0.3270409107208252,0.3279041647911072,0.3279041647911072,0.6848476529121399,0.0020370858255773783,0.005833820905536413,0.0153636010363698,0.01528516598045826,0.3267943263053894,0.3267943263053894,0.32696476578712463,0.32696476578712463,0.6924916505813599,0.00299760140478611,0.004964910913258791,0.01540896762162447,0.015393378213047981,3.24399995803833,0.0,0.003999948501586914,0,0,0.016961518675088882,-0.019272517412900925,-0.27446743845939636,2,0.0,,4.0,3.5,8.0,3.8,3.2,4.0,0.15,0.12,3.0,6.33703934760163,-0.011284157111085368,0.005205971407597881,0.10984510683669307,0.016961518675088882,-0.019272517412900925,-0.27446743845939636,-0.026722052611429698,0.040523665235382554,0.2,0.007389479191715308,0.032199658096750274,0.07756496435408919,1.0,0.9999227828341253,0.0,roll,0.0,0.0,0.0,0.0,0,nan,idle,1.2,0.008481257005769294,1,-0.011347360855915836,0.051131738872854104,0.01265962597523387,0.031072622620022933,0.018836585892199168,0.04801976421317055,0.006577462831678085,0.048266177500073226
4.871999979019165,direct_px4_equiv,1,1,14,0,0,0,0,1,-0.02053624764084816,0.09947989881038666,1.1415732502937317,0.02824757620692253,-0.03991495445370674,0.35556766390800476,-0.6087574308020721,-0.28847137684957636,-11.190180060229213,-0.2900294733511501,-0.0067696948535740376,0.0009479137370362878,1.1437999606132507,0.0,0.0,0.35,0.0,0.0,0.0,0.0,0.0,-5.248401720262746,0.45024116133204495,-1.823447941102193,44.233549646958906,0.0017006126723323604,-0.056732513406370685,-0.11863972240434918,19.194444537790023,19.113328870076508,5.973528393526177,0.02,0.02,hover,0.32763004302978516,0.32763004302978516,0.32834592461586,0.32834592461586,0.6837535500526428,0.0007358943694271147,0.006540666799992323,0.01518944837152958,0.015125209465622902,0.3272411525249481,0.3272411525249481,0.32809826731681824,0.32809826731681824,0.6851933002471924,0.0016229840693995357,0.0061375414952635765,0.01533081941306591,0.015253150835633278,3.2679998874664307,0.0,0.003999948501586914,0,0,0.01827605813741684,-0.025682082399725914,-0.26680222153663635,2,0.0,,4.0,3.5,8.0,3.8,3.2,4.0,0.15,0.12,3.0,5.981332396814291,-0.010871398416284588,0.00447726793966428,0.10368205499964761,0.01827605813741684,-0.025682082399725914,-0.26680222153663635,-0.026987003984623247,0.040638830396264806,0.2,0.0017006126723323604,0.056732513406370685,0.11863972240434918,1.0,0.9999308833855987,0.0,roll,0.0,0.0,0.0,0.0,0,nan,idle,1.2,0.01272042200434953,1,-0.004955465758314649,0.05500633810494462,0.012000283767501752,0.03489120793571333,0.02111889103527402,0.04751724668919921,0.002376099230268398,0.04771905953442282
4.896000146865845,direct_px4_equiv,1,1,14,0,0,0,0,1,-0.019825726747512817,0.09941132366657257,1.1494320034980774,0.027708472684025764,-0.040500618517398834,0.3544366955757141,-0.5816575463502512,-0.2128530898015553,-10.853934430128167,-0.21387582851996836,-0.0067696948535740376,0.0009479137370362878,1.1522000193595885,0.0,0.0,0.3499999999999889,0.0,0.0,0.0,0.0,0.0,-5.248401720262746,0.379028709879053,-1.7953866462172015,44.275541326364,-0.0031013619574685796,-0.1742905640659386,-0.09473324653606335,19.279632332124603,19.215547926740477,5.825186798999621,0.012,0.012,hover,0.3285319209098816,0.3285319209098816,0.32909613847732544,0.32909613847732544,0.6752102971076965,0.0007418801542371511,0.0053561655804514885,0.014875906519591808,0.014826424419879913,0.3273407816886902,0.3273407816886902,0.3283843398094177,0.3283843398094177,0.6789600253105164,0.0007742966408841312,0.00588629487901926,0.015090486966073513,0.014997513964772224,3.2920000553131104,0.0,0.004000186920166016,0,0,0.019501734524965286,-0.06024933606386185,-0.2488105297088623,2,0.0,,4.0,3.5,8.0,3.8,3.2,4.0,0.15,0.12,3.0,5.640694598656388,-0.01032128649834976,0.0032140921264725624,0.09781339462856976,0.019501734524965286,-0.06024933606386185,-0.2488105297088623,-0.02724213615373067,0.040728846137666246,0.2,-0.0031013619574685796,0.1742905640659386,0.09473324653606335,1.0,0.9999415703298482,0.0,roll,0.0,0.0,0.0,0.0,0,nan,idle,1.2,0.016595096996752545,1,-0.0008376816383981696,0.051059989332429244,0.009092236146040622,0.03101850249640099,0.017294303394058356,0.04657858565114177,0.002395426540918775,0.04673403957702434
4.920000076293945,direct_px4_equiv,1,1,14,0,0,0,0,1,-0.018800491467118263,0.09927172213792801,1.159894049167633,0.027147827669978142,-0.040822453796863556,0.35670432448387146,-0.5570530159275144,-0.15654362154896723,-10.537921661015844,-0.15721305252201545,-0.0067696948535740376,0.0009479137370362878,1.1605999946594237,0.0,0.0,0.34999999999995557,0.0,0.0,0.0,0.0,0.0,-5.248401720262746,0.3188069475773927,-1.771559230248712,44.162196656733755,0.004467001486531164,-0.10878445656686049,-0.09700471260380229,19.198714953074646,19.113038248020036,5.893876050336397,0.016,0.016,hover,0.3276274800300598,0.3276274800300598,0.32838356494903564,0.32838356494903564,0.6791796088218689,0.00020157733524683863,0.00494789844378829,0.014757121913135052,0.014691219665110111,0.32897159457206726,0.32897159457206726,0.3274174630641937,0.3274174630641937,0.6775215268135071,0.0006642009830102324,0.005130208097398281,0.014602893963456154,0.014737780205905437,3.315999984741211,0.0,0.003999948501586914,0,0,0.015780368819832802,-0.03820333257317543,-0.23612163960933685,2,0.0,,4.0,3.5,8.0,3.8,3.2,4.0,0.15,0.12,3.0,5.321809558821061,-0.009838075935321672,0.0022806364394878345,0.09229886420623622,0.015780368819832802,-0.03820333257317543,-0.23612163960933685,-0.027480877483609324,0.04079250147052058,0.2,0.004467001486531164,0.10878445656686049,0.09700471260380229,1.0,0.9999490054723897,0.0,roll,0.0,0.0,0.0,0.0,0,nan,idle,1.2,0.0007108389982022345,1,0.003965921348769075,0.04199027148547318,0.006128219509022227,0.026152505115036834,0.01597606772591353,0.04615382712709888,0.0006508648006529534,0.04636086574207224
4.944000005722046,direct_px4_equiv,1,1,14,0,0,0,0,1,-0.017991287633776665,0.09914034605026245,1.167760193347931,0.027397271245718002,-0.04055420309305191,0.3583487868309021,-0.5557664721848846,-0.10606705537909344,-10.24543604726831,-0.10647171717024737,-0.0067696948535740376,0.0009479137370362878,1.168999969959259,0.0,0.0,0.35,0.0,0.0,0.0,0.0,0.0,-5.248401720262746,0.2577681021858709,-1.778104779554715,44.15305191665697,0.03716186019823753,-0.07903479834457397,-0.05355284084050121,19.2244312836166,19.04088293463839,5.930281714216936,0.012,0.012,hover,0.32698938250541687,0.32698938250541687,0.32861021161079407,0.32861021161079407,0.6812739372253418,0.0007774122641421854,0.0033872041385620832,0.014867855235934258,0.014725800603628159,0.3277672827243805,0.3277672827243805,0.32930779457092285,0.32930779457092285,0.6809616684913635,-9.393502114107832e-05,0.004793545231223106,0.01477621216326952,0.014642289839684963,3.3399999141693115,0.0,0.003999948501586914,0,0,0.0045704650692641735,-0.02750813029706478,-0.21665553748607635,2,0.0,,4.0,3.5,8.0,3.8,3.2,4.0,0.15,0.12,3.0,5.02945524866359,-0.009771390316062556,0.0014265844246358114,0.08719497613366353,0.0045704650692641735,-0.02750813029706478,-0.21665553748607635,-0.027716594042448268,0.04083379230268983,0.2,0.03716186019823753,0.07903479834457397,0.05355284084050121,1.0,0.9999512423906384,0.0,roll,0.0,0.0,0.0,0.0,0,nan,idle,1.2,0.004489955004828516,1,0.003949940199442526,0.04233544838095412,0.005327485814494071,0.031140910239741672,0.010936805211482582,0.046262465878943754,0.0025101546986369943,0.046708745094304664
4.968000173568726,direct_px4_equiv,1,1,14,0,0,0,0,1,-0.017160732299089432,0.09896291792392731,1.1756473183631897,0.02778794802725315,-0.04076297953724861,0.36080968379974365,-0.5454980302414352,-0.0830568102632474,-9.977354265019017,-0.0833405040708112,-0.0067696948535740376,0.0009479137370362878,1.1774000287055968,0.0,0.0,0.3499999999999889,0.0,0.0,0.0,0.0,0.0,-5.248401720262746,0.21449609105072992,-1.7688874594619912,44.12882508320236,0.027837839854771434,-0.044306199966915275,-0.026784073667009675,19.176708190257195,19.022379922996123,5.971402968729508,0.016,0.016,hover,0.3268255591392517,0.3268255591392517,0.32818952202796936,0.32818952202796936,0.6836318969726562,0.0010865807998925447,0.002390044741332531,0.014805125072598457,0.014685893431305885,0.3273833990097046,0.3273833990097046,0.3289946913719177,0.3289946913719177,0.6820340156555176,0.00017737991583999246,0.003884450299665332,0.014819509349763393,0.01467890664935112,3.364000082015991,0.0,0.004000186920166016,0,0,0.007167422212660313,-0.016006674617528915,-0.20102150738239288,2,0.0,,4.0,3.5,8.0,3.8,3.2,4.0,0.15,0.12,3.0,4.761410343701277,-0.009572396841288322,0.0010555768426398506,0.0825183112590959,0.007167422212660313,-0.016006674617528915,-0.20102150738239288,-0.02794821124611617,0.040863443361688984,0.2,0.027837839854771434,0.044306199966915275,0.026784073667009675,1.0,0.9999536274918094,0.0,roll,0.0,0.0,0.0,0.0,0,nan,idle,1.2,0.008972745999926701,1,0.005229873634851745,0.04250691469234025,0.006343358532517908,0.02755975959650289,0.007717118087802344,0.046137093743045275,0.0035084163264768172,0.04651167231751449
4.992000102996826,direct_px4_equiv,1,1,14,0,0,0,0,1,-0.016580408439040184,0.09881024062633514,1.1809137463569641,0.02825244329869747,-0.040969498455524445,0.36149871349334717,-0.5374327387787717,-0.06390969311009087,-9.73215195993557,-0.06410589326948499,-0.0067696948535740376,0.0009479137370362878,1.185800004005432,0.0,0.0,0.34999999999995557,0.0,0.0,0.0,0.0,0.0,-5.248401720262746,0.17781909771585117,-1.762290182178407,44.230882938583896,0.026367396421657693,-0.01755721709102959,0.04677458747839236,19.200590481671355,19.052085820117604,6.019502132289448,0.008,0.008,hover,0.32708853483200073,0.32708853483200073,0.3284001052379608,0.3284001052379608,0.6863796710968018,0.0026001669466495514,0.00029127669404260814,0.014726853929460049,0.014612870290875435,0.32681602239608765,0.32681602239608765,0.32811346650123596,0.32811346650123596,0.6841993927955627,0.0018298254581168294,0.0011012228205800056,0.014761196449398994,0.014648080803453922,3.388000011444092,0.0,0.003999948501586914,0,0,0.007270808331668377,-0.0071221753023564816,-0.17840465903282166,2,0.0,,4.0,3.5,8.0,3.8,3.2,4.0,0.15,0.12,3.0,4.516577146166077,-0.00941638961617556,0.0007476428425554939,0.07824058473433433,0.007270808331668377,-0.0071221753023564816,-0.17840465903282166,-0.028175741320497192,0.040883921527510664,0.2,0.026367396421657693,0.01755721709102959,-0.04677458747839236,1.0,0.9999553863220013,0.0,roll,0.0,0.0,0.0,0.0,0,nan,idle,1.2,0.012749747998896055,1,0.0038417109554489634,0.04282623146838365,0.005075121349385615,0.031511466812562706,0.0009404913797797501,0.045907685628299416,0.008395572831919836,0.04626577528929442
5.016000032424927,direct_px4_equiv,1,1,14,0,0,0,0,1,-0.015995243564248085,0.09863271564245224,1.1862295269966125,0.028619900345802307,-0.041209861636161804,0.36259904503822327,-0.5270806899156445,-0.05662155706402795,-9.512921978539639,-0.0567787513060598,-0.0067696948535740376,0.0009479137370362878,1.1941999793052673,0.0,0.0,0.35,0.0,0.0,0.0,0.0,0.0,-5.248401720262746,0.15199182514164794,-1.7523698554391771,44.324225087025496,0.0209604983596578,-0.0005598850921237403,0.08555767911625452,19.22148553518544,19.090107519732538,6.053913709717028,0.012,0.012,hover,0.3274248242378235,0.3274248242378235,0.3285842537879944,0.3285842537879944,0.6883387565612793,0.003339586779475212,-0.0008651275420561433,0.014614707790315151,0.014514747075736523,0.32689088582992554,0.32689088582992554,0.3280502259731293,0.3280502259731293,0.6865342259407043,0.0027610266115516424,-0.00027310175937600434,0.014678890816867352,0.014578341506421566,3.4119999408721924,0.0,0.003999948501586914,0,0,0.008697520941495895,-0.0016317052068188787,-0.16275788843631744,2,0.0,,4.0,3.5,8.0,3.8,3.2,4.0,0.15,0.12,3.0,4.29758624625264,-0.009229658084523243,0.0006452669904702104,0.07441649253726942,0.008697520941495895,-0.0016317052068188787,-0.16275788843631744,-0.028399162339987027,0.0408994268556817,0.2,0.0209604983596578,0.0005598850921237403,-0.08555767911625452,1.0,0.9999571985175845,0.0,roll,0.0,0.0,0.0,0.0,0,nan,idle,1.2,0.015365739003755152,1,0.002219296954210104,0.04292527315833781,0.005264981083520827,0.027596872891940724,-0.002793374970596631,0.045599422726784675,0.0107830548668428,0.04591345764655121
5.039999961853027,direct_px4_equiv,1,1,14,0,0,0,0,1,-0.015053805895149708,0.0983286201953888,1.1942554116249084,0.02908303774893284,-0.041715554893016815,0.3640405535697937,-0.5152749536463703,-0.06689446104184406,-9.315045214029979,-0.06706330916103881,-0.0067696948535740376,0.0009479137370362878,1.2025999546051025,0.0,0.0,0.35,0.0,0.0,0.0,0.0,0.0,-5.248401720262746,0.1321468990002824,-1.7345887840856167,44.313756776786306,0.017644155141445506,0.03859538577696128,0.11981715889535305,19.18620555219821,19.065791974953452,6.103066003935665,0.016,0.016,hover,0.32720980048179626,0.32720980048179626,0.32827329635620117,0.32827329635620117,0.6911274790763855,0.004026561509817839,-0.0018658173503354192,0.014484773389995098,0.014393804594874382,0.3264644742012024,0.3264644742012024,0.32752564549446106,0.32752564549446106,0.6891700029373169,0.0035515259951353073,-0.0013849626993760467,0.014568125829100609,0.01447663176804781,3.435999870300293,0.0,0.003999948501586914,0,0,0.009351980872452259,0.010255600325763226,-0.14876563847064972,2,0.0,,4.0,3.5,8.0,3.8,3.2,4.0,0.15,0.12,3.0,4.099988356587191,-0.00902897405646943,0.0008476963622275614,0.07096593631936948,0.009351980872452259,0.010255600325763226,-0.14876563847064972,-0.02861776151370312,0.04091826724760645,0.2,0.017644155141445506,-0.03859538577696128,-0.11981715889535305,1.0,0.9999588795194374,0.0,roll,0.0,0.0,0.0,0.0,0,nan,idle,1.2,0.0005926489975536242,1,-0.0004081614864841716,0.04299066817167604,0.007665533955257399,0.027627355765706144,-0.006024461380769948,0.04521946948808699,0.013001200028321173,0.04550525818085433
5.06000018119812,direct_px4_equiv,1,1,14,0,0,0,0,1,-0.014054479077458382,0.09794877469539642,1.2023802399635315,0.029544075950980186,-0.042097318917512894,0.36431896686553955,-0.5059381253190237,-0.08018237826311754,-9.165664018119607,-0.08037013675163818,-0.0067696948535740376,0.0009479137370362878,1.209600031375885,0.0,0.0,0.35,0.0,0.0,0.0,0.0,0.0,-5.248401720262746,0.114946474876369,-1.718831889795116,44.26980992813586,0.016684951784027447,0.05109993222411523,0.15651056725206308,19.157653054726424,19.04093768642339,6.113035473149249,0.016,0.016,hover,0.3269898593425751,0.3269898593425751,0.32802140712738037,0.32802140712738037,0.6916917562484741,0.004797013476490974,-0.002907457994297147,0.014371853321790695,0.014284235425293446,0.32634657621383667,0.32634657621383667,0.32751765847206116,0.32751765847206116,0.6875104904174805,0.004278506617993116,-0.002499102847650647,0.014452300034463406,0.014352144673466682,3.4560000896453857,0.0,0.004000186920166016,0,0,0.009390432387590408,0.013732117600739002,-0.1363665908575058,2,0.0,,4.0,3.5,8.0,3.8,3.2,4.0,0.15,0.12,3.0,3.9509515487739812,-0.008872925541416882,0.0010968155974204682,0.06836130265355478,0.009390432387590408,0.013732117600739002,-0.1363665908575058,-0.028796484324424325,0.040937928301627305,0.2,0.016684951784027447,-0.05109993222411523,-0.15651056725206308,1.0,0.9999600340922294,0.0,roll,0.0,0.0,0.0,0.0,0,nan,idle,1.2,0.00029401000210782513,1,-0.0012915734431786737,0.04299544232318856,0.008472880622554935,0.031434429362119175,-0.009387772151550022,0.04487524944447319,0.015488880043105353,0.04515050807258757
5.084000110626221,direct_px4_equiv,1,1,14,0,0,0,0,1,-0.012304937466979027,0.09718281030654907,1.2160280346870422,0.030398190021514893,-0.042378563433885574,0.3646795451641083,-0.49264668951418805,-0.09558555356498558,-9.00195641609806,-0.09579102614162638,-0.0067696948535740376,0.0009479137370362878,1.2180000066757202,0.0,0.0,0.35,0.0,0.0,0.0,0.0,0.0,-5.248401720262746,0.08078466008733796,-1.6964401894127268,44.07621103250298,0.011131435702208535,0.06066170762573091,0.19927340835478288,19.05983693103601,18.960671989276893,6.098457823952768,0.012,0.012,hover,0.3262786269187927,0.3262786269187927,0.3271571099758148,0.3271571099758148,0.6908665299415588,0.005597451236099005,-0.004254114348441362,0.014244589023292065,0.014170427806675434,0.32673323154449463,0.32673323154449463,0.3277612030506134,0.3277612030506134,0.6918392181396484,0.004857110325247049,-0.0032164445146918297,0.01431444101035595,0.014227409847080708,3.4800000190734863,0.0,0.003999948501586914,0,0,0.010861883871257305,0.016224471852183342,-0.12234601378440857,2,0.0,,4.0,3.5,8.0,3.8,3.2,4.0,0.15,0.12,3.0,3.7873484309317584,-0.008648300424294356,0.0013857777209211944,0.065506721052854,0.010861883871257305,0.016224471852183342,-0.12234601378440857,-0.02900676955116066,0.04096653385799018,0.2,0.011131435702208535,-0.06066170762573091,-0.19927340835478288,1.0,0.9999616432600613,0.0,roll,0.0,0.0,0.0,0.0,0,nan,idle,1.2,0.005098522000480443,1,-0.0040793217362556046,0.04299544232390532,0.010620898208477026,0.027526053657471447,-0.013735935143912258,0.044517711953039545,0.01807338104237886,0.044750696201444035
5.108000040054321,direct_px4_equiv,1,1,14,0,0,0,0,1,-0.011564776301383972,0.09684024006128311,1.221515715122223,0.030837077647447586,-0.0422976054251194,0.36453777551651,-0.47490560250614555,-0.09358744036545771,-8.851556897402638,-0.09377280133451672,-0.0067696948535740376,0.0009479137370362878,1.3000002195991291,0.0,0.0,5.476719475810703e-05,0.0,0.0,0.009083776879058569,0.0,0.0,-5.248401720262746,-0.14353775605789074,-1.3839427700891054,40.458081294009716,0.010131531290593576,0.04106837682321031,0.20927138358765437,17.50207693301961,17.414331157120255,5.575163747549385,0.016,0.016,fixed_switch,0.3122701644897461,0.3122701644897461,0.3130813241004944,0.3130813241004944,0.6605610251426697,0.004366314969956875,-0.006886764895170927,0.012651610188186169,0.012588148936629295,0.3266652226448059,0.3266652226448059,0.32753002643585205,0.32753002643585205,0.691704511642456,0.00530893774703145,-0.0039010813925415277,0.01418907381594181,0.014116433449089527,3.503999948501587,0.0,0.003999948501586914,0,0,0.010438140481710434,0.010505486279726028,-0.11374925076961517,2,0.0,,4.0,3.5,8.0,3.8,3.2,4.0,0.15,0.12,3.0,3.6358958736388676,-0.008335893742144319,0.0013720069514629905,0.06288276400950459,0.010438140481710434,0.010505486279726028,-0.11374925076961517,-0.00013494247430677003,2.3960410191806907e-05,0.0010163690904519157,0.010131531290593576,-0.04106837682321031,-0.20927138358765437,1.0,0.9999643152332558,0.0,roll,0.0,0.0,0.0,0.0,0,0.012000083923339844,ingress,1.2,0.008045633003348485,1,-0.005365991454180619,0.042995442324887265,0.01350517087643446,0.03141349269131691,-0.022236393554255253,0.03954683715456107,0.014098215943028482,0.039746206957260034
5.131999969482422,direct_px4_equiv,1,1,14,0,0,0,0,1,-0.010409761220216751,0.09629778563976288,1.2296443581581116,0.03131455183029175,-0.041761476546525955,0.3526207208633423,-0.46058403760258765,-0.03863406083329696,-8.711571866825485,-0.038704734628403854,-0.0067696948535740376,0.0009479137370362878,1.3000058437229542,0.0,0.0,0.0004834348257539426,0.0,0.0,0.026465081959286086,0.0,0.0,-5.248401720262746,-0.20947356488941005,-1.3782971892551705,40.489937206372865,-0.0024618433729815528,-0.040984436779014595,0.22122607269898836,17.551590905977392,17.500793893464635,5.471698067030655,0.02,0.02,fixed_switch,0.3130694627761841,0.3130694627761841,0.313538134098053,0.313538134098053,0.6544028520584106,0.004081571474671364,-0.007769559510052204,0.012537690810859203,0.012501385994255543,0.31234821677207947,0.31234821677207947,0.3131498098373413,0.3131498098373413,0.6606907248497009,0.004187675658613443,-0.006746366620063782,0.012626942247152328,0.012564362958073616,3.5279998779296875,0.0,0.003999948501586914,0,0,0.014344398863613605,-0.013510622084140778,-0.10591784864664078,2,0.0,,4.0,3.5,8.0,3.8,3.2,4.0,0.15,0.12,3.0,3.494022140890312,-0.008055389118562198,0.000431071902086606,0.06043674470485915,0.014344398863613605,-0.013510622084140778,-0.10591784864664078,-0.00033072130907710686,4.7337349161180096e-05,0.002491122644259566,-0.0024618433729815528,0.040984436779014595,-0.22122607269898836,1.0,0.9999674624407905,0.0,roll,0.0,0.0,0.0,0.0,0,0.03600001335144043,ingress,1.2,0.012609615005203523,1,-0.00751923036585136,0.032349029877443446,0.011841330915140414,0.027500359214798223,-0.025086813673203586,0.03927426266461702,0.013178819085929721,0.03938831726599414
5.152000188827515,direct_px4_equiv,1,1,14,0,0,0,0,1,-0.009617334231734276,0.09591933339834213,1.2347200512886047,0.03171132877469063,-0.04095827788114548,0.3348937928676605,-0.45216256586113546,0.04664490111901396,-8.598376793564347,0.04672473724240789,-0.0067696948535740376,0.0009479137370362878,1.300021730593906,0.0,0.0,0.0011508883415828404,0.0,0.0,0.040161177018319824,0.0,0.0,-5.248401720262746,-0.28874933224680505,-1.384504664402639,40.718160484021425,0.014706570369036656,-0.2189092263273112,0.20333482527177418,17.79278915489199,17.688762009052045,5.270148092556215,0.02,0.02,fixed_switch,0.31480035185813904,0.31480035185813904,0.31575432419776917,0.31575432419776917,0.6422373056411743,0.002868556883186102,-0.007882440462708473,0.012460286729037762,0.012387399561703205,0.3130694627761841,0.3130694627761841,0.313538134098053,0.313538134098053,0.6544028520584106,0.004081571474671364,-0.007769559510052204,0.012537690810859203,0.012501385994255543,3.5480000972747803,0.0,0.004000186920166016,0,0,0.008670284412801266,-0.06659156829118729,-0.10424676537513733,2,0.0,,4.0,3.5,8.0,3.8,3.2,4.0,0.15,0.12,3.0,3.3804833593548858,-0.007864535880596291,-0.0010444256800623965,0.05845609643830937,0.008670284412801266,-0.06659156829118729,-0.10424676537513733,-0.0004894477350322895,3.881508362051306e-05,0.003676012673482269,0.014706570369036656,0.2189092263273112,-0.20333482527177418,1.0,0.999968529124818,0.0,roll,0.0,0.0,0.0,0.0,0,0.0560002326965332,ingress,1.2,0.012675208003201988,1,-0.012455064111690528,0.03539237003599115,0.012124759479027492,0.03141420152200837,-0.02545129108803867,0.03891616369768008,0.009262166210140485,0.039145145265565166
5.176000118255615,direct_px4_equiv,1,1,14,0,0,0,0,1,-0.008397726342082024,0.09534434974193573,1.2419403195381165,0.0323735736310482,-0.03936770558357239,0.3154035806655884,-0.4467245935670737,0.1681387279810909,-8.464926956584515,0.16840401831567545,-0.0067696948535740376,0.0009479137370362878,1.3000624309106648,0.0,0.0,0.002302839207495717,0.0,0.0,0.055667690490446065,0.0,0.0,-5.248401720262746,-0.4038802615896343,-1.4040223220205759,40.91980698939884,0.027014199087657866,-0.29184555363150766,0.18914817972875073,17.948433356196166,17.804919523793345,5.200889124648513,0.012,0.012,fixed_switch,0.3158653676509857,0.3158653676509857,0.3171764314174652,0.3171764314174652,0.6380032896995544,0.0014735577860847116,-0.00843723677098751,0.012553554959595203,0.012453125789761543,0.3156413435935974,0.3156413435935974,0.31699246168136597,0.31699246168136597,0.6373724341392517,0.0023000724613666534,-0.008569844998419285,0.012591437436640263,0.012487577274441719,3.572000026702881,0.0,0.003999948501586914,0,0,0.004429014399647713,-0.08577239513397217,-0.10111579298973083,2,0.0,,4.0,3.5,8.0,3.8,3.2,4.0,0.15,0.12,3.0,3.251090789435194,-0.007711354583783489,-0.0031522179550737732,0.056119661430872415,0.004429014399647713,-0.08577239513397217,-0.10111579298973083,-0.0006762716688083856,-1.6823699791983233e-05,0.005046251118978019,0.027014199087657866,0.29184555363150766,-0.18914817972875073,1.0,0.9999652992646314,0.0,roll,0.0,0.0,0.0,0.0,0,0.08000016212463379,ingress,1.2,0.016505760002473835,1,-0.014413217612813578,0.031323043902609184,0.010167086355531008,0.02756831613944566,-0.02724264877967594,0.03912264986966207,0.004757910414664083,0.03943815494680864
5.200000047683716,direct_px4_equiv,1,1,14,0,0,0,0,1,-0.006745701655745506,0.09455832839012146,1.2508497834205627,0.03294653445482254,-0.03729354217648506,0.2979673147201538,-0.4401993431569203,0.26141481814865547,-8.332855056955228,0.2617940815908238,-0.0067696948535740376,0.0009479137370362878,1.3001351479298395,0.0,0.0,0.0038149798154045286,0.0,0.0,0.07018047446921288,0.0,0.0,-5.248401720262746,-0.504081204739735,-1.4270756803130027,41.024536495562316,0.017802851523237923,-0.23158017170857645,0.1695103637785857,17.94283610831814,17.82554082501154,5.291863595141547,0.016,0.016,fixed_switch,0.3160540759563446,0.3160540759563446,0.3171254098415375,0.3171254098415375,0.6435590982437134,8.334688754985109e-05,-0.008791692554950714,0.012745018117129803,0.012661658227443695,0.3159053325653076,0.3159053325653076,0.31697773933410645,0.31697773933410645,0.6410961747169495,0.0010625515133142471,-0.008711729198694229,0.012649854645133018,0.012566995806992054,3.5959999561309814,0.0,0.003999948501586914,0,0,0.007090561091899872,-0.06415563076734543,-0.09896499663591385,2,0.0,,4.0,3.5,8.0,3.8,3.2,4.0,0.15,0.12,3.0,3.1256530146430745,-0.007557311971716624,-0.004767634196213835,0.0538093075733913,0.007090561091899872,-0.06415563076734543,-0.09896499663591385,-0.0008587192627015314,-0.0001155470547588201,0.006360801724102634,0.017802851523237923,0.23158017170857645,-0.1695103637785857,1.0,0.999960078350874,0.0,roll,0.0,0.0,0.0,0.0,0,0.10400009155273438,ingress,1.2,0.0010073230005218647,1,-0.01824409653104844,0.031242500673794495,0.008087839311753409,0.027567256299086348,-0.02838713696046274,0.03977777197418634,0.00026911536930298414,0.040039656415336945
5.223999977111816,direct_px4_equiv,1,1,14,0,0,0,0,1,-0.0054494901560246944,0.09394757449626923,1.2570603489875793,0.03334064781665802,-0.03573712706565857,0.2856060862541199,-0.4332593112356522,0.30448675741138864,-8.201449237197401,0.30489164857173506,-0.0067696948535740376,0.0009479137370362878,1.3002482419442736,0.0,0.0,0.005663705336530198,0.0,0.0,0.08371991309224086,0.0,0.0,-5.248401720262746,-0.5614604664766552,-1.4429049129229847,41.13654058653941,0.023302971811878133,-0.1101981908058347,0.15024597802504258,17.92172824367087,17.787242967041156,5.464030669332389,0.012,0.012,fixed_switch,0.31570354104042053,0.31570354104042053,0.31693288683891296,0.31693288683891296,0.653944194316864,-0.000925061758607626,-0.008793591521680355,0.012914225459098816,0.01281726360321045,0.31572702527046204,0.31572702527046204,0.3169402480125427,0.3169402480125427,0.6503496170043945,-0.0005001426325179636,-0.00859176367521286,0.012753982096910477,0.012659482657909393,3.619999885559082,0.0,0.003999948501586914,0,0,0.004773326218128204,-0.024957267567515373,-0.09679477661848068,2,0.0,,4.0,3.5,8.0,3.8,3.2,4.0,0.15,0.12,3.0,2.9990086199749935,-0.007422311941325557,-0.005507334714595825,0.05151405844698902,0.004773326218128204,-0.024957267567515373,-0.09679477661848068,-0.0010381003853647893,-0.00024204631571964348,0.007619952971335484,0.023302971811878133,0.1101981908058347,-0.15024597802504258,1.0,0.9999572892745477,0.0,roll,0.0,0.0,0.0,0.0,0,0.12800002098083496,ingress,1.2,0.00454107100085821,1,-0.020325979618187225,0.03515497451754992,0.006810197669851159,0.03149045288313404,-0.028393268508511614,0.04026662184237574,-0.002986894064242925,0.04057123508632825
5.248000144958496,direct_px4_equiv,1,1,14,0,0,0,0,1,-0.0045950752682983875,0.09353775531053543,1.2610159516334534,0.033482637256383896,-0.0347626619040966,0.27766290307044983,-0.43819012284908604,0.3032509560394682,-8.070035019088103,0.303619070798027,-0.0067696948535740376,0.0009479137370362878,1.3004095144690253,0.0,0.0,0.00782592312120513,0.0,0.0,0.09630651086696737,0.0,0.0,-5.248401720262746,-0.5776340134710921,-1.45939930612401,41.251566275765356,0.036379661749111725,-0.045059430200358554,0.11632054351962474,17.948435487207306,17.775173080302068,5.564168773185799,0.016,0.016,fixed_switch,0.3155929744243622,0.3155929744243622,0.3171764612197876,0.3171764612197876,0.6599093079566956,-0.0019631043542176485,-0.008032327517867088,0.013070809654891491,0.01294456236064434,0.3154876232147217,0.3154876232147217,0.3167022466659546,0.3167022466659546,0.6590986847877502,-0.0013448530808091164,-0.008435362949967384,0.012921052053570747,0.012825130484998226,3.6440000534057617,0.0,0.004000186920166016,0,0,0.00044089514994993806,-0.004658797290176153,-0.09711023420095444,2,0.0,,4.0,3.5,8.0,3.8,3.2,4.0,0.15,0.12,3.0,2.8703630577874573,-0.007515186015466027,-0.005479375026136783,0.04922104881859395,0.00044089514994993806,-0.004658797290176153,-0.09711023420095444,-0.0012158880905926643,-0.00037522470653220607,0.008824211089695775,0.036379661749111725,0.045059430200358554,-0.11632054351962474,1.0,0.9999567492140087,0.0,roll,0.0,0.0,0.0,0.0,0,0.15200018882751465,ingress,1.2,0.0072726079961284995,1,-0.02113250041986541,0.03124173923304088,0.004839449661825835,0.02766302624984136,-0.025935255147462706,0.0406665426639911,-0.006338587514367717,0.04106315915891102
5.272000074386597,direct_px4_equiv,1,1,14,0,0,0,0,1,-0.003328881226480007,0.09292212128639221,1.266663372516632,0.0333528108894825,-0.033610597252845764,0.26459255814552307,-0.43677175586701006,0.25666498668536236,-7.941580515594325,0.25694876826230967,-0.0067696948535740376,0.0009479137370362878,1.3006262131040416,0.0,0.0,0.01027896363238994,0.0,0.0,0.1079604020282814,0.0,0.0,-5.248401720262746,-0.5638524969386908,-1.4712179645498624,41.399818264631946,0.04751878190688426,0.0753557671908503,0.09727876814576247,17.950488279720542,17.74408189974873,5.74123095255787,0.02,0.02,fixed_switch,0.31530800461769104,0.31530800461769104,0.31719517707824707,0.31719517707824707,0.6703268885612488,-0.0023502155672758818,-0.007414135616272688,0.01319982297718525,0.013047956861555576,0.3156593143939972,0.3156593143939972,0.3172535002231598,0.3172535002231598,0.6601158976554871,-0.002067179186269641,-0.007854542694985867,0.013099600560963154,0.012972251512110233,3.6679999828338623,0.0,0.003999948501586914,0,0,-0.003498147940263152,0.03155004605650902,-0.09502871334552765,2,0.0,,4.0,3.5,8.0,3.8,3.2,4.0,0.15,0.12,3.0,2.7394417469179295,-0.007515690080558995,-0.004657519237557506,0.04698297993910017,-0.003498147940263152,0.03155004605650902,-0.09502871334552765,-0.001397398250299359,-0.0004961427613003278,0.009974050547568093,0.04751878190688426,-0.0753557671908503,-0.09727876814576247,1.0,0.9999609109552754,0.0,roll,0.0,0.0,0.0,0.0,0,0.17600011825561523,ingress,1.2,0.012535407004179433,1,-0.02257230201638601,0.03518146587619977,0.0032932864008856874,0.040992844070575525,-0.02393919879627259,0.04099136566772803,-0.007588514654898774,0.041468465846719496
5.296000003814697,direct_px4_equiv,1,1,14,0,0,0,0,1,-0.0020989193581044674,0.09228149801492691,1.2718632817268372,0.03269228711724281,-0.033298175781965256,0.25068241357803345,-0.4266819397904196,0.18683027073687705,-7.818626565137103,0.18701839767368403,-0.0067696948535740376,0.0009479137370362878,1.300905052779922,0.0,0.0,0.013000709660156737,0.0,0.0,0.11870210044921696,0.0,0.0,-5.248401720262746,-0.5269108527587235,-1.461148320880529,41.58120065123324,0.019146469001927225,0.15493496477779603,0.09710143918416804,17.932929907228882,17.813125642926156,5.870105581367261,0.012,0.012,fixed_switch,0.3159404993057251,0.3159404993057251,0.31703507900238037,0.31703507900238037,0.6778085827827454,-0.002024318091571331,-0.007097328547388315,0.013058585114777088,0.012971296906471252,0.3159652352333069,0.3159652352333069,0.316855788230896,0.316855788230896,0.6753988862037659,-0.002156641334295273,-0.007411276455968618,0.013082368299365044,0.01301115844398737,3.691999912261963,0.0,0.003999948501586914,0,0,0.0055962540209293365,0.05432555079460144,-0.08999195694923401,2,0.0,,4.0,3.5,8.0,3.8,3.2,4.0,0.15,0.12,3.0,2.611399524141053,-0.007371973018297314,-0.0034269763708178456,0.044842620123860935,0.0055962540209293365,0.05432555079460144,-0.08999195694923401,-0.0015757287914962104,-0.0005911801025141752,0.011071456995546748,0.019146469001927225,-0.15493496477779603,-0.09710143918416804,1.0,0.9999669549216554,0.0,roll,0.0,0.0,0.0,0.0,0,0.20000004768371582,ingress,1.2,0.016447580994281452,1,-0.023135935494429882,0.03116449490689923,0.002481255131074245,0.03968473073443171,-0.022916273602042386,0.04075053003999623,-0.006536237880170665,0.041024755852061695
5.320000171661377,direct_px4_equiv,1,1,14,0,0,0,0,1,-0.000577741302549839,0.0914354994893074,1.2782419323921204,0.031012458726763725,-0.033320795744657516,0.23604260385036469,-0.3931812126680829,0.07842072137834757,-7.701555726610506,0.07849266320903457,-0.0067696948535740376,0.0009479137370362878,1.3012522254644354,0.0,0.0,0.015969543901237785,0.0,0.0,0.1285520837553286,0.0,0.0,-5.248401720262746,-0.45251411935374447,-1.4230492173529898,41.73545844026679,-0.04208088688258054,0.288703891594879,0.10206014671958778,17.81709937477565,17.88457246921748,6.066377560820926,0.008,0.016,fixed_switch,0.3165937066078186,0.3165937066078186,0.3159768581390381,0.3159768581390381,0.6890469789505005,-0.0012412368087098002,-0.006626700516790152,0.012667068280279636,0.012715063989162445,0.3165166676044464,0.3165166676044464,0.31734636425971985,0.31734636425971985,0.6800024509429932,-0.0017828680574893951,-0.007063399069011211,0.012965322472155094,0.012894663959741592,3.7160000801086426,0.0,0.004000186920166016,0,0,0.024910839274525642,0.09288349002599716,-0.08436586707830429,2,0.0,,4.0,3.5,8.0,3.8,3.2,4.0,0.15,0.12,3.0,2.4854295026114555,-0.006831420714022204,-0.001515273693524711,0.042807382380168,0.024910839274525642,0.09288349002599716,-0.08436586707830429,-0.0017454390045951492,-0.0006486636626159229,0.012119004382921345,-0.04208088688258054,-0.288703891594879,-0.10206014671958778,1.0,0.9999755178194559,0.0,roll,0.0,0.0,0.0,0.0,0,0.2240002155303955,ingress,1.2,0.0010184749990003183,1,-0.01940007178265118,0.031027087013211017,0.0006824573914132832,0.033982685665600906,-0.02139668269099806,0.03994555189011079,-0.004007778946265357,0.039794769624773914
5.3440001010894775,direct_px4_equiv,1,1,14,0,0,0,0,1,0.0004657827375922352,0.09079095721244812,1.2826135754585266,0.029916316270828247,-0.032673344016075134,0.21657420694828033,-0.3832317790467166,0.0031500378900718284,-7.5924120126455055,0.0031526759880621336,-0.0067696948535740376,0.0009479137370362878,1.3016733987859959,0.0,0.0,0.019164248463279618,0.0,0.0,0.13753054055276945,0.0,0.0,-5.248401720262746,-0.4004613296454602,-1.4181661443442355,42.04943715643787,0.020687947697335732,0.1582673044198534,0.10464149544432624,18.131166225751628,18.009197805820435,5.9405100241358095,0.012,0.012,fixed_switch,0.31772997975349426,0.31772997975349426,0.3188382387161255,0.3188382387161255,0.6818612217903137,-0.0007173848571255803,-0.00613355403766036,0.012536178342998028,0.012451804243028164,0.31681376695632935,0.31681376695632935,0.31617552042007446,0.31617552042007446,0.6898245811462402,-0.001356797874905169,-0.006018392741680145,0.012614302337169647,0.012663728557527065,3.740000009536743,0.0,0.003999948501586914,0,0,0.004004644695669413,0.04980241879820824,-0.07938110083341599,2,0.0,,4.0,3.5,8.0,3.8,3.2,4.0,0.15,0.12,3.0,2.3751192302435107,-0.006686120264689255,-0.00019177578838675788,0.04090743345101844,0.004004644695669413,0.04980241879820824,-0.07938110083341599,-0.0019070193859123774,-0.0006661045150387708,0.013119400506720294,0.020687947697335732,-0.1582673044198534,-0.10464149544432624,1.0,0.9999776295092231,0.0,roll,0.0,0.0,0.0,0.0,0,0.2480001449584961,ingress,1.2,0.004454989000805654,1,-0.019667965947903057,0.034990264189339614,-2.9996470566363137e-05,0.03805513115553898,-0.019804382099092716,0.0391184958626113,-0.00231633466368947,0.0393835649246277
5.368000030517578,direct_px4_equiv,1,1,14,0,0,0,0,1,0.0011261323234066367,0.09035569429397583,1.2853055596351624,0.028872333467006683,-0.03250187635421753,0.20650218427181244,-0.3752113265395118,-0.047094626537650834,-7.492840893476155,-0.047130778938279584,-0.0067696948535740376,0.0009479137370362878,1.3021737483833515,0.0,0.0,0.02256418213520747,0.0,0.0,0.1456579572251922,0.0,0.0,-5.248401720262746,-0.3613371473511482,-1.4089271972714106,42.25614168585505,0.01427696913932809,0.1252608569008545,0.11303647592807332,18.231232546132258,18.12914523397828,5.926473798439621,0.016,0.016,fixed_switch,0.31881991028785706,0.31881991028785706,0.31974470615386963,0.31974470615386963,0.6810551881790161,-0.0001607253507245332,-0.005983427166938782,0.012372022494673729,0.012302709743380547,0.31787925958633423,0.31787925958633423,0.3189792037010193,0.3189792037010193,0.6823301911354065,-0.0008195253903977573,-0.005796818062663078,0.012516065500676632,0.012432494200766087,3.7639999389648438,0.0,0.003999948501586914,0,0,0.006015035789459944,0.037969380617141724,-0.07384602725505829,2,0.0,,4.0,3.5,8.0,3.8,3.2,4.0,0.15,0.12,3.0,2.276221054295142,-0.006563502236000396,0.0006935376689770709,0.03917282546127915,0.006015035789459944,0.037969380617141724,-0.07384602725505829,-0.002065941512969172,-0.0006575994809177375,0.014076529368897197,0.01427696913932809,-0.1252608569008545,-0.11303647592807332,1.0,0.9999782197208184,0.0,roll,0.0,0.0,0.0,0.0,0,0.2720000743865967,ingress,1.2,0.009302673002821393,1,-0.019444767746063393,0.03105426345391418,0.0013490604654775812,0.03497239919917438,-0.019319642881369857,0.038650103275122416,-0.0005189594938511602,0.038867855831098364
5.391999959945679,direct_px4_equiv,1,1,14,0,0,0,0,1,0.0020067431032657623,0.08969951421022415,1.2889745831489563,0.027241146191954613,-0.03227391466498375,0.19334585964679718,-0.3658535034796334,-0.07484089863809387,-7.401419630178215,-0.07489376721650265,-0.0067696948535740376,0.0009479137370362878,1.3027579565994076,0.0,0.0,0.02614916462301258,0.0,0.0,0.15295471791021745,0.0,0.0,-5.248401720262746,-0.3337816302617223,-1.3952056602986993,42.48448692899648,0.011874787488795915,0.08820182031910825,0.12427852009186947,18.3494593782823,18.255153127241826,5.909926900741659,0.02,0.02,fixed_switch,0.3199610114097595,0.3199610114097595,0.320812463760376,0.320812463760376,0.6801037788391113,0.0003634954337030649,-0.0059997281059622765,0.012166863307356834,0.012104302644729614,0.3188978135585785,0.3188978135585785,0.31981760263442993,0.31981760263442993,0.6812677979469299,-0.00022047662059776485,-0.00584467314183712,0.012359258718788624,0.01229040790349245,3.7879998683929443,0.0,0.003999948501586914,0,0,0.006629833020269871,0.025541946291923523,-0.06816060096025467,2,0.0,,4.0,3.5,8.0,3.8,3.2,4.0,0.15,0.12,3.0,2.1853945773417216,-0.006408749434037003,0.0011860181402730497,0.037579014383390875,0.006629833020269871,0.025541946291923523,-0.06816060096025467,-0.002221370530672657,-0.0006331533197412486,0.014994120345316653,0.011874787488795915,-0.08820182031910825,-0.12427852009186947,1.0,0.9999787606455564,0.0,roll,0.0,0.0,0.0,0.0,0,0.29600000381469727,ingress,1.2,0.01256558299792232,1,-0.020609759707783788,0.034990893127438555,0.0008983677749754511,0.03916657036497887,-0.01937227653741961,0.03802678709288102,0.0011736755870469951,0.0382233292263367
5.4120001792907715,direct_px4_equiv,1,1,14,0,0,0,0,1,0.002565552946180105,0.08925987035036087,1.2912972569465637,0.02594193071126938,-0.03206540271639824,0.18546101450920105,-0.356421569266492,-0.08755816338082248,-7.332544744499303,-0.08761611801319298,-0.0067696948535740376,0.0009479137370362878,1.303311910595869,0.0,0.0,0.029263829982805682,0.0,0.0,0.1584156011733894,0.0,0.0,-5.248401720262746,-0.31612794900271257,-1.3843721667385518,42.64700321964262,0.011625254061530466,0.04151612608898675,0.13951731152339436,18.44922230225587,18.355899770114547,5.871705852814599,0.02,0.02,fixed_switch,0.3208705484867096,0.3208705484867096,0.3217107951641083,0.3217107951641083,0.6779009699821472,0.0009003740269690752,-0.006206803023815155,0.012006053701043129,0.011945294216275215,0.3199610114097595,0.3199610114097595,0.320812463760376,0.320812463760376,0.6801037788391113,0.0003634954337030649,-0.0059997281059622765,0.012166863307356834,0.012104302644729614,3.808000087738037,0.0,0.004000186920166016,0,0,0.006516975350677967,0.010558142326772213,-0.06272770464420319,2,0.0,,4.0,3.5,8.0,3.8,3.2,4.0,0.15,0.12,3.0,2.116476953787044,-0.006247481222320253,0.0014147844210778467,0.03637771616532776,0.006516975350677967,0.010558142326772213,-0.06272770464420319,-0.0023478954338663504,-0.0006071014763614391,0.015731168275797364,0.011625254061530466,-0.04151612608898675,-0.13951731152339436,1.0,0.9999794836827869,0.0,roll,0.0,0.0,0.0,0.0,0,0.31600022315979004,ingress,1.2,0.012401517000398599,1,-0.01991736579097206,0.031033165890238544,0.0016957793668857198,0.0352252157849029,-0.020040893144281632,0.037527249967421746,0.002907180907310736,0.03771813113108546
5.436000108718872,direct_px4_equiv,1,1,14,0,0,0,0,1,0.0032836138270795345,0.08859486132860184,1.2944944500923157,0.023766398429870605,-0.03183891624212265,0.17516979575157166,-0.3459789605473148,-0.0902359476043639,-7.255803751703767,-0.09029136449449993,-0.0067696948535740376,0.0009479137370362878,1.3040604420573572,0.0,0.0,0.03313728109980262,0.0,0.0,0.16424242560748434,0.0,0.0,-5.248401720262746,-0.2964368311923691,-1.3681382504144977,42.84349806569253,0.00776518901729622,0.016600410523560736,0.15819400510934276,18.543910589904087,18.462705280960943,5.866468177653804,0.012,0.012,fixed_switch,0.3218320310115814,0.3218320310115814,0.32256120443344116,0.32256120443344116,0.6775985956192017,0.0015354363713413477,-0.006483415141701698,0.011796527542173862,0.0117448465898633,0.3215249478816986,0.3215249478816986,0.32209721207618713,0.32209721207618713,0.6788922548294067,0.001418338855728507,-0.006350627169013023,0.01184089109301567,0.011800111271440983,3.8320000171661377,0.0,0.003999948501586914,0,0,0.007535082288086414,0.0026790618430823088,-0.05638643354177475,2,0.0,,4.0,3.5,8.0,3.8,3.2,4.0,0.15,0.12,3.0,2.039261294139648,-0.006065122282915975,0.0014688897026171378,0.03503856248609044,0.007535082288086414,0.0026790618430823088,-0.05638643354177475,-0.0024951913399451956,-0.0005716908076686296,0.01658530701386916,0.00776518901729622,-0.016600410523560736,-0.15819400510934276,1.0,0.9999805283282546,0.0,roll,0.0,0.0,0.0,0.0,0,0.3400001525878906,ingress,1.2,0.016572003994951956,1,-0.020485062626835162,0.0349463095898497,0.0033113652362193554,0.03911359387233963,-0.020934034179658077,0.036897523040447466,0.004957707668404835,0.037059885174597886
5.460000038146973,direct_px4_equiv,1,1,14,0,0,0,0,1,0.004318321589380503,0.08749327063560486,1.2993291020393372,0.020638195797801018,-0.03113522380590439,0.16188505291938782,-0.33927920417106694,-0.07962368959007274,-7.184496373157273,-0.07966915554769834,-0.0067696948535740376,0.0009479137370362878,1.3049035395006177,0.0,0.0,0.03714126004279029,0.0,0.0,0.16929634934702179,0.0,0.0,-5.248401720262746,-0.2778972807608984,-1.3539026835109604,43.03632133652293,0.017076962342648643,-0.018266594642448043,0.17020916624562654,18.66332150910615,18.554468872869695,5.847769156102169,0.016,0.016,fixed_switch,0.32265588641166687,0.32265588641166687,0.32363054156303406,0.32363054156303406,0.6765177845954895,0.001986722694709897,-0.006590183358639479,0.011615969240665436,0.011548190377652645,0.32220739126205444,0.32220739126205444,0.3230368196964264,0.3230368196964264,0.6762141585350037,0.001622379175387323,-0.006409701891243458,0.011720986105501652,0.011662667617201805,3.8559999465942383,0.0,0.003999948501586914,0,0,0.004267960321158171,-0.00791396014392376,-0.05139748752117157,2,0.0,,4.0,3.5,8.0,3.8,3.2,4.0,0.15,0.12,3.0,1.967438811358347,-0.005944162178157303,0.0012894482127601807,0.03379358262836335,0.004267960321158171,-0.00791396014392376,-0.05139748752117157,-0.0026389663663283713,-0.0005387622378440469,0.017408572333073875,0.017076962342648643,0.018266594642448043,-0.17020916624562654,1.0,0.9999815021289286,0.0,roll,0.0,0.0,0.0,0.0,0,0.3640000820159912,ingress,1.2,0.0009370120023959316,1,-0.021310602848236767,0.034983063755278175,0.005444815603238307,0.03926369205405095,-0.021278773609453117,0.03627970866487602,0.006414847900323664,0.03649264339289454
5.483999967575073,direct_px4_equiv,1,1,14,0,0,0,0,1,0.0047921547666192055,0.08680576831102371,1.3019312024116516,0.018736200407147408,-0.030760053545236588,0.15537704527378082,-0.3327967678900456,-0.06675520246129667,-7.116952628611197,-0.06679071215112177,-0.0067696948535740376,0.0009479137370362878,1.3058441149470372,0.0,0.0,0.04125746185857648,0.0,0.0,0.17359775652962237,0.0,0.0,-5.248401720262746,-0.26961986658032233,-1.342543042371438,43.188907676777454,0.014495787543714543,-0.02337174192837365,0.16098055013193663,18.727675354243228,18.6274130103966,5.862104689034739,0.012,0.012,fixed_switch,0.32330936193466187,0.32330936193466187,0.3242054283618927,0.3242054283618927,0.6773465275764465,0.00181513000279665,-0.006267494056373835,0.011473339982330799,0.011411888524889946,0.3229708969593048,0.3229708969593048,0.32386448979377747,0.32386448979377747,0.6766880750656128,0.0018991671968251467,-0.006585420574992895,0.011578618548810482,0.011516712605953217,3.879999876022339,0.0,0.003999948501586914,0,0,0.0049372524954378605,-0.009132083505392075,-0.05016550421714783,2,0.0,,4.0,3.5,8.0,3.8,3.2,4.0,0.15,0.12,3.0,1.8993175804135967,-0.005826614960304593,0.0010702297208676393,0.03261416313949356,0.0049372524954378605,-0.009132083505392075,-0.05016550421714783,-0.002779895082442089,-0.0005108550403947208,0.018203068682195428,0.014495787543714543,0.02337174192837365,-0.16098055013193663,1.0,0.9999824525821214,0.0,roll,0.0,0.0,0.0,0.0,0,0.3880000114440918,ingress,1.2,0.004879593005171046,1,-0.020247082959316952,0.031024822288323393,0.006531775862642665,0.035262160368036796,-0.02023685473253415,0.03585150484515343,0.00586079915546051,0.03604455952391896
5.504000186920166,direct_px4_equiv,1,1,14,0,0,0,0,1,0.00504703214392066,0.08633507043123245,1.3035884499549866,0.017523910850286484,-0.03052404895424843,0.15203188359737396,-0.32848703638525584,-0.059205904531221015,-7.062144545136535,-0.05923558464906775,-0.0067696948535740376,0.0009479137370362878,1.306704203560986,0.0,0.0,0.044760537092988724,0.0,0.0,0.1766221682086956,0.0,0.0,-5.248401720262746,-0.2634302695063225,-1.3347209708106764,43.298184164140125,0.01633157192413562,-0.013402790055196043,0.1542937276566139,18.77050834895342,18.665224051488398,5.89009356784907,0.012,0.012,fixed_switch,0.32364755868911743,0.32364755868911743,0.32458752393722534,0.32458752393722534,0.6789616346359253,0.0016945991665124893,-0.006034713704138994,0.01138334721326828,0.011319470591843128,0.32348060607910156,0.32348060607910156,0.32437077164649963,0.32437077164649963,0.6776611804962158,0.0016516601899638772,-0.0061500053852796555,0.011454891413450241,0.011393971741199493,3.9000000953674316,0.0,0.004000186920166016,0,0,0.004185284487903118,-0.0057984464801847935,-0.04903089627623558,2,0.0,,4.0,3.5,8.0,3.8,3.2,4.0,0.15,0.12,3.0,1.8443637502600723,-0.005748808465282596,0.0009424640438459647,0.031657285967737356,0.004185284487903118,-0.0057984464801847935,-0.04903089627623558,-0.002895453982628936,-0.0004910911062928237,0.01884378897787795,0.01633157192413562,0.013402790055196043,-0.1542937276566139,1.0,0.9999830314818355,0.0,roll,0.0,0.0,0.0,0.0,0,0.40800023078918457,ingress,1.2,0.003357097004482057,1,-0.021170197652292312,0.03496549172600741,0.0063665914123281165,0.03924241403921506,-0.01948524087327232,0.035561165990262725,0.005471621953608574,0.035761839970515144
5.528000116348267,direct_px4_equiv,1,1,14,0,0,0,0,1,0.0052486308850348,0.08585349470376968,1.3051899075508118,0.016277281567454338,-0.030336342751979828,0.1487850695848465,-0.32461922724764886,-0.05636515804125401,-6.999871499207632,-0.05639150273034127,-0.0067696948535740376,0.0009479137370362878,1.307829622684921,0.0,0.0,0.04903656319250707,0.0,0.0,0.17959689566849948,0.0,0.0,-5.248401720262746,-0.2526118541154968,-1.3263831346897474,43.43090125372487,0.020874906754157745,-0.0031010786679993513,0.15642561460011506,18.82749989975743,18.70888505677047,5.921794016735514,0.016,0.016,fixed_switch,0.32403767108917236,0.32403767108917236,0.3250952363014221,0.3250952363014221,0.6807862520217896,0.001833733869716525,-0.005980500020086765,0.011285796761512756,0.01121466513723135,0.3238185942173004,0.3238185942173004,0.3247542083263397,0.3247542083263397,0.6792928576469421,0.0015500979498028755,-0.005913927685469389,0.011368910782039165,0.01130544114857912,3.9240000247955322,0.0,0.003999948501586914,0,0,0.0025464023929089308,-0.002503520343452692,-0.046093348413705826,2,0.0,,4.0,3.5,8.0,3.8,3.2,4.0,0.15,0.12,3.0,1.782344408752703,-0.005680039766518671,0.0008970455259181504,0.030570382680282258,0.0025464023929089308,-0.002503520343452692,-0.046093348413705826,-0.003032481598780336,-0.0004693428904859085,0.019588248175532307,0.020874906754157745,0.0031010786679993513,-0.15642561460011506,1.0,0.9999834662292902,0.0,roll,0.0,0.0,0.0,0.0,0,0.43200016021728516,ingress,1.2,0.008420514001045376,1,-0.02068818890815543,0.031022187832752367,0.007311271176798218,0.03536673429410372,-0.019310191766146855,0.03523191037842462,0.005920868317926797,0.03545537500436248
5.552000045776367,direct_px4_equiv,1,1,14,0,0,0,0,1,0.0054597677662968636,0.08512091636657715,1.3075242638587952,0.01440025307238102,-0.03003612346947193,0.14516164362430573,-0.3201042189287178,-0.06221395087911644,-6.939810157182498,-0.062241065993200374,-0.0067696948535740376,0.0009479137370362878,1.3090584556640417,0.0,0.0,0.05337560466231935,0.0,0.0,0.18187686186420654,0.0,0.0,-5.248401720262746,-0.22661901454498132,-1.3138111176224865,43.54555279840485,0.018120095292441643,0.011403398388767944,0.1510246670509675,18.86228177565442,18.752933907952176,5.95674953840337,0.02,0.02,fixed_switch,0.32443079352378845,0.32443079352378845,0.32540470361709595,0.32540470361709595,0.682792603969574,0.0019089397974312305,-0.005621358286589384,0.011152512393891811,0.011087832972407341,0.32412344217300415,0.32412344217300415,0.3251788914203644,0.3251788914203644,0.6809607148170471,0.0017708197701722383,-0.005917778238654137,0.011278821155428886,0.011207894422113895,3.947999954223633,0.0,0.003999948501586914,0,0,0.0033233321737498045,0.0018471425864845514,-0.044524919241666794,2,0.0,,4.0,3.5,8.0,3.8,3.2,4.0,0.15,0.12,3.0,1.7227245445144157,-0.005602282087118694,0.0010032548885425651,0.029522487233212845,0.0033233321737498045,0.0018471425864845514,-0.044524919241666794,-0.003167715344880255,-0.00044679034524844547,0.020307247447603694,0.018120095292441643,-0.011403398388767944,-0.1510246670509675,1.0,0.9999838039576396,0.0,roll,0.0,0.0,0.0,0.0,0,0.45600008964538574,ingress,1.2,0.011693633001414128,1,-0.02129308187627586,0.034965516749043496,0.007050731777908293,0.039277162687747245,-0.01815057346618858,0.03483345388943522,0.006163697702802064,0.035036649760099896
5.575999975204468,direct_px4_equiv,1,1,14,0,0,0,0,1,0.005588567815721035,0.08438985049724579,1.309866487979889,0.012508324347436428,-0.029724296182394028,0.14187940955162048,-0.30265112235376124,-0.07278043429494165,-6.881217309900741,-0.07280999708053824,-0.0067696948535740376,0.0009479137370362878,1.3103920167295864,0.0,0.0,0.05776123189004999,0.0,0.0,0.18348245093343724,0.0,0.0,-5.248401720262746,-0.19544328463836602,-1.2914160815511146,43.65518770389247,-0.012466546054137035,0.03419867048733744,0.1497050413628967,18.84705821782716,18.831617344723032,6.001888968394991,0.012,0.012,fixed_switch,0.325131893157959,0.325131893157959,0.32526928186416626,0.32526928186416626,0.6853747367858887,0.002124527934938669,-0.005336568225175142,0.010916510596871376,0.010907563380897045,0.3244369328022003,0.3244369328022003,0.32545071840286255,0.32545071840286255,0.6848151683807373,0.002010667696595192,-0.005263170227408409,0.011055182665586472,0.010988455265760422,3.9719998836517334,0.0,0.003999948501586914,0,0,0.012997270561754704,0.008651245385408401,-0.04232751578092575,2,0.0,,4.0,3.5,8.0,3.8,3.2,4.0,0.15,0.12,3.0,1.6624086074671538,-0.005299814051708162,0.0011948606040875285,0.02850029207722331,0.012997270561754704,0.008651245385408401,-0.04232751578092575,-0.0032997698276893738,-0.00041988602420250703,0.021001358257490995,-0.012466546054137035,-0.03419867048733744,-0.1497050413628967,1.0,0.9999852421402826,0.0,roll,0.0,0.0,0.0,0.0,0,0.48000001907348633,ingress,1.2,0.01653924199490575,1,-0.020417139823832916,0.031003708982396707,0.00782834714606675,0.03530806129564044,-0.017231027240739747,0.0342671211347144,0.006859801242355389,0.034295229273989175
5.6000001430511475,direct_px4_equiv,1,1,14,0,0,0,0,1,0.005623938981443644,0.08324376493692398,1.3137875199317932,0.009383263066411018,-0.027204319834709167,0.1408514529466629,-0.2954017727291565,-0.09254155292889403,-6.82330912173221,-0.09257652143091259,-0.0067696948535740376,0.0009479137370362878,1.3118312464981305,0.0,0.0,0.06217754845369202,0.0,0.0,0.18443405328613824,0.0,0.0,-5.248401720262746,-0.13463853627523048,-1.3040783415876571,43.667988979806,0.029807874612719935,0.03636676125606115,0.13529795800834138,18.914306166321687,18.771235853181253,6.007484139355153,0.016,0.016,fixed_switch,0.32459402084350586,0.32459402084350586,0.32586708664894104,0.32586708664894104,0.68569415807724,0.0022729376796633005,-0.004461769945919514,0.01105906255543232,0.010975377634167671,0.3261609375476837,0.3261609375476837,0.3246352970600128,0.3246352970600128,0.6853615045547485,0.0021710426080971956,-0.005120274610817432,0.0106980474665761,0.010795824229717255,3.996000051498413,0.0,0.004000186920166016,0,0,-0.0012971332762390375,0.008712868206202984,-0.042373113334178925,2,0.0,,4.0,3.5,8.0,3.8,3.2,4.0,0.15,0.12,3.0,1.6052740415479356,-0.005177436629991839,0.0015441403618403043,0.027490516713494822,-0.0012971332762390375,0.008712868206202984,-0.042373113334178925,-0.0034228958271570265,-0.0003876683598742476,0.021671314886039364,0.029807874612719935,-0.03636676125606115,-0.13529795800834138,1.0,0.999985404889879,0.0,roll,0.0,0.0,0.0,0.0,0,0.504000186920166,ingress,1.2,0.0009272530005546287,1,-0.018615994847609552,0.025691836626813538,0.008015155681430986,0.02501200999951406,-0.014406426193212056,0.034480164514600065,0.007338995232466675,0.0347430702864784
5.624000072479248,direct_px4_equiv,1,1,14,0,0,0,0,1,0.005587554536759853,0.08283471316099167,1.3153939843177795,0.008406358771026134,-0.02621370740234852,0.1352844089269638,-0.3297900599471836,-0.11964728541394354,-6.766490528112873,-0.11968929087204967,-0.0067696948535740376,0.0009479137370362878,1.3133766654722148,0.0,0.0,0.06660901530740357,0.0,0.0,0.18475203432217155,0.0,0.0,-5.248401720262746,-0.09900915421502336,-1.340238691754674,43.845947232058,0.1435964998762777,0.05818371336526557,0.1268560284545502,19.149819859761216,18.661208489778204,6.060755596523486,0.012,0.012,fixed_switch,0.32361167669296265,0.32361167669296265,0.3279522657394409,0.3279522657394409,0.688727617263794,0.002369868103414774,-0.003911647014319897,0.011432887054979801,0.011141053400933743,0.32421955466270447,0.32421955466270447,0.32634928822517395,0.32634928822517395,0.6888487339019775,0.002099132165312767,-0.004065989516675472,0.01120830699801445,0.0110668009147048,4.019999980926514,0.0,0.003999948501586914,0,0,-0.038231831043958664,0.014687840826809406,-0.04144655913114548,2,0.0,,4.0,3.5,8.0,3.8,3.2,4.0,0.15,0.12,3.0,1.5584316526975803,-0.0057830698722926175,0.0020117957104599333,0.026500760457206157,-0.038231831043958664,0.014687840826809406,-0.04144655913114548,-0.0035559654350022334,-0.00034291926718135496,0.022317150359574402,0.1435964998762777,-0.05818371336526557,-0.1268560284545502,1.0,0.9999812543901477,0.0,roll,0.0,0.0,0.0,0.0,0,0.5280001163482666,ingress,1.2,0.004527955999947153,1,-0.01832442935624704,0.04026598290243146,0.007863075046418611,0.03783792485458361,-0.012630157457990664,0.03500065230252635,0.007651970493038053,0.03591747291374008
5.648000001907349,direct_px4_equiv,1,1,14,0,0,0,0,1,0.00551152927801013,0.08245263993740082,1.3169453740119934,0.007184415124356747,-0.026792583987116814,0.13283570110797882,-0.3227462905340707,-0.13200095298014583,-6.715098203583213,-0.1320441977044634,-0.0067696948535740376,0.0009479137370362878,1.3150284715576275,0.0,0.0,0.07104071424288882,0.0,0.0,0.18445679084708885,0.0,0.0,-5.248401720262746,-0.07354130772818938,-1.317860452514722,43.971815081572316,0.011487411036868789,0.040138123949181835,0.1304841479983401,19.014684824075086,18.927249574124172,6.054905943450987,0.016,0.016,fixed_switch,0.325982004404068,0.325982004404068,0.32675740122795105,0.32675740122795105,0.6883952021598816,0.0026349721010774374,-0.0038214505184441805,0.011083829216659069,0.011032842099666595,0.32378464937210083,0.32378464937210083,0.32812240719795227,0.32812240719795227,0.6891204714775085,0.0022871452383697033,-0.003772868774831295,0.011425548233091831,0.011134238913655281,4.043999910354614,0.0,0.003999948501586914,0,0,0.005622102413326502,0.008715903386473656,-0.03871888667345047,2,0.0,,4.0,3.5,8.0,3.8,3.2,4.0,0.15,0.12,3.0,1.5079364546538403,-0.0056619991184921736,0.0022315567459912015,0.025604356432924226,0.005622102413326502,0.008715903386473656,-0.03871888667345047,-0.0036937245130791597,-0.00029134405172859544,0.02294035549930066,0.011487411036868789,-0.040138123949181835,-0.1304841479983401,1.0,0.9999814809610525,0.0,roll,0.0,0.0,0.0,0.0,0,0.5520000457763672,ingress,1.2,0.008476137001707684,1,-0.018166976091901287,0.03988800999438193,0.007863075046679734,0.037837924854443136,-0.012338925349585693,0.034660694440259744,0.008507953410675544,0.034820875616624274
5.672000169754028,direct_px4_equiv,1,1,14,0,0,0,0,1,0.005375887267291546,0.08185805380344391,1.3192718625068665,0.0053310757502913475,-0.027479734271764755,0.13070356845855713,-0.29196387769120646,-0.14189617779791294,-6.6692470296046995,-0.14193982456478277,-0.0067696948535740376,0.0009479137370362878,1.3167865136641956,0.0,0.0,0.07545821629027855,0.0,0.0,0.18356869529895728,0.0,0.0,-5.248401720262746,-0.040555528804686256,-1.2702428295423633,44.06522848583714,-0.009023763288879804,0.026309770330272264,0.14081267439893294,19.030879663895618,19.007743692201306,6.0502360721309625,0.02,0.02,fixed_switch,0.32669588923454285,0.32669588923454285,0.32690081000328064,0.32690081000328064,0.6881296634674072,0.0031477187294512987,-0.003804294392466545,0.01063793059438467,0.010624993592500687,0.3260723948478699,0.3260723948478699,0.3268406391143799,0.3268406391143799,0.6885847449302673,0.0025926551315933466,-0.0037639541551470757,0.011063572019338608,0.011013157665729523,4.068000078201294,0.0,0.004000186920166016,0,0,0.011580057442188263,0.004086618777364492,-0.03507115691900253,2,0.0,,4.0,3.5,8.0,3.8,3.2,4.0,0.15,0.12,3.0,1.4578068291491784,-0.005126036289722275,0.002413175196624289,0.02480400336999171,0.011580057442188263,0.004086618777364492,-0.03507115691900253,-0.00382400306057792,-0.0002352785661156144,0.023543444705101446,-0.009023763288879804,-0.026309770330272264,-0.14081267439893294,1.0,0.9999839501683637,0.0,roll,0.0,0.0,0.0,0.0,0,0.5760002136230469,ingress,1.2,0.012580470996908844,1,-0.0179920549431352,0.03974686367359872,0.007863075046927537,0.03783792485432977,-0.012283530670833447,0.03337940135831453,0.010163540416459779,0.03342004544343179
5.696000099182129,direct_px4_equiv,1,1,14,0,0,0,0,1,0.005139182321727276,0.08126290142536163,1.3215966820716858,0.0035763911437243223,-0.027617771178483963,0.12909667193889618,-0.269470894565084,-0.14607201122837038,-6.626402936027456,-0.14611424075936774,-0.0067696948535740376,0.0009479137370362878,1.3186502463022676,0.0,0.0,0.07984745005078048,0.0,0.0,0.1821081496288964,0.0,0.0,-5.248401720262746,-0.010622418916488366,-1.238205211518602,44.149404276520336,-0.013406709018536408,0.022423538968437167,0.149854798039635,19.061660497978522,19.053387433154544,6.0571819201003345,0.012,0.012,fixed_switch,0.3271000385284424,0.3271000385284424,0.32717323303222656,0.32717323303222656,0.6885245442390442,0.0036063254810869694,-0.003777451114729047,0.010344678536057472,0.010340187698602676,0.3275430202484131,0.3275430202484131,0.32624107599258423,0.32624107599258423,0.6877332329750061,0.0037459491286426783,-0.003975314553827047,0.010357365943491459,0.010437734425067902,4.0920000076293945,0.0,0.003999948501586914,0,0,0.012391655705869198,0.002734636189416051,-0.03176536411046982,2,0.0,,4.0,3.5,8.0,3.8,3.2,4.0,0.15,0.12,3.0,1.4120133528449048,-0.004733462616588811,0.002492690096133932,0.024055991551073286,0.012391655705869198,0.002734636189416051,-0.03176536411046982,-0.003940470630776776,-0.00017624765440662612,0.024128297465219547,-0.013406709018536408,-0.022423538968437167,-0.149854798039635,1.0,0.9999856904145613,0.0,roll,0.0,0.0,0.0,0.0,0,0.6000001430511475,ingress,1.2,0.016767178996815346,1,-0.01777745588198608,0.03253339705444016,0.009475350212842204,0.030723070591272595,-0.01219685732122057,0.032484657053153634,0.011644316751958667,0.03249876700123239
5.7200000286102295,direct_px4_equiv,1,1,14,0,0,0,0,1,0.004628519061952829,0.08030494302511215,1.3255570530891418,0.0010878738248720765,-0.024795543402433395,0.12842662632465363,-0.26771241389557343,-0.14812216863343808,-6.58427984330349,-0.14816242207341265,-0.0067696948535740376,0.0009479137370362878,1.320618846118349,0.0,0.0,0.08419496520685041,0.0,0.0,0.18009553206308002,0.0,0.0,-5.248401720262746,0.037364113546657,-1.2638804420443894,44.15752919483923,0.02064903289914156,0.01663031376902226,0.145734429863607,19.120675764371406,19.008815806405543,6.051569067234393,0.016,0.016,fixed_switch,0.3267053961753845,0.3267053961753845,0.32769495248794556,0.32769495248794556,0.6882054805755615,0.0039042544085532427,-0.0032758114393800497,0.0105840303003788,0.010522088967263699,0.32688918709754944,0.32688918709754944,0.3273719549179077,0.3273719549179077,0.6885504722595215,0.0037328877951949835,-0.003579675452783704,0.010417971760034561,0.010388175956904888,4.115999937057495,0.0,0.003999948501586914,0,0,0.0009929167572408915,0.0008494171779602766,-0.03072071447968483,2,0.0,,4.0,3.5,8.0,3.8,3.2,4.0,0.15,0.12,3.0,1.370803116625851,-0.004702274310039024,0.002530567221612997,0.02332090256794701,0.0009929167572408915,0.0008494171779602766,-0.03072071447968483,-0.004053308251521624,-0.00011587559520819114,0.024695491061222083,0.02064903289914156,-0.01663031376902226,-0.145734429863607,1.0,0.9999857424234474,0.0,roll,0.0,0.0,0.0,0.0,0,0.624000072479248,ingress,1.2,0.0006314909987850115,1,-0.017191787659624924,0.030310116373500475,0.011079470007722381,0.0285498321375649,-0.010577133485106336,0.03305611846908583,0.012606287609307026,0.03325071319776131
5.74399995803833,direct_px4_equiv,1,1,14,0,0,0,0,1,0.004379119258373976,0.07993657886981964,1.3271463513374329,0.00024385876895394176,-0.023539215326309204,0.12819541990756989,-0.2704863436017132,-0.15913083231851172,-6.541156825208397,-0.1591713439302727,-0.0067696948535740376,0.0009479137370362878,1.3226911548299725,0.0,0.0,0.08848775668088311,0.0,0.0,0.17755122673912868,0.0,0.0,-5.248401720262746,0.06296198330298762,-1.2805815833527987,44.24333327764667,0.03181902085873318,0.03178910444759324,0.1327963140779484,19.164836819854557,19.018722933306705,6.083429914672864,0.012,0.012,fixed_switch,0.3267931640148163,0.3267931640148163,0.328084796667099,0.328084796667099,0.6900147795677185,0.003791401395574212,-0.0027443605940788984,0.010718354023993015,0.010636606253683567,0.32689744234085083,0.32689744234085083,0.3280147612094879,0.3280147612094879,0.6888396143913269,0.0035851839929819107,-0.002957274205982685,0.010594755411148071,0.010524824261665344,4.139999866485596,0.0,0.003999948501586914,0,0,-0.0026556686498224735,0.005250785034149885,-0.031130587682127953,2,0.0,,4.0,3.5,8.0,3.8,3.2,4.0,0.15,0.12,3.0,1.330664485939366,-0.004751899587441579,0.002723914717283119,0.02256882374074942,-0.0026556686498224735,0.005250785034149885,-0.031130587682127953,-0.004167094160343007,-5.395156082661082e-05,0.025244723237267244,0.03181902085873318,-0.03178910444759324,-0.1327963140779484,1.0,0.9999849998687611,0.0,roll,0.0,0.0,0.0,0.0,0,0.6480000019073486,ingress,1.2,0.004500934999668971,1,-0.014626677219281474,0.026254899444007298,0.012046141450408743,0.024561083967008235,-0.008861154024894432,0.03341588418478706,0.012241900946883261,0.0336727028928637
5.764000177383423,direct_px4_equiv,1,1,14,0,0,0,0,1,0.00412619998678565,0.07958536595106125,1.3288176655769348,-0.000594534445554018,-0.022364024072885513,0.13301093876361847,-0.2715478869422375,-0.17038148107424078,-6.50563042077304,-0.17042250937000397,-0.0067696948535740376,0.0009479137370362878,1.3244962787708623,0.0,0.0,0.09201428450385139,0.0,0.0,0.17503949073371394,0.0,0.0,-5.248401720262746,0.08841006640674476,-1.2941561717642551,44.21249579526819,0.029284825430047054,0.03184327338573116,0.12734632187400308,19.147764664623576,19.00902292020283,6.079719977571104,0.012,0.012,fixed_switch,0.32670724391937256,0.32670724391937256,0.3279341459274292,0.3279341459274292,0.6898043155670166,0.003866202663630247,-0.0024072688538581133,0.010837545618414879,0.010758988559246063,0.3267221450805664,0.3267221450805664,0.32764238119125366,0.32764238119125366,0.6959102749824524,0.003698934568092227,-0.0025042500346899033,0.010723224841058254,0.010664849542081356,4.1600000858306885,0.0,0.004000186920166016,0,0,-0.0017760840710252523,0.004928226582705975,-0.030585866421461105,2,0.0,,4.0,3.5,8.0,3.8,3.2,4.0,0.15,0.12,3.0,1.2978455200833825,-0.00477173465986222,0.0029215326623363573,0.02194929954133851,-0.0017760840710252523,0.004928226582705975,-0.030585866421461105,-0.004262195091830677,4.31247179942301e-06,0.02568865146814177,0.029284825430047054,-0.03184327338573116,-0.12734632187400308,1.0,0.9999843475980512,0.0,roll,0.0,0.0,0.0,0.0,0,0.6680002212524414,ingress,1.2,0.0045428539960994385,1,-0.011954252929715733,0.030206200801959036,0.012241448452379866,0.02857405463136326,-0.007772732134770112,0.03380035864438835,0.012483423890188496,0.03404715339278187
5.788000106811523,direct_px4_equiv,1,1,14,0,0,0,0,1,0.003689513076096773,0.07908859848976135,1.331208050251007,-0.0013931544963270426,-0.020890234038233757,0.12890252470970154,-0.2762155277606173,-0.15979330987288068,-6.465142378278836,-0.15982932061690142,-0.0067696948535740376,0.0009479137370362878,1.3267547050709292,0.0,0.0,0.09617459474084299,0.0,0.0,0.1715733610441368,0.0,0.0,-5.248401720262746,0.09992408044772161,-1.3137046054195707,44.33940179806609,0.03329146624615081,-0.008933439123674116,0.12576355379420398,19.235642415970005,19.084098773671272,6.044216856591789,0.016,0.016,fixed_switch,0.3273716866970062,0.3273716866970062,0.3287089467048645,0.3287089467048645,0.6877872943878174,0.0039055885281413794,-0.0022649161983281374,0.010958017781376839,0.010871653445065022,0.32688382267951965,0.32688382267951965,0.32811373472213745,0.32811373472213745,0.690148651599884,0.0037650507874786854,-0.002334901364520192,0.010839286260306835,0.010760566219687462,4.184000015258789,0.0,0.003999948501586914,0,0,-0.0029552087653428316,-0.007499747443944216,-0.029179047793149948,2,0.0,,4.0,3.5,8.0,3.8,3.2,4.0,0.15,0.12,3.0,1.2582608222189082,-0.004850200933285037,0.002737566282374629,0.0212423723077649,-0.0029552087653428316,-0.007499747443944216,-0.029179047793149948,-0.0043776929487789095,7.235818401521102e-05,0.026205409669639967,0.03329146624615081,0.008933439123674116,-0.12576355379420398,1.0,0.9999844906403154,0.0,roll,0.0,0.0,0.0,0.0,0,0.692000150680542,ingress,1.2,0.00856374100112589,1,-0.011329903978501348,0.0263103157294611,0.012861261206905252,0.02463429949965266,-0.007313095615105775,0.0341543064038141,0.012610595339733409,0.034425626817544144
5.812000036239624,direct_px4_equiv,1,1,14,0,0,0,0,1,0.0032369280233979225,0.07861034572124481,1.3334932923316956,-0.002132981549948454,-0.019402146339416504,0.12918858230113983,-0.2804803517376429,-0.14311435647646067,-6.4273861660395335,-0.14314465383019567,-0.0067696948535740376,0.0009479137370362878,1.3291119342971374,0.0,0.0,0.1002459901688804,0.0,0.0,0.1676332988892649,0.0,0.0,-5.248401720262746,0.10598399471425687,-1.3332497376737653,44.39070876629112,0.037803172131015764,-0.027158672685253307,0.12570969178235425,19.27710075504588,19.111185126023933,6.027624889085304,0.02,0.02,fixed_switch,0.3276110887527466,0.3276110887527466,0.32907387614250183,0.32907387614250183,0.6868426203727722,0.003947928082197905,-0.0022100571077317,0.011105346493422985,0.011009725742042065,0.32746052742004395,0.32746052742004395,0.3287999629974365,0.3287999629974365,0.6879447102546692,0.003846162697300315,-0.0022437910083681345,0.01096030231565237,0.010873804800212383,4.20799994468689,0.0,0.003999948501586914,0,0,-0.004331632982939482,-0.012697679921984673,-0.027625517919659615,2,0.0,,4.0,3.5,8.0,3.8,3.2,4.0,0.15,0.12,3.0,1.2206463359052577,-0.004920736073916232,0.002447311644367192,0.020582831448251532,-0.004331632982939482,-0.012697679921984673,-0.027625517919659615,-0.004495258391754982,0.00013400672756955852,0.026705851675202376,0.037803172131015764,0.027158672685253307,-0.12570969178235425,1.0,0.9999848985104622,0.0,roll,0.0,0.0,0.0,0.0,0,0.7160000801086426,ingress,1.2,0.012753505005093757,1,-0.011134837545647399,0.03023700007930532,0.013110917136858436,0.028528152655563473,-0.007135962884507534,0.03458807492020189,0.012747303201802281,0.03488847605485123
5.835999965667725,direct_px4_equiv,1,1,14,0,0,0,0,1,0.002933177165687084,0.07830461859703064,1.3350496888160706,-0.0025331471115350723,-0.018441328778862953,0.13027112185955048,-0.279278050914256,-0.12598088636004287,-6.3918727350927105,-0.1260059779990303,-0.0067696948535740376,0.0009479137370362878,1.3315656979654653,0.0,0.0,0.10421734105117497,0.0,0.0,0.16323968840671865,0.0,0.0,-5.248401720262746,0.10386631110104842,-1.3435677342602323,44.453842025598185,0.0217216476266548,-0.02925854518119266,0.13417585959658462,19.28185803013605,19.164284511210802,6.033478712029817,0.012,0.012,fixed_switch,0.3280799388885498,0.3280799388885498,0.32911571860313416,0.32911571860313416,0.6871760487556458,0.004127334803342819,-0.002432717476040125,0.011160304769873619,0.011092226020991802,0.3277572989463806,0.3277572989463806,0.32892343401908875,0.32892343401908875,0.6865540146827698,0.004185608588159084,-0.002382288221269846,0.01118174847215414,0.011104925535619259,4.23199987411499,0.0,0.003999948501586914,0,0,0.0009866335894912481,-0.012839804403483868,-0.024718396365642548,2,0.0,,4.0,3.5,8.0,3.8,3.2,4.0,0.15,0.12,3.0,1.184099867997812,-0.00489601143310115,0.002150026469378034,0.01996229084983575,0.0009866335894912481,-0.012839804403483868,-0.024718396365642548,-0.004613206999055753,0.00018846262624180185,0.02719105508436835,0.0217216476266548,0.02925854518119266,-0.13417585959658462,1.0,0.9999857032290203,0.0,roll,0.0,0.0,0.0,0.0,0,0.7400000095367432,ingress,1.2,0.016392527999414597,1,-0.010571622559314674,0.026270497810492868,0.01359463155815035,0.024649370009688018,-0.00785490215432845,0.034847256250074864,0.013326582955486048,0.03506113269693324
5.856000185012817,direct_px4_equiv,1,1,14,0,0,0,0,1,0.0026216863188892603,0.0780080035328865,1.336618721485138,-0.0028796361293643713,-0.017482144758105278,0.13125647604465485,-0.2763241044248046,-0.11466405168577877,-6.363706966398537,-0.11468576464145175,-0.0067696948535740376,0.0009479137370362878,1.333682455005714,0.0,0.0,0.10744273018304455,0.0,0.0,0.15924653438623096,0.0,0.0,-5.248401720262746,0.1056877057678207,-1.3524211744076884,44.494987912655986,0.016268144445314634,-0.022466151310974947,0.1324600127110594,19.287225769110293,19.18582319332987,6.047960363709864,0.012,0.012,fixed_switch,0.328269898891449,0.328269898891449,0.32916292548179626,0.32916292548179626,0.6880002617835999,0.004095443990081549,-0.002375653013586998,0.011221259832382202,0.01116224005818367,0.32802534103393555,0.32802534103393555,0.32892411947250366,0.32892411947250366,0.6871969699859619,0.004279918968677521,-0.0024731920566409826,0.01124013401567936,0.011180590838193893,4.252000093460083,0.0,0.004000186920166016,0,0,0.0027108017820864916,-0.010380012914538383,-0.023842569440603256,2,0.0,,4.0,3.5,8.0,3.8,3.2,4.0,0.15,0.12,3.0,1.154998929019369,-0.004842007307007394,0.0019542258891499377,0.01947020044256135,0.0027108017820864916,-0.010380012914538383,-0.023842569440603256,-0.004710433473657968,0.00022899765284446712,0.02758432586727636,0.016268144445314634,0.022466151310974947,-0.1324600127110594,1.0,0.9999863679831619,0.0,roll,0.0,0.0,0.0,0.0,0,0.7600002288818359,ingress,1.2,0.01673399699939182,1,-0.010492774970450156,0.030164027831278053,0.013701397669035909,0.02859185729180024,-0.007670649135788053,0.03506721005836728,0.01322361091763235,0.03525262692964929
5.880000114440918,direct_px4_equiv,1,1,14,0,0,0,0,1,0.0017476569628342986,0.07719302922487259,1.341496765613556,-0.0034125701058655977,-0.014702101238071918,0.13593564927577972,-0.2740981303295776,-0.10642770866365389,-6.330632095360019,-0.10644668544179177,-0.0067696948535740376,0.0009479137370362878,1.336306448913547,0.0,0.0,0.11120338178046815,0.0,0.0,0.1540743560661926,0.0,0.0,-5.248401720262746,0.12336287869019923,-1.3816664735901127,44.3725368995535,0.019029189576258505,-0.010687227061913739,0.12901450226497382,19.23176439624457,19.12100759394173,6.046856781292817,0.016,0.016,fixed_switch,0.32769787311553955,0.32769787311553955,0.3286747932434082,0.3286747932434082,0.6879374980926514,0.004168087616562843,-0.002156035043299198,0.011502893641591072,0.011436618864536285,0.327886164188385,0.327886164188385,0.32886576652526855,0.32886576652526855,0.6877263188362122,0.004325182642787695,-0.0024358860682696104,0.011371052823960781,0.011305395513772964,4.276000022888184,0.0,0.003999948501586914,0,0,0.0017171234358102083,-0.006456122267991304,-0.023057833313941956,2,0.0,,4.0,3.5,8.0,3.8,3.2,4.0,0.15,0.12,3.0,1.1217074367733344,-0.004801236861293801,0.0018122459133428394,0.01889258279533916,0.0017171234358102083,-0.006456122267991304,-0.023057833313941956,-0.004826045867583356,0.0002736932822193639,0.02804339128137625,0.019029189576258505,0.010687227061913739,-0.12901450226497382,1.0,0.9999868319443627,0.0,roll,0.0,0.0,0.0,0.0,0,0.7840001583099365,ingress,1.2,0.0006647830014117062,1,-0.009710613814438048,0.030156605495495616,0.01413130671330023,0.02854777270599215,-0.006961533162951176,0.035929199139699754,0.013458167881756371,0.03613740633506304
5.9040000438690186,direct_px4_equiv,1,1,14,0,0,0,0,1,0.0014794111484661698,0.07695627212524414,1.3431716561317444,-0.0035117780789732933,-0.013791454955935478,0.137143075466156,-0.27299624284488505,-0.10359064742256828,-6.3019549906525425,-0.10360816003972573,-0.0067696948535740376,0.0009479137370362878,1.3390191701306016,0.0,0.0,0.1148351111926138,0.0,0.0,0.14850638471131997,0.0,0.0,-5.248401720262746,0.12756652586908548,-1.3929532015094344,44.427092171041004,0.02043417423208887,0.004233911135385702,0.1443227611892581,19.248282143856567,19.133025257116042,6.073780174162534,0.012,0.012,fixed_switch,0.32780399918556213,0.32780399918556213,0.32882025837898254,0.32882025837898254,0.6894672513008118,0.004575292579829693,-0.002493817824870348,0.011589613743126392,0.011520186439156532,0.3279246687889099,0.3279246687889099,0.32892316579818726,0.32892316579818726,0.688770055770874,0.004253989551216364,-0.002273413585498929,0.011493260972201824,0.011425631120800972,4.299999952316284,0.0,0.003999948501586914,0,0,0.0012087011709809303,-0.0017113443464040756,-0.019276993349194527,2,0.0,,4.0,3.5,8.0,3.8,3.2,4.0,0.15,0.12,3.0,1.0935035940713056,-0.004781097646220495,0.0017641103476303324,0.01839196229673723,0.0012087011709809303,-0.0017113443464040756,-0.019276993349194527,-0.004941039556690633,0.00031629273220649295,0.028489693932332524,0.02043417423208887,-0.004233911135385702,-0.1443227611892581,1.0,0.9999870145098491,0.0,roll,0.0,0.0,0.0,0.0,0,0.8080000877380371,ingress,1.2,0.004593719000695273,1,-0.009635423914672536,0.026223914985585205,0.014411275322203454,0.024708772354554057,-0.00805218645210457,0.03619173204350929,0.0147729757971947,0.036409846274736236
5.927999973297119,direct_px4_equiv,1,1,14,0,0,0,0,1,0.0012186546809971333,0.07673188298940659,1.3448978066444397,-0.0035522354301065207,-0.012848122976720333,0.13862289488315582,-0.27221700289023554,-0.10650136677812429,-6.2751912563526755,-0.10651845445025097,-0.0067696948535740376,0.0009479137370362878,1.3418174125026714,0.0,0.0,0.11832866402350961,0.0,0.0,0.1425630044592337,0.0,0.0,-5.248401720262746,0.1353722820550246,-1.4053347056316439,44.47403210320879,0.022912827271582437,0.015260040622194899,0.1418973674367938,19.265465473434528,19.142278732507762,6.094659624350889,0.016,0.016,fixed_switch,0.3278857171535492,0.3278857171535492,0.3289715051651001,0.3289715051651001,0.6906513571739197,0.004576824605464935,-0.0023697172291576862,0.011687021702528,0.011612259782850742,0.32797613739967346,0.32797613739967346,0.32899197936058044,0.32899197936058044,0.6898242831230164,0.004520697053521872,-0.002434753580018878,0.011582323350012302,0.011513002216815948,4.323999881744385,0.0,0.003999948501586914,0,0,0.0003568239335436374,0.00164405710529536,-0.018581505864858627,2,0.0,,4.0,3.5,8.0,3.8,3.2,4.0,0.15,0.12,3.0,1.0678290715671137,-0.00476754075690086,0.0018161483928110958,0.017924978055801517,0.0003568239335436374,0.00164405710529536,-0.018581505864858627,-0.005055614672993111,0.0003592485043546819,0.02892450174227545,0.022912827271582437,-0.015260040622194899,-0.1418973674367938,1.0,0.9999869860794482,0.0,roll,0.0,0.0,0.0,0.0,0,0.8320000171661377,ingress,1.2,0.008398982994549442,1,-0.009535965825749664,0.03014011688910603,0.01440195311597694,0.028610942049749014,-0.007651483312142891,0.036480989101154215,0.01477792142802327,0.03671586125039168
5.952000141143799,direct_px4_equiv,1,1,14,0,0,1,0,1,0.0008276643347926438,0.0764012485742569,1.347553312778473,-0.00356217916123569,-0.011483562178909779,0.14074350893497467,-0.26977700948282074,-0.117009052519542,-6.251677499050554,-0.11702698368540598,-0.0067696948535740376,0.0009479137370362878,1.344697782650947,0.0,0.0,0.12167530758305238,0.0,0.0,0.1362645351823888,0.0,0.0,-5.248401720262746,0.15123125050405026,-1.4212879445309916,44.4749011447754,0.02121514763901325,0.025895838378110023,0.15891807454251117,19.256977085278816,19.138688269962362,6.108877067407126,0.02,0.02,fixed_switch,0.3278540074825287,0.3278540074825287,0.32889679074287415,0.32889679074287415,0.6914564371109009,0.0051238383166491985,-0.0026582356076687574,0.011821970343589783,0.011749319732189178,0.3279709815979004,0.3279709815979004,0.32905611395835876,0.32905611395835876,0.6908348202705383,0.004557743202894926,-0.0023381253704428673,0.011682468466460705,0.01160779781639576,4.3480000495910645,0.0,0.004000186920166016,0,0,0.0008524251170456409,0.004649949725717306,-0.01472530234605074,2,0.0,,4.0,3.5,8.0,3.8,3.2,4.0,0.15,0.12,3.0,1.0457455430767093,-0.00472618915592794,0.0020008856037020276,0.017514993655697465,0.0008524251170456409,0.004649949725717306,-0.01472530234605074,-0.005169647577758981,0.00040475515445389035,0.029348974192059712,0.02121514763901325,-0.025895838378110023,-0.15891807454251117,1.0,0.9999868297971899,0.0,roll,0.0,0.0,0.0,0.0,0,0.8560001850128174,ingress,1.2,0.012604245996044483,1,-0.0089902436282438,0.026197803849698855,0.014629846386334824,0.024638812819023023,-0.008583068225409189,0.03691157578683222,0.016544152234331977,0.03713981656177945
5.976000070571899,direct_px4_equiv,1,1,14,0,0,1,0,1,0.0004276933323126286,0.07608525454998016,1.350290834903717,-0.003686685347929597,-0.010237298905849457,0.1426536738872528,-0.2668295691963979,-0.12627434508155233,-6.229653972774554,-0.12629284999044826,-0.0067696948535740376,0.0009479137370362878,1.3476565964354972,0.0,0.0,0.1248666993535481,0.0,0.0,0.1296314863256214,0.0,0.0,-5.248401720262746,0.1677371715447966,-1.434897036252432,44.47492735191042,0.019931092558524353,0.028308050598667953,0.15997309267882845,19.253801835943595,19.139088421823473,6.112296496462086,0.012,0.012,fixed_switch,0.3278575539588928,0.3278575539588928,0.3288688361644745,0.3288688361644745,0.6916499137878418,0.005283349193632603,-0.002551591256633401,0.011934971436858177,0.011863830499351025,0.3275738060474396,0.3275738060474396,0.32841965556144714,0.32841965556144714,0.6925917863845825,0.00517853070050478,-0.0024916583206504583,0.01195590291172266,0.01189620140939951,4.371999979019165,0.0,0.003999948501586914,0,0,0.0011974105145782232,0.005123141687363386,-0.013636650517582893,2,0.0,,4.0,3.5,8.0,3.8,3.2,4.0,0.15,0.12,3.0,1.0249753817367753,-0.004675748397773444,0.00216393804987265,0.01713095204997746,0.0011974105145782232,0.005123141687363386,-0.013636650517582893,-0.005282359231634711,0.0004552427079194066,0.029763908072180524,0.019931092558524353,-0.028308050598667953,-0.15997309267882845,1.0,0.9999867273740224,0.0,roll,0.0,0.0,0.0,0.0,0,0.880000114440918,ingress,1.2,0.016606427998340223,1,-0.009139670687785496,0.030106972565868053,0.01615253018459686,0.02863103400142446,-0.008238728548082436,0.03727132223590378,0.017059190861251926,0.03749481874057229
6.0,direct_px4_equiv,1,1,14,0,0,1,0,1,-0.0002773102023638785,0.07558925449848175,1.354856789112091,-0.003655193606391549,-0.007970516569912434,0.1445576399564743,-0.2630697117373159,-0.13121070334457582,-6.209901380801476,-0.131229183557512,-0.0067696948535740376,0.0009479137370362878,1.3506900624328386,0.0,0.0,0.12789508658713952,0.0,0.0,0.12268418118700077,0.0,0.0,-5.248401720262746,0.18485029727740876,-1.4614156705282086,44.40762992616129,0.015587551438205168,0.0227292757320835,0.16767811364688334,19.22271990397704,19.1204501758023,6.0961423561035435,0.016,0.016,fixed_switch,0.3276929557323456,0.3276929557323456,0.3285951316356659,0.3285951316356659,0.6907353401184082,0.005616629496216774,-0.002606058493256569,0.012167504988610744,0.01210273988544941,0.3277592360973358,0.3277592360973358,0.3286586403846741,0.3286586403846741,0.691384494304657,0.0053383042104542255,-0.0024898338597267866,0.01202570740133524,0.011961906217038631,4.395999908447266,0.0,0.003999948501586914,0,0,0.002539753681048751,0.0032291950192302465,-0.01151441503316164,2,0.0,,4.0,3.5,8.0,3.8,3.2,4.0,0.15,0.12,3.0,1.005724107188687,-0.004610479107647025,0.0022514469975615007,0.016786342183356263,0.002539753681048751,0.0032291950192302465,-0.01151441503316164,-0.005393626090039182,0.0005085360406024932,0.03017020075383855,0.015587551438205168,-0.0227292757320835,-0.16767811364688334,1.0,0.9999868372345901,0.0,roll,0.0,0.0,0.0,0.0,0,0.9040000438690186,ingress,1.2,0.0011434480038587935,1,-0.009103768515741854,0.03010432418937217,0.01748429496720785,0.028616437234493693,-0.00841459546293436,0.03802187870355997,0.018135304925676977,0.03822534552285248
6.02400016784668,direct_px4_equiv,1,1,14,0,0,1,0,1,-0.0005504743312485516,0.07540625333786011,1.3567331433296204,-0.003518323879688978,-0.007050331681966782,0.1454022228717804,-0.2613803634043979,-0.13105279482709195,-6.189914044369348,-0.13107047907520128,-0.0067696948535740376,0.0009479137370362878,1.3537942111711663,0.0,0.0,0.1307531992879202,0.0,0.0,0.11544293057710557,0.0,0.0,-5.248401720262746,0.18810353892477882,-1.4736765921510318,44.45449520951201,0.020673984488234275,0.011307729814290632,0.1580744948306492,19.258377659390614,19.140121646461946,6.087743917840148,0.012,0.012,fixed_switch,0.32786667346954346,0.32786667346954346,0.32890909910202026,0.32890909910202026,0.6902593970298767,0.005401599686592817,-0.0023408965207636356,0.012257021851837635,0.012181720696389675,0.32794076204299927,0.32794076204299927,0.32886195182800293,0.32886195182800293,0.6911002397537231,0.0054836454801261425,-0.0024682232178747654,0.012149389833211899,0.012083413079380989,4.420000076293945,0.0,0.004000186920166016,0,0,0.000798284774646163,-0.00033809890737757087,-0.012315487489104271,2,0.0,,4.0,3.5,8.0,3.8,3.2,4.0,0.15,0.12,3.0,0.9861545182472053,-0.004580579535587255,0.00224973754646733,0.01643746705670866,0.000798284774646163,-0.00033809890737757087,-0.012315487489104271,-0.0055037786762382876,0.0005628059544619633,0.030568203527497433,0.020673984488234275,-0.011307729814290632,-0.1580744948306492,1.0,0.9999869784859231,0.0,roll,0.0,0.0,0.0,0.0,0,0.9280002117156982,ingress,1.2,0.0046834459935780615,1,-0.00878817746906812,0.026175011632960012,0.018282503322885082,0.024721840193916805,-0.007558425259218099,0.03827000390380745,0.017441004595344596,0.03850656924125646
6.04800009727478,direct_px4_equiv,1,1,14,0,0,1,0,1,-0.0008536606328561902,0.07524458318948746,1.358603298664093,-0.003418603679165244,-0.006048735696822405,0.1466093212366104,-0.26064247477546804,-0.12795529612582102,-6.169904479601427,-0.1279718263723574,-0.0067696948535740376,0.0009479137370362878,1.356964811026544,0.0,0.0,0.1334341723149672,0.0,0.0,0.10792826267202311,0.0,0.0,-5.248401720262746,0.19024211388270484,-1.4882932090663,44.493317662614714,0.02113469108681372,0.0038871735251753865,0.15672015128309366,19.28117137955874,19.160950225076043,6.083431307646547,0.016,0.016,fixed_switch,0.32805049419403076,0.32805049419403076,0.32910966873168945,0.32910966873168945,0.6900148391723633,0.005379899404942989,-0.002287983661517501,0.012365191243588924,0.012288053520023823,0.3280435800552368,0.3280435800552368,0.3291458785533905,0.3291458785533905,0.6900219321250916,0.005338577553629875,-0.0022928440012037754,0.01224850956350565,0.012169002555310726,4.444000005722046,0.0,0.003999948501586914,0,0,0.0006246871780604124,-0.0025662234984338284,-0.011717360466718674,2,0.0,,4.0,3.5,8.0,3.8,3.2,4.0,0.15,0.12,3.0,0.9664415530075836,-0.004566873751492947,0.002196581409343957,0.016088114994661302,0.0006246871780604124,-0.0025662234984338284,-0.011717360466718674,-0.005613535787176159,0.0006160799769096739,0.030957863786582232,0.02113469108681372,-0.0038871735251753865,-0.15672015128309366,1.0,0.9999871593467167,0.0,roll,0.0,0.0,0.0,0.0,0,0.9520001411437988,ingress,1.2,0.008480185002554208,1,-0.009033538085734958,0.030109430214771107,0.018718178133768214,0.02874314851822591,-0.007387576954847481,0.03860405845306427,0.017370937247147517,0.038846392629410295
6.072000026702881,direct_px4_equiv,1,1,14,0,0,1,0,1,-0.0012962642358615994,0.07503262907266617,1.3614802956581116,-0.0030343488324433565,-0.004557732958346605,0.14888936281204224,-0.26131539241313084,-0.12280342684455134,-6.149996245008193,-0.12281862586644682,-0.0067696948535740376,0.0009479137370362878,1.360197565046715,0.0,0.0,0.1359317158393943,0.0,0.0,0.10016049110044786,0.0,0.0,-5.248401720262746,0.18956167188321935,-1.511367162627689,44.474586693935166,0.027305880220545527,0.0005110028432506263,0.1485271729465038,19.285450628038426,19.145508472811855,6.076471921249577,0.02,0.02,fixed_switch,0.32791420817375183,0.32791420817375183,0.3291473090648651,0.3291473090648651,0.6896200180053711,0.00517786992713809,-0.0020934869535267353,0.01256712805479765,0.012475889176130295,0.3281312882900238,0.3281312882900238,0.32919082045555115,0.32919082045555115,0.6901705861091614,0.005351799540221691,-0.002274723257869482,0.012362572364509106,0.01228544395416975,4.4679999351501465,0.0,0.003999948501586914,0,0,-0.0014126875903457403,-0.0034690480679273605,-0.012282494455575943,2,0.0,,4.0,3.5,8.0,3.8,3.2,4.0,0.15,0.12,3.0,0.946964696371906,-0.004577529196297913,0.0021073684987310314,0.015740466386944103,-0.0014126875903457403,-0.0034690480679273605,-0.012282494455575943,-0.005723362852101541,0.0006675976778613338,0.03133912684040002,0.027305880220545527,-0.0005110028432506263,-0.1485271729465038,1.0,0.999987302612809,0.0,roll,0.0,0.0,0.0,0.0,0,0.9760000705718994,ingress,1.2,0.012694424003711902,1,-0.008770326770696835,0.026177101585954675,0.01925797513376739,0.02478600121398387,-0.006759574683657581,0.03919416292333874,0.01671861257953393,0.0394807970910081
6.0959999561309814,direct_px4_equiv,1,1,14,0,0,1,0,1,-0.0017321750055998564,0.07485876977443695,1.3644304871559143,-0.002636639168485999,-0.0030745903495699167,0.15066185593605042,-0.2607244824666064,-0.1160111624866657,-6.129661833532661,-0.11602487292108672,-0.0067696948535740376,0.0009479137370362878,1.363488,0.0,0.0,0.13823999999999997,0.0,0.0,0.0921599999999999,0.0,0.0,-5.248401720262746,0.1873618877865496,-1.5340576503334977,44.45997108623035,0.020579589187201864,-0.0041655909621613795,0.14298754660734792,19.27286607071532,19.1522910592231,6.0683577082356965,0.012,0.012,fixed_switch,0.3279740810394287,0.3279740810394287,0.3290366232395172,0.3290366232395172,0.6891594529151917,0.005022497847676277,-0.0019776062108576298,0.01275138184428215,0.012671563774347305,0.3277316093444824,0.3277316093444824,0.3288526237010956,0.3288526237010956,0.6884203553199768,0.005089962389320135,-0.002002822468057275,0.012763210572302341,0.012678883038461208,4.491999864578247,0.0,0.003999948501586914,0,0,0.0008122306317090988,-0.004728034604340792,-0.012379739433526993,2,0.0,,4.0,3.5,8.0,3.8,3.2,4.0,0.15,0.12,3.0,0.9265631149163681,-0.004565930891349519,0.001989716369261702,0.015385301747848336,0.0008122306317090988,-0.004728034604340792,-0.012379739433526993,-0.005833016549946654,0.0007164067079699035,0.0317118972657713,0.020579589187201864,0.0041655909621613795,-0.14298754660734792,1.0,0.999987596651642,0.0,roll,0.0,0.0,0.0,0.0,0,1.0,ingress,1.2,0.016483488005178515,1,-0.00877032677058892,0.030096531731717027,0.019541977413346314,0.028676404743205312,-0.006385412006473822,0.0398088925143464,0.016216938479991345,0.04005964679085452
6.116000175476074,direct_px4_equiv,1,1,14,0,0,1,0,1,-0.0020010890439152718,0.07478036731481552,1.366443932056427,-0.002418499905616045,-0.0020765953231602907,0.15211914479732513,-0.2624784896097468,-0.10233587828096757,-6.1118174118723765,-0.1023474854428456,-0.0067696948535740376,0.0009479137370362878,1.3662708097333562,0.0,0.0,0.14001515302707282,0.0,0.0,0.08532976240639827,0.0,0.0,-5.248401720262746,0.1791476853058952,-1.5519052470759374,44.46222233496301,0.02564775555765353,-0.02489116664934203,0.13441347795195224,19.295697609267012,19.158861474402617,6.041574900430105,0.012,0.012,fixed_switch,0.32803207635879517,0.32803207635879517,0.3292374312877655,0.3292374312877655,0.6876369714736938,0.004744211211800575,-0.0018325891578570008,0.012895388528704643,0.012803890742361546,0.3276953399181366,0.3276953399181366,0.3288537263870239,0.3288537263870239,0.6888548731803894,0.004928812384605408,-0.0018608402460813522,0.012898958288133144,0.012810898013412952,4.51200008392334,0.0,0.004000186920166016,0,0,-0.0008232479449361563,-0.010796267539262772,-0.013094039633870125,2,0.0,,4.0,3.5,8.0,3.8,3.2,4.0,0.15,0.12,3.0,0.9084370510070552,-0.004594435354804602,0.0017515255093113367,0.015073353330220541,-0.0008232479449361563,-0.010796267539262772,-0.013094039633870125,-0.005924374597224077,0.0007542726691984474,0.032015819205037786,0.02564775555765353,0.02489116664934203,-0.13441347795195224,1.0,0.9999879116611634,0.0,roll,0.0,0.0,0.0,0.0,0,1.0200002193450928,ingress,1.2,0.015952285000821576,1,-0.008671766213213906,0.026156334792506255,0.01998409484392674,0.024820368064423823,-0.005917172168033009,0.040224610159761864,0.015318389306136883,0.04051205848570863
6.140000104904175,direct_px4_equiv,1,1,14,0,0,1,0,1,-0.0026432343292981386,0.07470109313726425,1.3716052174568176,-0.0018580664182081819,0.00036141215241514146,0.15540635585784912,-0.2614714095947866,-0.09354898714956736,-6.090739465249756,-0.09355910421539836,-0.0067696948535740376,0.0009479137370362878,1.3696549388931354,0.0,0.0,0.14196294146698635,0.0,0.0,0.07695555882562904,0.0,0.0,-5.248401720262746,0.17799967520977025,-1.5915980141684503,44.336058253958846,0.020734437332795192,-0.010025748902680915,0.1266773830251784,19.225717598261138,19.102085360681794,6.043659770534101,0.016,0.016,fixed_switch,0.3275306820869446,0.3275306820869446,0.3286215364933014,0.3286215364933014,0.6877555847167969,0.0045589967630803585,-0.0016596188070252538,0.0132647305727005,0.013179382309317589,0.32790935039520264,0.32790935039520264,0.3293760418891907,0.3293760418891907,0.6852483153343201,0.00470623979344964,-0.0018266942352056503,0.01304416824132204,0.012931637465953827,4.53600001335144,0.0,0.003999948501586914,0,0,0.000779828755185008,-0.005888753570616245,-0.013532393611967564,2,0.0,,4.0,3.5,8.0,3.8,3.2,4.0,0.15,0.12,3.0,0.8871355761668654,-0.004575409991184752,0.0015991441536920325,0.014705114228628677,0.000779828755185008,-0.005888753570616245,-0.013532393611967564,-0.006034382763453625,0.0007940785439277484,0.03237240084354054,0.020734437332795192,0.010025748902680915,-0.1266773830251784,1.0,0.9999882541816992,0.0,roll,0.0,0.0,0.0,0.0,0,1.0440001487731934,ingress,1.2,0.02065183100057766,1,-0.008973352733687068,0.03009252530794586,0.017654046806753667,0.02879340141992229,-0.005358675361970586,0.04140425048507751,0.014720357859754717,0.04167238119867589
6.164000034332275,direct_px4_equiv,1,1,14,0,0,1,0,1,-0.0030161042232066393,0.07474040985107422,1.3747740387916565,-0.0014766437234357,0.0011942696291953325,0.1573929339647293,-0.2749213929155874,-0.09029060919587498,-6.0713373039179395,-0.09029991523424215,-0.0067696948535740376,0.0009479137370362878,1.373083385795881,0.0,0.0,0.14370760927913073,0.0,0.0,0.06840639100882787,0.0,0.0,-5.248401720262746,0.17698773065487725,-1.6178993375776471,44.30197914443828,0.04706405902339097,0.002719631431508915,0.13055919824984952,19.24370602613029,19.039378959679222,6.055563435755579,0.012,0.012,fixed_switch,0.32697606086730957,0.32697606086730957,0.3287799656391144,0.3287799656391144,0.6884325742721558,0.004661703482270241,-0.0017610047943890095,0.013528498820960522,0.013384769670665264,0.32774874567985535,0.32774874567985535,0.32885536551475525,0.32885536551475525,0.6881647109985352,0.004518915433436632,-0.001645538373850286,0.013342684134840965,0.013255653902888298,4.559999942779541,0.0,0.003999948501586914,0,0,-0.007609303575009108,-0.0018094517290592194,-0.01207262184470892,2,0.0,,4.0,3.5,8.0,3.8,3.2,4.0,0.15,0.12,3.0,0.8725319797117037,-0.004809470191570094,0.0015413649774632713,0.014366545261148387,-0.007609303575009108,-0.0018094517290592194,-0.01207262184470892,-0.0061484863003568695,0.0008315652496587145,0.03272043873942307,0.04706405902339097,-0.002719631431508915,-0.13055919824984952,1.0,0.9999872465962321,0.0,roll,0.0,0.0,0.0,0.0,0,1.068000078201294,ingress,1.2,0.004668147994379979,1,-0.008523175905472935,0.03980053304826487,0.017035446586940915,0.02875565902372042,-0.005686036400891526,0.04204949446579389,0.015051984418118875,0.04250103226697727
6.187999963760376,direct_px4_equiv,1,1,14,0,0,1,0,1,-0.003254692070186138,0.07477618753910065,1.3769155144691467,-0.0013592025497928262,0.0013103020610287786,0.15825700759887695,-0.26796520027589077,-0.08867067177813949,-6.055689632550656,-0.0886794701541013,-0.0067696948535740376,0.0009479137370362878,1.376551227128324,0.0,0.0,0.14524520194312124,0.0,0.0,0.05970264309361498,0.0,0.0,-5.248401720262746,0.17779412439821105,-1.6162353941193215,44.322740964605124,0.007027706954377413,0.0034822431820415076,0.1385128845795785,19.19155491810945,19.1086191428797,6.059403599587459,0.016,0.016,fixed_switch,0.32758840918540955,0.32758840918540955,0.3283204436302185,0.3283204436302185,0.6886507868766785,0.004846830852329731,-0.001953934784978628,0.013465577736496925,0.013407351449131966,0.3271235525608063,0.3271235525608063,0.32892271876335144,0.32892271876335144,0.6887220144271851,0.00461781257763505,-0.001730910036712885,0.013510609976947308,0.013367506675422192,4.583999872207642,0.0,0.003999948501586914,0,0,0.005533830728381872,-0.001521756057627499,-0.010076858103275299,2,0.0,,4.0,3.5,8.0,3.8,3.2,4.0,0.15,0.12,3.0,0.8554035790359301,-0.004687655865368864,0.001514604561528903,0.014093294042184623,0.005533830728381872,-0.001521756057627499,-0.010076858103275299,-0.006262377004347943,0.0008681059701182994,0.03306122464445493,0.007027706954377413,-0.0034822431820415076,-0.1385128845795785,1.0,0.9999878659273777,0.0,roll,0.0,0.0,0.0,0.0,0,1.0920000076293945,ingress,1.2,0.008830690996546764,1,-0.008519409968529313,0.04056684058706696,0.01690833185236442,0.024866516590488667,-0.006308980019067264,0.04212043792833155,0.01564973398037248,0.0423033591514114
6.208000183105469,direct_px4_equiv,1,1,14,0,0,1,0,1,-0.003591816406697035,0.07486408948898315,1.3801336884498596,-0.0012179648037999868,0.0012726220302283764,0.15934963524341583,-0.2587042699728388,-0.09350073553405874,-6.046638916078743,-0.09350981258908644,-0.0067696948535740376,0.0009479137370362878,1.3794676148271607,0.0,0.0,0.14636584656785312,0.0,0.0,0.05234604105396595,0.0,0.0,-5.248401720262746,0.18466334739671622,-1.6104748007083662,44.27936208728063,0.0024255927200919035,0.008896248556798783,0.15889465377893877,19.16226075807556,19.09386094182843,6.060637049723566,0.016,0.016,fixed_switch,0.327457994222641,0.327457994222641,0.3280620574951172,0.3280620574951172,0.6887208819389343,0.0054077403619885445,-0.0024009232874959707,0.013427931815385818,0.01337997242808342,0.32766109704971313,0.32766109704971313,0.3283891975879669,0.3283891975879669,0.6887956857681274,0.004832820035517216,-0.0019411927787587047,0.013452420011162758,0.013394573703408241,4.604000091552734,0.0,0.004000186920166016,0,0,0.006799159571528435,2.203606527473312e-05,-0.006248767487704754,2,0.0,,4.0,3.5,8.0,3.8,3.2,4.0,0.15,0.12,3.0,0.8445048325716875,-0.0045264937941057425,0.0016003992324350833,0.013935395835726713,0.006799159571528435,2.203606527473312e-05,-0.006248767487704754,-0.006354327952008219,0.0008990089334147108,0.0333411288334695,0.0024255927200919035,-0.008896248556798783,-0.15889465377893877,1.0,0.9999884747880016,0.0,roll,0.0,0.0,0.0,0.0,0,1.1120002269744873,ingress,1.2,0.008155538002029061,1,-0.008519409968484016,0.040883655231398267,0.016754651723844625,0.02860778124462931,-0.0077522431865493825,0.04203442315243949,0.017460831171469397,0.0421850920250666
6.232000112533569,direct_px4_equiv,1,1,14,0,0,1,0,1,-0.00380399776622653,0.07492918521165848,1.382296860218048,-0.0011098904069513083,0.0012227160623297095,0.1601102501153946,-0.24937966595885902,-0.09567559345954812,-6.039165190139573,-0.09568469329850675,-0.0067696948535740376,0.0009479137370362878,1.382994605292807,0.0,0.0,0.1475151517609512,0.0,0.0,0.04341183718656549,0.0,0.0,-5.248401720262746,0.18808299799971556,-1.6046766675691313,44.29548050004875,-0.0009160902823656721,0.014184176779206524,0.16775464750282482,19.160549345790606,19.10266887366538,6.069772052351523,0.02,0.02,fixed_switch,0.32753583788871765,0.32753583788871765,0.328046977519989,0.328046977519989,0.6892397403717041,0.005650828126817942,-0.0025906444061547518,0.01337338611483574,0.013332963921129704,0.3275287449359894,0.3275287449359894,0.3281290531158447,0.3281290531158447,0.6888636946678162,0.005398841574788094,-0.0023905516136437654,0.013415273278951645,0.013367666862905025,4.628000020980835,0.0,0.003999948501586914,0,0,0.00764267984777689,0.0016062542563304305,-0.004438828211277723,2,0.0,,4.0,3.5,8.0,3.8,3.2,4.0,0.15,0.12,3.0,0.8348528211293502,-0.0043639104037317186,0.0016397752123289485,0.01380491515682906,0.00764267984777689,0.0016062542563304305,-0.004438828211277723,-0.006460488792795022,0.0009380198069236318,0.033673658774318806,-0.0009160902823656721,-0.014184176779206524,-0.16775464750282482,1.0,0.9999891337109983,0.0,roll,0.0,0.0,0.0,0.0,0,1.136000156402588,ingress,1.2,0.012530377003713511,1,-0.008456468366173442,0.04118213051325019,0.018418689828856107,0.0246769448231621,-0.008364825778260386,0.041886742615181924,0.018245727906560653,0.04201373271252632
6.25600004196167,direct_px4_equiv,1,1,14,0,0,1,0,1,-0.004005735274404287,0.07505953311920166,1.3844266533851624,-0.0009374289074912667,0.0012121206382289529,0.16055023670196533,-0.2441193138383312,-0.09428724221123527,-6.035022830067859,-0.09429611185480391,-0.0067696948535740376,0.0009479137370362878,1.3865465961820544,0.0,0.0,0.1484488340293298,0.0,0.0,0.034380808513593354,0.0,0.0,-5.248401720262746,0.18794751759247935,-1.6039800807935403,44.31549926861293,0.007684656589457284,0.003185956026039054,0.18529852448999332,19.18956197628395,19.105930084040892,6.058201166396747,0.012,0.012,fixed_switch,0.32756465673446655,0.32756465673446655,0.32830289006233215,0.32830289006233215,0.6885824799537659,0.006080103572458029,-0.003017215756699443,0.01336529478430748,0.013307011686265469,0.3271879255771637,0.3271879255771637,0.3282211720943451,0.3282211720943451,0.6885588765144348,0.005815330892801285,-0.00272918026894331,0.013412022031843662,0.013330178335309029,4.6519999504089355,0.0,0.003999948501586914,0,0,0.004624038003385067,-0.001791470218449831,-0.0012941507156938314,2,0.0,,4.0,3.5,8.0,3.8,3.2,4.0,0.15,0.12,3.0,0.8291998057780262,-0.004271876563587886,0.0016163327233515777,0.013732493907567011,0.004624038003385067,-0.001791470218449831,-0.0012941507156938314,-0.006564229243298063,0.0009771423391275805,0.034003824908033276,0.007684656589457284,-0.003185956026039054,-0.18529852448999332,1.0,0.9999895692684618,0.0,roll,0.0,0.0,0.0,0.0,0,1.1600000858306885,ingress,1.2,0.01648451000073692,1,-0.008482108153297108,0.04659746002006,0.01869834866183442,0.028677287345336176,-0.009742164751152667,0.04180521119291515,0.01963179809231037,0.04198831144049214
6.2799999713897705,direct_px4_equiv,1,1,14,0,0,1,0,1,-0.004504561424255371,0.07555787265300751,1.3908777832984924,-0.0002083432045765221,0.0003565800725482404,0.16117514669895172,-0.23719619823687318,-0.0803139128945066,-6.034397629432268,-0.08032147262568211,-0.0067696948535740376,0.0009479137370362878,1.3901183866314117,0.0,0.0,0.14916481419342043,0.0,0.0,0.02527333917267003,0.0,0.0,-5.248401720262746,0.17379452196127995,-1.5938865908662931,44.1730761435594,0.002963445117565783,-0.015052382188408698,0.19348921021328516,19.132741466377727,19.063711403294555,6.0147983636811775,0.016,0.016,fixed_switch,0.32719138264656067,0.32719138264656067,0.32780149579048157,0.32780149579048157,0.6861114501953125,0.006180268712341785,-0.0033418850507587194,0.013310570269823074,0.013262518681585789,0.3272842764854431,0.3272842764854431,0.32788848876953125,0.32788848876953125,0.687758207321167,0.006101064383983612,-0.0031452870462089777,0.013344749808311462,0.013297053053975105,4.675999879837036,0.0,0.003999948501586914,0,0,0.005994392558932304,-0.0070737553760409355,0.00012099976447643712,2,0.0,,4.0,3.5,8.0,3.8,3.2,4.0,0.15,0.12,3.0,0.8250830533273288,-0.004149367999687813,0.0013733107020073606,0.013720975072910167,0.005994392558932304,-0.0070737553760409355,0.00012099976447643712,-0.006665098445441466,0.0010122516006239662,0.034333206019473,0.002963445117565783,0.015052382188408698,-0.19348921021328516,1.0,0.9999904483820597,0.0,roll,0.0,0.0,0.0,0.0,0,1.184000015258789,ingress,1.2,0.0009663870005169883,1,-0.010912128104046261,0.04818417960933743,0.019216134017446398,0.028633712587706694,-0.010790475947482734,0.041665431317750266,0.019955217716510456,0.04181639048118825
6.300000190734863,direct_px4_equiv,1,1,14,0,0,1,0,1,-0.004590857308357954,0.07579962909221649,1.393038809299469,-3.396483225515112e-05,0.00011936714872717857,0.16204410791397095,-0.2307951483363214,-0.07370952087411774,-6.036600743722445,-0.07371648797572675,-0.0067696948535740376,0.0009479137370362878,1.3931062620684613,0.0,0.0,0.14959400723331698,0.0,0.0,0.01763998898274951,0.0,0.0,-5.248401720262746,0.16770784700519872,-1.5903174833103708,44.16093213551502,0.003138006491972082,-0.015249039080337506,0.203132551983495,19.128000807527858,19.058618902340807,6.0127815827825835,0.016,0.016,fixed_switch,0.3271463215351105,0.3271463215351105,0.32775962352752686,0.32775962352752686,0.685996413230896,0.0063700806349515915,-0.0036288155242800713,0.013284298591315746,0.013236084952950478,0.32725638151168823,0.32725638151168823,0.3278632164001465,0.3278632164001465,0.6862278580665588,0.006169373169541359,-0.003349995007738471,0.013299239799380302,0.013251496478915215,4.696000099182129,0.0,0.004000186920166016,0,0,0.005748841445893049,-0.0069387489929795265,0.0016639726236462593,2,0.0,,4.0,3.5,8.0,3.8,3.2,4.0,0.15,0.12,3.0,0.8247364218618555,-0.004036884849928806,0.0012587341898337536,0.013759118597817093,0.005748841445893049,-0.0069387489929795265,0.0016639726236462593,-0.006746730087149766,0.0010382242398938846,0.03460800635711914,0.003138006491972082,0.015249039080337506,-0.203132551983495,1.0,0.9999910595737483,0.0,roll,0.0,0.0,0.0,0.0,0,1.2040002346038818,ingress,1.2,0.0011851660019601695,1,-0.010367927529903257,0.04426394526598479,0.020306591495703043,0.024704367933765188,-0.011716934358561068,0.04158238734507095,0.02056809361715844,0.04173385363859347
6.324000120162964,direct_px4_equiv,1,1,14,0,0,1,0,1,-0.0046703708358109,0.0760250985622406,1.395233929157257,0.00027204109937883914,-0.000170495652128011,0.16257897019386292,-0.22340238923014227,-0.06768342847635667,-6.040957102071573,-0.06768989685826808,-0.0067696948535740376,0.0009479137370362878,1.3967007059982288,0.0,0.0,0.14990708777799644,0.0,0.0,0.008445320217772062,0.0,0.0,-5.248401720262746,0.1600451807045931,-1.585280942498037,44.16674544603788,0.00418986883680634,-0.007817100808714578,0.21235733775437798,19.127350630502043,19.054977074547818,6.023110218952435,0.012,0.012,fixed_switch,0.3271141052246094,0.3271141052246094,0.3277539014816284,0.3277539014816284,0.6865853667259216,0.006536344066262245,-0.00391753762960434,0.013244735077023506,0.01319459080696106,0.32730159163475037,0.32730159163475037,0.3278973400592804,0.3278973400592804,0.6868255734443665,0.006447570398449898,-0.0037414219696074724,0.01325193140655756,0.013205230236053467,4.7200000286102295,0.0,0.003999948501586914,0,0,0.005182866007089615,-0.004437200725078583,0.003046291647478938,2,0.0,,4.0,3.5,8.0,3.8,3.2,4.0,0.15,0.12,3.0,0.8263426866113313,-0.003907180677726411,0.001154300871318872,0.01383486765789335,0.005182866007089615,-0.004437200725078583,0.003046291647478938,-0.0068416883511839095,0.0010670335583919184,0.034939175946414984,0.00418986883680634,0.007817100808714578,-0.21235733775437798,1.0,0.9999917007645226,0.0,roll,0.0,0.0,0.0,0.0,0,1.2280001640319824,ingress,1.2,0.004391109003336169,1,-0.011893319609471889,0.048234641993023325,0.019851371789966234,0.02873537116094885,-0.012649176389873678,0.041452029987829514,0.021104934652605073,0.04160956153924696
6.3480000495910645,direct_px4_equiv,1,1,14,0,0,1,0,1,-0.004673937801271677,0.07644624263048172,1.3985539078712463,0.0007439909968525171,-0.00035681063309311867,0.16312828660011292,-0.2176226713275447,-0.0621812806776844,-6.0462964052268555,-0.06218730816925447,-0.0067696948535740376,0.0009479137370362878,1.400300013506941,0.0,0.0,0.14999923192920425,-0.0,-0.0,-0.0007680339223163058,0.0,0.0,-5.248401720262746,0.14975451655788818,-1.5869631613930286,44.12788749516007,0.005205277905748589,-0.006549399927981376,0.2108468298229246,19.1114950989358,19.035792422447507,6.019279058230271,0.016,0.016,fixed_switch,0.3269443213939667,0.3269443213939667,0.32761383056640625,0.32761383056640625,0.6863669753074646,0.006421875674277544,-0.0039671375416219234,0.01327216811478138,0.013219565153121948,0.3272348940372467,0.3272348940372467,0.32786908745765686,0.32786908745765686,0.6868090629577637,0.006531311199069023,-0.003936909604817629,0.013225441798567772,0.013175824657082558,4.74399995803833,0.0,0.003999948501586914,0,0,0.004676409997045994,-0.0038770418614149094,0.002568501280620694,2,0.0,,4.0,3.5,8.0,3.8,3.2,4.0,0.15,0.12,3.0,0.8294876466909532,-0.0038056937689760974,0.0010587930588565676,0.013927811488190377,0.004676409997045994,-0.0038770418614149094,0.002568501280620694,-0.006933957985963738,0.0010933895512623205,0.03527254239004637,0.005205277905748589,0.006549399927981376,-0.2108468298229246,1.0,0.9999921978258888,0.0,roll,0.0,0.0,0.0,0.0,0,1.252000093460083,ingress,1.2,0.008507054997608066,1,-0.011485423283137975,0.04428500476284139,0.020727095066364744,0.024752679942881474,-0.012809328126292286,0.041530488302864745,0.020735331878293718,0.04169574481897465
6.371999979019165,direct_px4_equiv,1,1,14,0,0,1,0,1,-0.00461155641824007,0.07688388973474503,1.4019365906715393,0.0012937587453052402,-0.0005616144044324756,0.1638452112674713,-0.2152450401066724,-0.058819758514458066,-6.05086240576053,-0.05882552969329201,-0.0067696948535740376,0.0009479137370362878,1.4038988787122557,0.0,0.0,0.14987023584818848,-0.0,-0.0,-0.009979689299894855,0.0,0.0,-5.248401720262746,0.13894237350857752,-1.5914545738835626,44.079747903428455,0.008738327017461793,-0.005474265203606079,0.20703127869790072,19.095649451064027,19.00885412225208,6.013921346569561,0.02,0.02,fixed_switch,0.3267057538032532,0.3267057538032532,0.32747378945350647,0.32747378945350647,0.686061441898346,0.0062485565431416035,-0.003964365925639868,0.01332862488925457,0.013268007896840572,0.3270018696784973,0.3270018696784973,0.32766908407211304,0.32766908407211304,0.6864780783653259,0.006421992089599371,-0.003973000217229128,0.013264061883091927,0.013211679644882679,4.767999887466431,0.0,0.003999948501586914,0,0,0.0034301222767680883,-0.0034405416809022427,0.0017317539313808084,2,0.0,,4.0,3.5,8.0,3.8,3.2,4.0,0.15,0.12,3.0,0.8330125397092907,-0.0037638288350114544,0.0010002640289133045,0.014007368835766679,0.0034301222767680883,-0.0034405416809022427,0.0017317539313808084,-0.00702447190730952,0.0011178684645566752,0.03560796882513949,0.008738327017461793,0.005474265203606079,-0.20703127869790072,1.0,0.999992416532116,0.0,roll,0.0,0.0,0.0,0.0,0,1.2760000228881836,ingress,1.2,0.0125999169977149,1,-0.012617917718083708,0.0482296345906035,0.020298812764079764,0.02868470478326691,-0.01280037901433245,0.041682675303550736,0.02017570905404113,0.04187311143501319
6.396000146865845,direct_px4_equiv,1,1,14,0,0,1,0,1,-0.004546296317130327,0.07717183977365494,1.4042156338691711,0.0017034655902534723,-0.0006710735615342855,0.16391482949256897,-0.2161684863445743,-0.05607778302966105,-6.056116045330227,-0.056083349271908584,-0.0067696948535740376,0.0009479137370362878,1.4074920323587496,0.0,0.0,0.14952038034374307,-0.0,-0.0,-0.01916935289062371,0.0,0.0,-5.248401720262746,0.13052473217283167,-1.5974068389882339,44.07894204458468,0.0207813605982245,-0.001250995322560902,0.20505737500156807,19.111116184676064,18.987471308987303,6.019160911413625,0.012,0.012,fixed_switch,0.3265162408351898,0.3265162408351898,0.32761049270629883,0.32761049270629883,0.686360239982605,0.006138087250292301,-0.003980935551226139,0.013393580913543701,0.01330687664449215,0.326369971036911,0.326369971036911,0.32741543650627136,0.32741543650627136,0.6862421035766602,0.006211216561496258,-0.004038820043206215,0.01339538674801588,0.013312483206391335,4.79200005531311,0.0,0.004000186920166016,0,0,-0.0005567062180489302,-0.002038079546764493,0.0011784085072577,2,0.0,,4.0,3.5,8.0,3.8,3.2,4.0,0.15,0.12,3.0,0.8381206869666182,-0.0037796537869310624,0.000952122807998364,0.01409898007184741,-0.0005567062180489302,-0.002038079546764493,0.0011784085072577,-0.007115015514978096,0.001141226336794004,0.0359454959360108,0.0207813605982245,0.001250995322560902,-0.20505737500156807,1.0,0.9999924038396311,0.0,roll,0.0,0.0,0.0,0.0,0,1.3000001907348633,ingress,1.2,0.016604714997811243,1,-0.012417881444173983,0.04430394558087183,0.021068377059876544,0.024836466388135237,-0.012853880794691434,0.04180478524815698,0.019819018841415643,0.042077174877037854
6.420000076293945,direct_px4_equiv,1,1,14,0,0,1,0,1,-0.0042632524855434895,0.0779615193605423,1.4099062085151672,0.0026026994455605745,-0.0008218989241868258,0.1631203144788742,-0.2165136526263566,-0.052050144080235325,-6.0597889027773215,-0.05205535958742423,-0.0067696948535740376,0.0009479137370362878,1.4110741108294809,0.0,0.0,0.1489504469726427,-0.0,-0.0,-0.028316457807197815,0.0,0.0,-5.248401720262746,0.11143421676889967,-1.6118889984867213,43.96638781981278,0.018020823329647395,-0.006548302411753638,0.2006895114643197,19.062621022124954,18.946418683597745,5.99658135693964,0.016,0.016,fixed_switch,0.32615214586257935,0.32615214586257935,0.32718172669410706,0.32718172669410706,0.6850716471672058,0.00588701106607914,-0.004038751125335693,0.013544381596148014,0.013461768627166748,0.3262138366699219,0.3262138366699219,0.3272824287414551,0.3272824287414551,0.6854959726333618,0.005977777298539877,-0.004008398856967688,0.013486460782587528,0.013401113450527191,4.815999984741211,0.0,0.003999948501586914,0,0,0.0003737347142305225,-0.0035726139321923256,0.00028520176419988275,2,0.0,,4.0,3.5,8.0,3.8,3.2,4.0,0.15,0.12,3.0,0.8414839643674608,-0.003785210920750246,0.0008816653236600361,0.014162948816914624,0.0003737347142305225,-0.0035726139321923256,0.00028520176419988275,-0.007205847634934453,0.0011631426225259564,0.03628475867488222,0.018020823329647395,0.006548302411753638,-0.2006895114643197,1.0,0.9999924474218742,0.0,roll,0.0,0.0,0.0,0.0,0,1.3240001201629639,ingress,1.2,0.0008611999946879223,1,-0.012718248347410331,0.04429342885371426,0.021314793764317906,0.02479804186737339,-0.013040558360577477,0.042291392951066015,0.01900832981792354,0.04255093106624486
6.444000005722046,direct_px4_equiv,1,1,14,0,0,1,0,1,-0.004052786622196436,0.07843753695487976,1.4133420586585999,0.0031790053471922874,-0.0008990744245238602,0.1628200262784958,-0.21658073690864002,-0.046677638013118555,-6.061768240310239,-0.04668234128141868,-0.0067696948535740376,0.0009479137370362878,1.414639882133284,0.0,0.0,0.14816169717523442,-0.0,-0.0,-0.03740071134590231,0.0,0.0,-5.248401720262746,0.09664044634720102,-1.6214515174038142,43.922056067421735,0.018535138789710852,-0.005388917488795765,0.18914841425053514,19.04391299415836,18.925453010163533,5.991785819756826,0.012,0.012,fixed_switch,0.3259660601615906,0.3259660601615906,0.3270162045955658,0.3270162045955658,0.6847976446151733,0.005485960282385349,-0.0038785215001553297,0.013639885932207108,0.013554989360272884,0.3262981176376343,0.3262981176376343,0.32732635736465454,0.32732635736465454,0.6853436827659607,0.005872322246432304,-0.004057473037391901,0.013535523787140846,0.013453105464577675,4.8399999141693115,0.0,0.003999948501586914,0,0,0.00020449291332624853,-0.003049194347113371,-0.0017536444356665015,2,0.0,,4.0,3.5,8.0,3.8,3.2,4.0,0.15,0.12,3.0,0.8430860258060531,-0.0037857315546904395,0.0007878261249757803,0.014197320466856674,0.00020449291332624853,-0.003049194347113371,-0.0017536444356665015,-0.007296557744687466,0.0011829903371761514,0.036625173126651464,0.018535138789710852,0.005388917488795765,-0.18914841425053514,1.0,0.9999925237839343,0.0,roll,0.0,0.0,0.0,0.0,0,1.3480000495910645,ingress,1.2,0.004553814003884327,1,-0.013840716339988174,0.04822371619743951,0.020809059418742917,0.028783339224513243,-0.012523199434176801,0.042584254700304504,0.017713392429637497,0.04285096484798327
6.468000173568726,direct_px4_equiv,1,1,14,0,0,1,0,1,-0.0038877639453858137,0.07874539494514465,1.4156225323677063,0.003547458443790674,-0.000967114872764796,0.16243980824947357,-0.21679466306307626,-0.04244851566703624,-6.061621026571965,-0.04245278746629396,-0.0067696948535740376,0.0009479137370362878,1.4181841498340213,0.0,0.0,0.1471558729260388,-0.0,-0.0,-0.046401818305518296,0.0,0.0,-5.248401720262746,0.08608896708924685,-1.6280373108922737,43.91661350067221,0.01625127939326407,-0.004578651585766758,0.18206015068297743,19.037873899518175,18.92586045110592,5.991917974716482,0.016,0.016,fixed_switch,0.3259696662425995,0.3259696662425995,0.32696273922920227,0.32696273922920227,0.6848052144050598,0.005223519168794155,-0.0037908058147877455,0.013695025816559792,0.013614398427307606,0.32605767250061035,0.32605767250061035,0.3271081745624542,0.3271081745624542,0.6849687695503235,0.005472610238939524,-0.003887297585606575,0.013637460768222809,0.013552572578191757,4.864000082015991,0.0,0.004000186920166016,0,0,0.0009722037939354777,-0.002669191686436534,-0.0029497332870960236,2,0.0,,4.0,3.5,8.0,3.8,3.2,4.0,0.15,0.12,3.0,0.8427676727352391,-0.003788940361884933,0.0007139944972205392,0.0141946117724617,0.0009722037939354777,-0.002669191686436534,-0.0029497332870960236,-0.007387457767223257,0.0012007929887375083,0.03696592360888694,0.01625127939326407,0.004578651585766758,-0.18206015068297743,1.0,0.9999925670717356,0.0,roll,0.0,0.0,0.0,0.0,0,1.3720002174377441,ingress,1.2,0.009081037998839747,1,-0.013464717855929198,0.04427712722048074,0.02148952315131971,0.024903379574787353,-0.012239977627856216,0.04277089448897884,0.01686600761262397,0.04302419155778848
6.492000102996826,direct_px4_equiv,1,1,14,0,0,1,0,1,-0.0036062411963939667,0.07919371873140335,1.4190483689308167,0.004080365411937237,-0.0010431536938995123,0.16172926127910614,-0.21915900002395294,-0.034615881067161375,-6.0597063705602405,-0.0346193455887029,-0.0067696948535740376,0.0009479137370362878,1.421701659893822,0.0,0.0,0.14593523648527063,-0.0,-0.0,-0.055299215544999,0.0,0.0,-5.248401720262746,0.06877742405024442,-1.63895026317688,43.871550220231335,0.01856829802094676,0.00031950309864744227,0.17587705100425693,19.01935010466948,18.899609589990668,5.991841850111302,0.02,0.02,fixed_switch,0.32573652267456055,0.32573652267456055,0.3267987072467804,0.3267987072467804,0.6848008632659912,0.004935176111757755,-0.003782936604693532,0.01380604412406683,0.013719070702791214,0.32597672939300537,0.32597672939300537,0.3270171880722046,0.3270171880722046,0.6850405931472778,0.0051184156909585,-0.003690972924232483,0.013696000911295414,0.013611539267003536,4.888000011444092,0.0,0.003999948501586914,0,0,0.00026762913330458105,-0.0009033677633851767,-0.003919045906513929,2,0.0,,4.0,3.5,8.0,3.8,3.2,4.0,0.15,0.12,3.0,0.8411605768620697,-0.0038292248492714696,0.000577064057697969,0.014160951885869385,0.00026762913330458105,-0.0009033677633851767,-0.003919045906513929,-0.0074785784987934124,0.001217079043020436,0.03730619895432345,0.01856829802094676,-0.00031950309864744227,-0.17587705100425693,1.0,0.9999925020169633,0.0,roll,0.0,0.0,0.0,0.0,0,1.3960001468658447,ingress,1.2,0.012508615996921435,1,-0.014267529917521159,0.04822120025319812,0.02097070062466979,0.028808803765882025,-0.012214569680125898,0.0430997321035522,0.01593498838343457,0.04337296592252463
6.516000032424927,direct_px4_equiv,1,1,14,0,0,1,0,1,-0.0033846432343125343,0.07946890592575073,1.4212995171546936,0.004500461742281914,-0.0011380669893696904,0.160996213555336,-0.2217543424171243,-0.027040686577369223,-6.056068118601584,-0.027043372915141545,-0.0067696948535740376,0.0009479137370362878,1.4251873237449484,0.0,0.0,0.14450251041404902,-0.0,-0.0,-0.06407260879124907,0.0,0.0,-5.248401720262746,0.0538357102302648,-1.6465010607877462,43.864747002963206,0.018402276652841814,0.0008241061911587089,0.16593949382274367,19.01618358887281,18.896395551299886,5.991316522412599,0.012,0.012,fixed_switch,0.32570797204971313,0.32570797204971313,0.3267706632614136,0.3267706632614136,0.6847708225250244,0.004566441755741835,-0.0036599254235625267,0.013872050680220127,0.013784611597657204,0.3256506621837616,0.3256506621837616,0.32722872495651245,0.32722872495651245,0.6804459095001221,0.00459024403244257,-0.003653488587588072,0.013869602233171463,0.013740058057010174,4.911999940872192,0.0,0.003999948501586914,0,0,0.00039776097401045263,-0.000518182700034231,-0.005453268066048622,2,0.0,,4.0,3.5,8.0,3.8,3.2,4.0,0.15,0.12,3.0,0.8380422519778292,-0.00387357093505902,0.00044465760270505226,0.01409720684797783,0.00039776097401045263,-0.000518182700034231,-0.005453268066048622,-0.007571437756366014,0.0012283093148544636,0.03764519310289449,0.018402276652841814,-0.0008241061911587089,-0.16593949382274367,1.0,0.9999923988636524,0.0,roll,0.0,0.0,0.0,0.0,0,1.4200000762939453,ingress,1.2,0.016719380000722595,1,-0.01366313562168486,0.04428329346042783,0.018410175102266522,0.02486269604046698,-0.011817383376566137,0.043305634935305766,0.014744396800741544,0.04358033141080501
6.539999961853027,direct_px4_equiv,1,1,14,0,0,1,0,1,-0.0027707815170288086,0.08009352535009384,1.4269898533821106,0.004887758754193783,-0.0015718962531536818,0.1594550460577011,-0.2181661824917089,-0.025556901195012156,-6.051876688299995,-0.025559414814695584,-0.0067696948535740376,0.0009479137370362878,1.4286360889210432,0.0,0.0,0.14286091540839224,-0.0,-0.0,-0.07270161390664871,0.0,0.0,-5.248401720262746,0.03786802685630446,-1.6499838691910493,43.74448259896787,0.009417572449653024,0.0030024997844970837,0.16373318110532342,18.949634652724463,18.856691398156883,5.977458331632322,0.016,0.016,fixed_switch,0.32535499334335327,0.32535499334335327,0.32618069648742676,0.32618069648742676,0.6839784383773804,0.004389863461256027,-0.003748745657503605,0.013930701650679111,0.01386233139783144,0.32553625106811523,0.32553625106811523,0.32654696702957153,0.32654696702957153,0.6841234564781189,0.004503912292420864,-0.003692632308229804,0.013897653669118881,0.01381427701562643,4.935999870300293,0.0,0.003999948501586914,0,0,0.003288616891950369,0.00020639497961383313,-0.005654648412019014,2,0.0,,4.0,3.5,8.0,3.8,3.2,4.0,0.15,0.12,3.0,0.8330059835268343,-0.003810749716464753,0.00041934218804670333,0.014023991190877088,0.003288616891950369,0.00020639497961383313,-0.005654648412019014,-0.007663552029328628,0.0012385456678880734,0.03798249854912363,0.009417572449653024,-0.0030024997844970837,-0.16373318110532342,1.0,0.9999926511690038,0.0,roll,0.0,0.0,0.0,0.0,0,1.444000005722046,ingress,1.2,0.0009655559988459572,1,-0.014234219061405406,0.04420777744983997,0.017437261331366714,0.024899766345694647,-0.012104171866158496,0.04354979846912232,0.01417424992257834,0.04376458905774418
6.56000018119812,direct_px4_equiv,1,1,14,0,0,1,0,1,-0.0024893470108509064,0.080311119556427,1.4292312264442444,0.004996946081519127,-0.001799691584892571,0.1580638289451599,-0.2143553639046013,-0.026107051644231757,-6.048590189466188,-0.026109597410153902,-0.0067696948535740376,0.0009479137370362878,1.431478324851906,0.0,0.0,0.14133600653792255,-0.0,-0.0,-0.0797675462850593,0.0,0.0,-5.248401720262746,0.03229754743792027,-1.6487530954841811,43.73280071525796,0.008658590513388046,0.005375755617235447,0.16589286101792353,18.941976365751277,18.85131186516898,5.978855265066338,0.016,0.016,fixed_switch,0.32530713081359863,0.32530713081359863,0.3261127471923828,0.3261127471923828,0.6840583682060242,0.00439912173897028,-0.003849402070045471,0.013924278318881989,0.013857588171958923,0.3253902792930603,0.3253902792930603,0.32621386647224426,0.32621386647224426,0.6840510964393616,0.004387158900499344,-0.003742632456123829,0.013924600556492805,0.013856443576514721,4.956000089645386,0.0,0.004000186920166016,0,0,0.0034313667565584183,0.0009304454433731735,-0.005153506062924862,2,0.0,,4.0,3.5,8.0,3.8,3.2,4.0,0.15,0.12,3.0,0.8288599305501267,-0.003744295145656159,0.00042951760480373956,0.013966637467480576,0.0034313667565584183,0.0009304454433731735,-0.005153506062924862,-0.0077389437320584935,0.0012470734808984673,0.03826227529518336,0.008658590513388046,-0.005375755617235447,-0.16589286101792353,1.0,0.9999928978844865,0.0,roll,0.0,0.0,0.0,0.0,0,1.4640002250671387,ingress,1.2,0.001111908997700084,1,-0.014256774130893025,0.04812072868994768,0.016889211880415613,0.02876078122980871,-0.012429176817922072,0.04353489807422492,0.01420414374702469,0.043744410461213294
6.584000110626221,direct_px4_equiv,1,1,14,0,0,1,0,1,-0.0020420756191015244,0.08059988915920258,1.4325974583625793,0.005186635069549084,-0.002173282206058502,0.15588024258613586,-0.20972238058491086,-0.025016595826445224,-6.0453451606026904,-0.025019011368770893,-0.0067696948535740376,0.0009479137370362878,1.4348466036409124,0.0,0.0,0.13932147125793382,-0.0,-0.0,-0.088078895467342,0.0,0.0,-5.248401720262746,0.021598843595068983,-1.6462274176642806,43.69983457418458,0.007360501542578395,4.3609826440169915e-05,0.16947519251891588,18.929379762157307,18.842608390377592,5.967239304398643,0.012,0.012,fixed_switch,0.3252297043800354,0.3252297043800354,0.3260009288787842,0.3260009288787842,0.6833935379981995,0.004402434919029474,-0.004028465133160353,0.013909360393881798,0.013845560140907764,0.32540562748908997,0.32540562748908997,0.3262048363685608,0.3262048363685608,0.6842542886734009,0.004384730942547321,-0.003834381466731429,0.01390632800757885,0.013840271160006523,4.980000019073486,0.0,0.003999948501586914,0,0,0.003730467986315489,-0.0007044154335744679,-0.004412846174091101,2,0.0,,4.0,3.5,8.0,3.8,3.2,4.0,0.15,0.12,3.0,0.8245003261493965,-0.003663291608237206,0.0004111547745359928,0.01390995452337255,0.003730467986315489,-0.0007044154335744679,-0.004412846174091101,-0.007827649837365577,0.0012572694008696741,0.03859658495730481,0.007360501542578395,-4.3609826440169915e-05,-0.16947519251891588,1.0,0.9999932056232501,0.0,roll,0.0,0.0,0.0,0.0,0,1.4880001544952393,ingress,1.2,0.005040083000494633,1,-0.014204963679819415,0.04418324717388102,0.01673791458146148,0.024871879345091014,-0.013007346285607702,0.043497110390334354,0.014214842405042491,0.043697544559873396
6.608000040054321,direct_px4_equiv,1,1,14,0,0,1,0,1,-0.001729278010316193,0.08075254410505295,1.4348047375679016,0.005336307920515537,-0.0025283743161708117,0.15450745820999146,-0.20536834309989394,-0.022998161357603908,-6.04303278960966,-0.023000369858660795,-0.0067696948535740376,0.0009479137370362878,1.4381641589873193,0.0,0.0,0.13710984912991425,-0.0,-0.0,-0.09618810122593399,0.0,0.0,-5.248401720262746,0.012675486883274963,-1.641599499377617,43.689346846446185,0.009027950754374497,-0.0018282082035441262,0.17392303070333087,18.928628868600725,18.83687522435989,5.963222356310518,0.016,0.016,fixed_switch,0.32517868280410767,0.32517868280410767,0.32599425315856934,0.32599425315856934,0.6831634640693665,0.004441238474100828,-0.004212058614939451,0.013874457217752934,0.013807160779833794,0.32529014348983765,0.32529014348983765,0.3260575234889984,0.3260575234889984,0.6835095286369324,0.004392177332192659,-0.004023553337901831,0.013898727484047413,0.013835304416716099,5.003999948501587,0.0,0.003999948501586914,0,0,0.0030485333409160376,-0.001230074092745781,-0.0035641221329569817,2,0.0,,4.0,3.5,8.0,3.8,3.2,4.0,0.15,0.12,3.0,0.8211019537835328,-0.003587048749409708,0.0003765283063236423,0.013869514109838232,0.0030485333409160376,-0.001230074092745781,-0.0035641221329569817,-0.007914515472513359,0.0012667042783578843,0.0389298120412048,0.009027950754374497,0.0018282082035441262,-0.17392303070333087,1.0,0.9999934956538431,0.0,roll,0.0,0.0,0.0,0.0,0,1.5120000839233398,ingress,1.2,0.008458244003122672,1,-0.014619783768343969,0.04810382777116675,0.016362294826037595,0.028863544713756527,-0.013600143670310734,0.04337647505078956,0.014340133192683801,0.04358789365982982
6.631999969482422,direct_px4_equiv,1,1,14,0,0,1,0,1,-0.0012616156600415707,0.08093445003032684,1.4380815625190735,0.0054092444479465485,-0.003053212072700262,0.15283209085464478,-0.20025926004105388,-0.021189848630002367,-6.0402904275759095,-0.021191871622179774,-0.0067696948535740376,0.0009479137370362878,1.4414263209945124,0.0,0.0,0.1347062361906988,-0.0,-0.0,-0.1040747794232137,0.0,0.0,-5.248401720262746,0.002305738291782395,-1.634046744494611,43.64138162872721,0.004220396073091339,0.00023720831656903147,0.1725807987138972,18.899142580915633,18.822093785528146,5.959183685215498,0.02,0.02,fixed_switch,0.325047105550766,0.325047105550766,0.32573238015174866,0.32573238015174866,0.6829320788383484,0.004325793124735355,-0.0042702993378043175,0.013821435160934925,0.013765052892267704,0.3252069056034088,0.3252069056034088,0.32601985335350037,0.32601985335350037,0.683215320110321,0.00443516718223691,-0.004210681654512882,0.013867516070604324,0.013800474815070629,5.0279998779296875,0.0,0.003999948501586914,0,0,0.004502746742218733,-0.0005315302987582982,-0.003679038258269429,2,0.0,,4.0,3.5,8.0,3.8,3.2,4.0,0.15,0.12,3.0,0.8171283808092775,-0.0034976538061671685,0.000345669838201476,0.0138215833275942,0.004502746742218733,-0.0005315302987582982,-0.003679038258269429,-0.00799928371583829,0.0012753225770682332,0.03926201331169643,0.004220396073091339,-0.00023720831656903147,-0.1725807987138972,1.0,0.9999938234649598,0.0,roll,0.0,0.0,0.0,0.0,0,1.5360000133514404,ingress,1.2,0.012469663997762837,1,-0.014450976828265717,0.04416312533274016,0.01623952239414119,0.024883908932293402,-0.013788194584612735,0.04324418800535108,0.013967376024927926,0.0434213204720814
6.652000188827515,direct_px4_equiv,1,1,14,0,0,1,0,1,-0.0007864711806178093,0.08105245232582092,1.4412861466407776,0.0054335095919668674,-0.0035554857458919287,0.15064473450183868,-0.19974529725221515,-0.020215506073027707,-6.039055131726441,-0.020217429008379556,-0.0067696948535740376,0.0009479137370362878,1.4440992310985141,0.0,0.0,0.1325605498142637,-0.0,-0.0,-0.11046240638287064,0.0,0.0,-5.248401720262746,-0.006902911286621747,-1.628970223546322,43.595098720100886,0.011147193313098637,0.0005345825969444024,0.1766661415019266,18.889492753274215,18.791545221588915,5.953095202029663,0.02,0.02,fixed_switch,0.32477501034736633,0.32477501034736633,0.32564663887023926,0.32564663887023926,0.6825830936431885,0.004358972888439894,-0.004449621774256229,0.01380088273435831,0.01372927613556385,0.325047105550766,0.325047105550766,0.32573238015174866,0.32573238015174866,0.6829320788383484,0.004325793124735355,-0.0042702993378043175,0.013821435160934925,0.013765052892267704,5.04800009727478,0.0,0.004000186920166016,0,0,0.00217930949293077,-0.0004098645003978163,-0.002936332020908594,2,0.0,,4.0,3.5,8.0,3.8,3.2,4.0,0.15,0.12,3.0,0.8157785644114491,-0.0034885623712793794,0.00032876458399945177,0.013799988763733517,0.00217930949293077,-0.0004098645003978163,-0.002936332020908594,-0.008069022668020268,0.0012820279887077726,0.03953815665832411,0.011147193313098637,-0.0005345825969444024,-0.1766661415019266,1.0,0.9999938609232037,0.0,roll,0.0,0.0,0.0,0.0,0,1.5560002326965332,ingress,1.2,0.012822123004298192,1,-0.014450976828510029,0.048093933714626474,0.015995333414841963,0.02880418513301153,-0.014367201883603202,0.04313179370955758,0.01407450986058574,0.04335675099586285
6.676000118255615,direct_px4_equiv,1,1,14,0,0,1,0,1,-0.00043512770207598805,0.08107371628284454,1.443383276462555,0.005503806285560131,-0.003984035924077034,0.14913316071033478,-0.20009155644690554,-0.01895102720840423,-6.037475235546093,-0.018952823556900474,-0.0067696948535740376,0.0009479137370362878,1.4472481426179091,0.0,0.0,0.12981981074982724,-0.0,-0.0,-0.11788817211889986,0.0,0.0,-5.248401720262746,-0.01509591128855942,-1.6242555189148058,43.5783736866888,0.01836963290342574,-0.0008126834319069439,0.17921176027206623,18.894077131684675,18.774331858545107,5.948921075193323,0.012,0.012,fixed_switch,0.32462161779403687,0.32462161779403687,0.32568737864494324,0.32568737864494324,0.6823437809944153,0.004358998499810696,-0.004579022526741028,0.013773538172245026,0.01368619129061699,0.3245439827442169,0.3245439827442169,0.3256068825721741,0.3256068825721741,0.6824886202812195,0.004407478030771017,-0.004617871250957251,0.013772809877991676,0.013685679994523525,5.072000026702881,0.0,0.003999948501586914,0,0,-0.00021747234859503806,-0.000793212151620537,-0.002440492622554302,2,0.0,,4.0,3.5,8.0,3.8,3.2,4.0,0.15,0.12,3.0,0.81429980385827,-0.0034944493571664324,0.0003067022980767906,0.013772376216783665,-0.00021747234859503806,-0.000793212151620537,-0.002440492622554302,-0.008152807637390519,0.0012896643363902798,0.039868967748178316,0.01836963290342574,0.0008126834319069439,-0.17921176027206623,1.0,0.9999938473784471,0.0,roll,0.0,0.0,0.0,0.0,0,1.5800001621246338,ingress,1.2,0.016532228997675702,1,-0.014461540920073668,0.04417874723198991,0.015947400689740897,0.024976327662755628,-0.014785017951250309,0.04299643941510932,0.01407459246684013,0.04327084736660779
6.700000047683716,direct_px4_equiv,1,1,14,0,0,1,0,1,0.0004299957072362304,0.08104779571294785,1.4485202431678772,0.0057960678823292255,-0.005152220372110605,0.14381398260593414,-0.20076678478973833,-0.015047787368600955,-6.037462474136738,-0.015049214345548862,-0.0067696948535740376,0.0009479137370362878,1.4503291644030016,0.0,0.0,0.1269041764479808,-0.0,-0.0,-0.12503365500077754,0.0,0.0,-5.248401720262746,-0.03791969315723241,-1.6073979300173875,43.51623092324856,0.01789579135031252,-0.0040195847956550745,0.18431584473586837,18.868434787013985,18.75044076211158,5.93587998196931,0.016,0.016,fixed_switch,0.32440856099128723,0.32440856099128723,0.32545942068099976,0.32545942068099976,0.6815954446792603,0.004303659312427044,-0.004899743944406509,0.013647877611219883,0.013562479056417942,0.3244401514530182,0.3244401514530182,0.32552865147590637,0.32552865147590637,0.6818747520446777,0.004394940100610256,-0.004816499538719654,0.013696596026420593,0.013607845641672611,5.0959999561309814,0.0,0.003999948501586914,0,0,-3.977926098741591e-05,-0.0016781932208687067,-0.0015757133951410651,2,0.0,,4.0,3.5,8.0,3.8,3.2,4.0,0.15,0.12,3.0,0.8143658394021821,-0.0035057649892852698,0.00023849872309101184,0.01377203978759996,-3.977926098741591e-05,-0.0016781932208687067,-0.0015757133951410651,-0.008236764127940605,0.001296182317416659,0.04019944317207221,0.01789579135031252,0.0040195847956550745,-0.18431584473586837,1.0,0.9999938263653272,0.0,roll,0.0,0.0,0.0,0.0,0,1.6040000915527344,ingress,1.2,0.001083465998817701,1,-0.014408849333518946,0.04416706610242318,0.015707298533314675,0.02492518776615706,-0.01582058299800287,0.042607783911544565,0.013895909174797999,0.04287607292649873
6.723999977111816,direct_px4_equiv,1,1,14,0,0,1,0,1,0.0007693024235777557,0.08100982010364532,1.4505122303962708,0.005959618370980024,-0.005649580154567957,0.13878366351127625,-0.20150401598495735,-0.0010422575189323374,-6.038098928915844,-0.0010423563261192344,-0.0067696948535740376,0.0009479137370362878,1.4533381816582893,0.0,0.0,0.12382061828637629,-0.0,-0.0,-0.13187847089088356,0.0,0.0,-5.248401720262746,-0.05712210768078977,-1.6010782690853946,43.558018986478494,0.018748518166694688,-0.04155449725082887,0.19257550851307384,18.912393342147173,18.791745410988383,5.892451116943515,0.012,0.012,fixed_switch,0.3247767984867096,0.3247767984867096,0.32585009932518005,0.32585009932518005,0.6790974736213684,0.004342215601354837,-0.005250839050859213,0.01356428861618042,0.013477706350386143,0.3245673179626465,0.3245673179626465,0.3257081210613251,0.3257081210613251,0.6796695590019226,0.0044184355065226555,-0.005103090777993202,0.013646104373037815,0.013553488068282604,5.119999885559082,0.0,0.003999948501586914,0,0,-0.0003045405319426209,-0.01298756618052721,-0.00020231497182976454,2,0.0,,4.0,3.5,8.0,3.8,3.2,4.0,0.15,0.12,3.0,0.8150025679534036,-0.0035169481978636332,-6.045647872860305e-06,0.013782721353775831,-0.0003045405319426209,-0.01298756618052721,-0.00020231497182976454,-0.008321107294212374,0.0012986870606572789,0.04053005878254295,0.018748518166694688,0.04155449725082887,-0.19257550851307384,1.0,0.9999938155192664,0.0,roll,0.0,0.0,0.0,0.0,0,1.628000020980835,ingress,1.2,0.0045253810021677054,1,-0.016222100184512228,0.048088893775177576,0.01536696130826456,0.028924209347301562,-0.016954218955550125,0.042341462083157505,0.014020401944486812,0.04261346950886184
6.748000144958496,direct_px4_equiv,1,1,14,0,0,1,0,1,0.0012834471417590976,0.08094152063131332,1.4534676671028137,0.005743174348026514,-0.0060988799668848515,0.13799616694450378,-0.202389600820177,0.009277297913800078,-6.038681586257718,0.009278179734382474,-0.0067696948535740376,0.0009479137370362878,1.4562712815191354,0.0,0.0,0.12057656386285791,-0.0,-0.0,-0.13840229879736826,0.0,0.0,-5.248401720262746,-0.07079562756367731,-1.594454416198031,43.484781046281334,0.020105394165932187,-0.02648030885090275,0.19430853526358002,18.8730780050593,18.748359260271936,5.901822311898972,0.016,0.016,fixed_switch,0.3243899941444397,0.3243899941444397,0.3255007266998291,0.3255007266998291,0.6796372532844543,0.004282618872821331,-0.0054172007367014885,0.013539415784180164,0.013449890539050102,0.32480472326278687,0.32480472326278687,0.32587963342666626,0.32587963342666626,0.6791175603866577,0.004317173734307289,-0.005277563817799091,0.013568725436925888,0.013481992296874523,5.144000053405762,0.0,0.004000186920166016,0,0,-0.0007325058104470372,-0.007967081852257252,6.689674046356231e-05,2,0.0,,4.0,3.5,8.0,3.8,3.2,4.0,0.15,0.12,3.0,0.815820539039482,-0.003531162157620426,-0.00018627580256830255,0.013792566833023356,-0.0007325058104470372,-0.007967081852257252,6.689674046356231e-05,-0.008405730042805341,0.0012957983276002689,0.04086100961677941,0.020105394165932187,0.02648030885090275,-0.19430853526358002,1.0,0.9999937480977,0.0,roll,0.0,0.0,0.0,0.0,0,1.6520001888275146,ingress,1.2,0.008575933999964036,1,-0.016534155608961897,0.04414318919269291,0.01576668931034344,0.02502872102885575,-0.01749137873049158,0.04225407675855169,0.013827972869041806,0.04253533045629974
6.772000074386597,direct_px4_equiv,1,1,14,0,0,1,0,1,0.0018092460231855512,0.08085459470748901,1.4563773274421692,0.005675833206623793,-0.006606816779822111,0.13587287068367004,-0.20261614798545496,0.012603746843052063,-6.039852299013166,0.0126049482126703,-0.0067696948535740376,0.0009479137370362878,1.4591246489923786,0.0,0.0,0.1171800275121675,-0.0,-0.0,-0.14458462479795342,0.0,0.0,-5.248401720262746,-0.08160020261181848,-1.5863197291380524,43.433010878940344,0.01830656046483049,-0.0037296159531210096,0.19901068692964297,18.833234136415296,18.71407853876902,5.924155687518415,0.02,0.02,fixed_switch,0.3240840435028076,0.3240840435028076,0.32514628767967224,0.32514628767967224,0.6809219717979431,0.004318968392908573,-0.005634848494082689,0.013494988903403282,0.013409556820988655,0.32440102100372314,0.32440102100372314,0.32551223039627075,0.32551223039627075,0.679650604724884,0.0042765759862959385,-0.005423977971076965,0.01354129333049059,0.013451718725264072,5.167999982833862,0.0,0.003999948501586914,0,0,-0.00012613311992026865,-0.0007575445924885571,0.0008146222098730505,2,0.0,,4.0,3.5,8.0,3.8,3.2,4.0,0.15,0.12,3.0,0.8170496672118563,-0.0035347133619041764,-0.00024439518474415976,0.013812897077711864,-0.00012613311992026865,-0.0007575445924885571,0.0008146222098730505,-0.008490565918120793,0.0012902853734398688,0.041192276417662814,0.01830656046483049,0.0037296159531210096,-0.19901068692964297,1.0,0.9999937230360498,0.0,roll,0.0,0.0,0.0,0.0,0,1.6760001182556152,ingress,1.2,0.012981280997337308,1,-0.01776647919991524,0.048076092043469985,0.015220603627802443,0.028904666555455594,-0.01819413182507478,0.04212736446838273,0.01394534042522873,0.04239575659789434
6.796000003814697,direct_px4_equiv,1,1,14,0,0,1,0,1,0.0021577428560703993,0.08078658580780029,1.4583092331886292,0.0056011369451880455,-0.006847785320132971,0.13386233150959015,-0.20225977467435677,0.01177579983085458,-6.039135249030659,0.011776920347338952,-0.0067696948535740376,0.0009479137370362878,1.4618947535787499,0.0,0.0,0.11363941682812485,-0.0,-0.0,-0.1504051311914054,0.0,0.0,-5.248401720262746,-0.08591425489412138,-1.5824168583038771,43.410473795353745,0.017866436277344085,0.00425287476950994,0.18409562049296663,18.817180305989048,18.69954127123988,5.9313858751209745,0.012,0.012,fixed_switch,0.3239542245864868,0.3239542245864868,0.32500335574150085,0.32500335574150085,0.6813373565673828,0.003911900334060192,-0.00530284782871604,0.013472238555550575,0.013387964107096195,0.32400819659233093,0.32400819659233093,0.3250066041946411,0.3250066041946411,0.6807140111923218,0.004177192226052284,-0.005585808772593737,0.013461855240166187,0.013381712138652802,5.191999912261963,0.0,0.003999948501586914,0,0,1.1073746463807765e-05,0.0017120897537097335,-0.0016848453087732196,2,0.0,,4.0,3.5,8.0,3.8,3.2,4.0,0.15,0.12,3.0,0.8162558674213821,-0.0035285947312701533,-0.00022988018574832535,0.013800409381183825,1.1073746463807765e-05,0.0017120897537097335,-0.0016848453087732196,-0.008575244004500767,0.0012843362261534626,0.04152371204819109,0.017866436277344085,-0.00425287476950994,-0.18409562049296663,1.0,0.9999937480876145,0.0,roll,0.0,0.0,0.0,0.0,0,1.7000000476837158,ingress,1.2,0.016515096998773515,1,-0.017571583067509673,0.04411210289634962,0.01568543620022236,0.024950196705837768,-0.017122148229363397,0.042059529620569365,0.012630974343175717,0.04232428423052991
6.820000171661377,direct_px4_equiv,1,1,14,0,0,1,0,1,0.0031409405637532473,0.08057217299938202,1.4631004929542542,0.00536998501047492,-0.0074648018926382065,0.12925681471824646,-0.20235528799425856,0.005890637963116763,-6.0367048728403905,0.005891195434072947,-0.0067696948535740376,0.0009479137370362878,1.4645782698820913,0.0,0.0,0.10996362290872216,-0.0,-0.0,-0.15584348589899488,0.0,0.0,-5.248401720262746,-0.09509731019595309,-1.5704390790768235,43.327794072597875,0.01867588890045998,0.01195514016922661,0.17973170111328807,18.77730021420376,18.65757445848694,5.929957415812036,0.016,0.016,fixed_switch,0.32357916235923767,0.32357916235923767,0.32464808225631714,0.32464808225631714,0.6812553405761719,0.00373450992628932,-0.005280700977891684,0.01340029388666153,0.013314802199602127,0.3237696588039398,0.3237696588039398,0.32484325766563416,0.32484325766563416,0.6815009117126465,0.003836258314549923,-0.005312795285135508,0.013451396487653255,0.013365252874791622,5.216000080108643,0.0,0.004000186920166016,0,0,-0.0002543487644288689,0.003942426294088364,-0.0023253783583641052,2,0.0,,4.0,3.5,8.0,3.8,3.2,4.0,0.15,0.12,3.0,0.8138718358411434,-0.0035309733294687246,-0.00012710409536718174,0.013758176087109886,-0.0002543487644288689,0.003942426294088364,-0.0023253783583641052,-0.008659949507571815,0.0012800254309556993,0.04185432663730924,0.01867588890045998,-0.01195514016922661,-0.17973170111328807,1.0,0.9999937580359181,0.0,roll,0.0,0.0,0.0,0.0,0,1.7240002155303955,ingress,1.2,0.0006991970003582537,1,-0.018729681891150443,0.04409395884645065,0.01563524246453809,0.025022331172764155,-0.017050639299219798,0.04182968602501785,0.012058206253723494,0.0420982655221068
6.8440001010894775,direct_px4_equiv,1,1,14,0,0,1,0,1,0.003541481215506792,0.08047784864902496,1.4649866223335266,0.00522948894649744,-0.007706610020250082,0.12708474695682526,-0.2020272628013628,-0.0037036433995922048,-6.033327412538607,-0.00370399068750459,-0.0067696948535740376,0.0009479137370362878,1.4671720130958366,0.0,0.0,0.1061621363371386,-0.0,-0.0,-0.16087919656470737,0.0,0.0,-5.248401720262746,-0.09279495526694555,-1.566041025328338,43.30208473865518,0.016479496563827967,0.022578958457994396,0.1708458229145138,18.755545633429925,18.642739607843495,5.940301068398332,0.012,0.012,fixed_switch,0.32344648241996765,0.32344648241996765,0.32445409893989563,0.32445409893989563,0.6818492412567139,0.0035327330697327852,-0.005045238416641951,0.013373383320868015,0.013292902149260044,0.3235413730144501,0.3235413730144501,0.32459449768066406,0.32459449768066406,0.6819562315940857,0.003748888848349452,-0.005231377203017473,0.013405823148787022,0.013321544043719769,5.240000009536743,0.0,0.003999948501586914,0,0,0.00046990448026917875,0.006974386982619762,-0.0036934863310307264,2,0.0,,4.0,3.5,8.0,3.8,3.2,4.0,0.15,0.12,3.0,0.8105224908929682,-0.0035263990064716847,4.048688713082225e-05,0.01369952352586238,0.00046990448026917875,0.006974386982619762,-0.0036934863310307264,-0.008744534037033984,0.0012794156574078047,0.04218380923151569,0.016479496563827967,-0.022578958457994396,-0.1708458229145138,1.0,0.9999937814356393,0.0,roll,0.0,0.0,0.0,0.0,0,1.748000144958496,ingress,1.2,0.004079808000824414,1,-0.01958947344051098,0.04802704685242556,0.015068074510782983,0.02891796080597,-0.01629036423816615,0.041760883341656126,0.011406697501490719,0.04201372411408978
6.868000030517578,direct_px4_equiv,1,1,14,0,0,1,0,1,0.004123829770833254,0.08032657206058502,1.467781126499176,0.004942225757986307,-0.008144334889948368,0.12222755700349808,-0.19893010903846903,-0.027493193331231947,-6.028688935707277,-0.02749574064180534,-0.0067696948535740376,0.0009479137370362878,1.4696731107398775,0.0,0.0,0.10224482794854735,-0.0,-0.0,-0.1654919350079269,0.0,0.0,-5.248401720262746,-0.08101422643074672,-1.5553177479767175,43.288715467782175,0.01756167396895861,0.01954547948993602,0.16670576424123734,18.752660277154387,18.637188230803226,5.9347300632814886,0.016,0.016,fixed_switch,0.32339683175086975,0.32339683175086975,0.32442837953567505,0.32442837953567505,0.6815294027328491,0.0035273833200335503,-0.00484487833455205,0.013285716064274311,0.013203860260546207,0.3234461545944214,0.3234461545944214,0.3244533836841583,0.3244533836841583,0.6818718910217285,0.0035395268350839615,-0.005020264070481062,0.013376286253333092,0.013295816257596016,5.263999938964844,0.0,0.003999948501586914,0,0,2.4867100364645012e-05,0.0053118453361094,-0.004205853678286076,2,0.0,,4.0,3.5,8.0,3.8,3.2,4.0,0.15,0.12,3.0,0.8057612688879673,-0.0034751702843634057,0.00045619343134146203,0.013619289692250573,2.4867100364645012e-05,0.0053118453361094,-0.004205853678286076,-0.00882884026904984,0.0012839664222883069,0.042511483248730615,0.01756167396895861,-0.01954547948993602,-0.16670576424123734,1.0,0.9999938575391628,0.0,roll,0.0,0.0,0.0,0.0,0,1.7720000743865967,ingress,1.2,0.009376150002935901,1,-0.0193354902062537,0.0440772966490697,0.015566251795402298,0.025033267688297285,-0.01564342898948194,0.041481151209865626,0.011389423517879612,0.0417383084693175
6.891999959945679,direct_px4_equiv,1,1,14,0,0,1,0,1,0.004494228400290012,0.08021857589483261,1.4696243405342102,0.004750821273773909,-0.008356048725545406,0.1194859966635704,-0.1977869869217731,-0.031822833484899594,-6.022902292541902,-0.03182574066430135,-0.0067696948535740376,0.0009479137370362878,1.472078906870929,0.0,0.0,0.09822209365537003,-0.0,-0.0,-0.16966131709103247,0.0,0.0,-5.248401720262746,-0.08154933800329793,-1.5504538695883707,43.267869989116754,0.014093287101106453,0.020819975206640598,0.15910481444235716,18.73722714939996,18.6324878529237,5.933532097099943,0.02,0.02,fixed_switch,0.3233547508716583,0.3233547508716583,0.3242906928062439,0.3242906928062439,0.6814606189727783,0.003332199063152075,-0.0046627335250377655,0.013247487135231495,0.013173392973840237,0.3231011927127838,0.3231011927127838,0.3237513601779938,0.3237513601779938,0.6877297759056091,0.003490959294140339,-0.0048079947009682655,0.013310845009982586,0.013259019702672958,5.287999868392944,0.0,0.003999948501586914,0,0,0.0011489257449284196,0.005579749587923288,-0.005256026051938534,2,0.0,,4.0,3.5,8.0,3.8,3.2,4.0,0.15,0.12,3.0,0.8000424620744196,-0.0034557071900764968,0.0005320683751218569,0.0135184195758617,0.0011489257449284196,0.005579749587923288,-0.005256026051938534,-0.008911955152589053,0.0012962798611515292,0.04283688110061888,0.014093287101106453,-0.020819975206640598,-0.15910481444235716,1.0,0.9999938874956565,0.0,roll,0.0,0.0,0.0,0.0,0,1.7960000038146973,ingress,1.2,0.012680697996984236,1,-0.016630073006717733,0.0479923070742603,0.01527600234364026,0.02900585849057662,-0.01505530993963068,0.04138543384043256,0.010759201226702446,0.04161820890759528
6.9120001792907715,direct_px4_equiv,1,1,14,0,0,1,0,1,0.005008540116250515,0.08001541346311569,1.4722982048988342,0.0046050953678786755,-0.008922047913074493,0.11476825177669525,-0.19759968325566604,-0.028560530578676302,-6.0177712611070815,-0.028563105403193297,-0.0067696948535740376,0.0009479137370362878,1.4740092237405715,0.0,0.0,0.09479707171816555,-0.0,-0.0,-0.172782462127805,0.0,0.0,-5.248401720262746,-0.09152760054672486,-1.5386864001861238,43.250769610375905,0.01784247380755081,0.0011114189420132622,0.16381052962315712,18.74812507365328,18.63233426153331,5.9053996999016585,0.02,0.02,fixed_switch,0.3233533799648285,0.3233533799648285,0.32438790798187256,0.32438790798187256,0.6798432469367981,0.003367798635736108,-0.004860348533838987,0.013146993704140186,0.01306575071066618,0.3233547508716583,0.3233547508716583,0.3242906928062439,0.3242906928062439,0.6814606189727783,0.003332199063152075,-0.0046627335250377655,0.013247487135231495,0.013173392973840237,5.308000087738037,0.0,0.004000186920166016,0,0,-0.00010415833094157279,-0.00048187660286203027,-0.004246504046022892,2,0.0,,4.0,3.5,8.0,3.8,3.2,4.0,0.15,0.12,3.0,0.7948999751189827,-0.0034520322080182292,0.0004753084700727888,0.013428769481431008,-0.00010415833094157279,-0.00048187660286203027,-0.004246504046022892,-0.00898103239984428,0.0013063915740833324,0.04310624160327453,0.01784247380755081,-0.0011114189420132622,-0.16381052962315712,1.0,0.9999939287782956,0.0,roll,0.0,0.0,0.0,0.0,0,1.81600022315979,ingress,1.2,0.01237403500272194,1,-0.01624497271900573,0.04408605021693581,0.015274481320520361,0.025031087557650582,-0.015693380896599933,0.04104726638671705,0.010874147627009265,0.041302499701604004
6.936000108718872,direct_px4_equiv,1,1,14,0,0,1,0,1,0.005343633238226175,0.07984881848096848,1.4740298390388489,0.0044811684638261795,-0.00932402815669775,0.11125011742115021,-0.1833164629218329,-0.01828939261825611,-6.011605563067969,-0.01829101229140509,-0.0067696948535740376,0.0009479137370362878,1.4762342568045532,0.0,0.0,0.09060967972979837,-0.0,-0.0,-0.17608607639248972,0.0,0.0,-5.248401720262746,-0.10396357086023217,-1.5197003336244952,43.242521896508286,-0.06035670713659174,-0.02369379516663532,0.15890379143474562,18.64163464938556,18.76321613772456,5.871806862868078,0.012,0.012,fixed_switch,0.3245224952697754,0.3245224952697754,0.32343658804893494,0.32343658804893494,0.6779068112373352,0.0031186516862362623,-0.004867831245064735,0.012894056737422943,0.012978198938071728,0.3234443962574005,0.3234443962574005,0.3244476616382599,0.3244476616382599,0.6786380410194397,0.003172709373757243,-0.004796423949301243,0.013063016347587109,0.012984742410480976,5.332000017166138,0.0,0.003999948501586914,0,0,0.025547927245497704,-0.007925540208816528,-0.004819028079509735,2,0.0,,4.0,3.5,8.0,3.8,3.2,4.0,0.15,0.12,3.0,0.7851520192555649,-0.00320152915808903,0.0002978938384436872,0.013320814966375164,0.025547927245497704,-0.007925540208816528,-0.004819028079509735,-0.009061198712495862,0.0013155059127284029,0.04342701736539153,-0.06035670713659174,0.02369379516663532,-0.15890379143474562,1.0,0.9999948307352517,0.0,roll,0.0,0.0,0.0,0.0,0,1.8400001525878906,ingress,1.2,0.01674565800203709,1,-0.01624497271862419,0.04801147578551237,0.01524485554653612,0.028972309965435174,-0.0157175413811356,0.04077221486969465,0.010069687264501625,0.04050787486799396
6.960000038146973,direct_px4_equiv,1,1,14,0,0,1,0,1,0.005837417207658291,0.07955794781446457,1.4765408635139465,0.004522454459220171,-0.009398400783538818,0.10642636567354202,-0.19137238482318852,-0.002674339226148412,-6.004436492278892,-0.0026745717121457475,-0.0067696948535740376,0.0009479137370362878,1.4783578889382327,0.0,0.0,0.08634897378621899,-0.0,-0.0,-0.1788885790042204,0.0,0.0,-5.248401720262746,-0.12495916060644337,-1.5213990924155507,43.226174976365165,0.030598847213134966,-0.026918818212145514,0.15484202856857318,18.77467298781533,18.620586624938106,5.865026118619393,0.016,0.016,fixed_switch,0.3232482373714447,0.3232482373714447,0.3246246576309204,0.3246246576309204,0.6775152683258057,0.002865377813577652,-0.0049050068482756615,0.013007408939301968,0.012900596484541893,0.3237711191177368,0.3237711191177368,0.3241625130176544,0.3241625130176544,0.6776329278945923,0.0030459007248282433,-0.004961866419762373,0.012911535799503326,0.012881300412118435,5.355999946594238,0.0,0.003999948501586914,0,0,-0.004538111388683319,-0.008467446081340313,-0.005215438082814217,2,0.0,,4.0,3.5,8.0,3.8,3.2,4.0,0.15,0.12,3.0,0.7798881869459502,-0.0033403118218925257,2.4638603115698442e-05,0.013195262686841137,-0.004538111388683319,-0.008467446081340313,-0.005215438082814217,-0.009139154773330962,0.0013194845766376637,0.043745067410436926,0.030598847213134966,0.026918818212145514,-0.15484202856857318,1.0,0.9999944208546971,0.0,roll,0.0,0.0,0.0,0.0,0,1.8640000820159912,ingress,1.2,0.0006487220016424544,1,-0.016343676769920497,0.041003874946923945,0.012985155096185499,0.029135940391027793,-0.01583757565580894,0.04052842011229461,0.00925190122646608,0.0408639810175784
6.983999967575073,direct_px4_equiv,1,1,14,0,0,1,0,1,0.0066008358262479305,0.07896717637777328,1.4805203080177307,0.00450094323605299,-0.008759696036577225,0.0993831604719162,-0.19970155883710677,0.010730460702549016,-5.996208023532386,0.010731373679724399,-0.0067696948535740376,0.0009479137370362878,1.480378506888032,0.0,0.0,0.0820272251406662,-0.0,-0.0,-0.18116958582537696,0.0,0.0,-5.248401720262746,-0.1469225871137284,-1.5303411854444025,43.19413696206086,0.030984885540338056,-0.02073665382149955,0.1494449543223129,18.758010792602022,18.602192006080383,5.868319549495984,0.012,0.012,fixed_switch,0.3230835497379303,0.3230835497379303,0.32447609305381775,0.32447609305381775,0.6777054667472839,0.0025489830877631903,-0.00495576485991478,0.013096848502755165,0.012987995520234108,0.32303112745285034,0.32303112745285034,0.32495132088661194,0.32495132088661194,0.676615297794342,0.0026094885542988777,-0.004902312997728586,0.013103566132485867,0.012953718192875385,5.379999876022339,0.0,0.003999948501586914,0,0,-0.004426805768162012,-0.006132212933152914,-0.005789298564195633,2,0.0,,4.0,3.5,8.0,3.8,3.2,4.0,0.15,0.12,3.0,0.7740682526185754,-0.003484151475089571,-0.00021002276249378724,0.013051244153524532,-0.004426805768162012,-0.006132212933152914,-0.005789298564195633,-0.009221773985071688,0.0013160669267724496,0.04405972300423935,0.030984885540338056,0.02073665382149955,-0.1494449543223129,1.0,0.999993908289284,0.0,roll,0.0,0.0,0.0,0.0,0,1.8880000114440918,ingress,1.2,0.005542261998925824,1,-0.015511477653559072,0.038612997015713434,0.012464142675482815,0.025128276924119893,-0.01600146580303942,0.04080299145216387,0.00823030735764456,0.04114496447708516
7.004000186920166,direct_px4_equiv,1,1,14,0,0,1,0,1,0.007011671084910631,0.07854039967060089,1.4827099442481995,0.00419648876413703,-0.008997209370136261,0.0956416055560112,-0.2018487108506804,0.016464938283188513,-5.990527541217251,0.016466317226662235,-0.0067696948535740376,0.0009479137370362878,1.481982729119434,0.0,0.0,0.07838827863084175,-0.0,-0.0,-0.18265737187437023,0.0,0.0,-5.248401720262746,-0.15471195798703413,-1.5214536471933133,43.16816421350244,0.023989947425432114,-0.01673112733377544,0.15873409679791145,18.73362448463982,18.59912056497405,5.869850272600974,0.012,0.012,fixed_switch,0.32305604219436646,0.32305604219436646,0.3242585361003876,0.3242585361003876,0.6777938604354858,0.002719038398936391,-0.005259533412754536,0.013022896833717823,0.012929343618452549,0.3231108784675598,0.3231108784675598,0.324368953704834,0.324368953704834,0.6779022812843323,0.0025231800973415375,-0.004964933265000582,0.013105528429150581,0.013007069937884808,5.400000095367432,0.0,0.004000186920166016,0,0,-0.0020341749768704176,-0.004707853775471449,-0.0039797257632017136,2,0.0,,4.0,3.5,8.0,3.8,3.2,4.0,0.15,0.12,3.0,0.7692343027771975,-0.0035209877181681627,-0.00031017595661887883,0.01295192568097168,-0.0020341749768704176,-0.004707853775471449,-0.0039797257632017136,-0.009291973124949072,0.0013106132028398736,0.04431946142966839,0.023989947425432114,0.01673112733377544,-0.15873409679791145,1.0,0.9999937532182525,0.0,roll,0.0,0.0,0.0,0.0,0,1.9080002307891846,ingress,1.2,0.00462260300264461,1,-0.01580279491437129,0.04283486021173857,0.011637943198173484,0.029100140494779488,-0.016982291705057228,0.04061873073829665,0.008779391727762912,0.0409126380673757
7.028000116348267,direct_px4_equiv,1,1,14,0,0,1,0,1,0.007275502663105726,0.07823486626148224,1.484115183353424,0.0039710355922579765,-0.009038608521223068,0.09051040560007095,-0.1820348219666014,0.028514840342721195,-5.984395986802613,0.028517188939271215,-0.0067696948535740376,0.0009479137370362878,1.4838113015102072,0.0,0.0,0.07398811273684017,-0.0,-0.0,-0.1839293543489718,0.0,0.0,-5.248401720262746,-0.16554910404422113,-1.5017691662053818,43.19122843238835,-0.06253773604307229,-0.05133993510843013,0.1603939544215096,18.634519983762175,18.762598598744507,5.8278113289203795,0.016,0.016,fixed_switch,0.32451701164245605,0.32451701164245605,0.3233729600906372,0.3233729600906372,0.6753624081611633,0.0026472811587154865,-0.005419423338025808,0.012742255814373493,0.012829883024096489,0.3230525851249695,0.3230525851249695,0.3242216110229492,0.3242216110229492,0.6776946187019348,0.0026637432165443897,-0.005290762055665255,0.012942704372107983,0.012852300889790058,5.424000024795532,0.0,0.003999948501586914,0,0,0.026232795789837837,-0.015163199044764042,-0.0034366969484835863,2,0.0,,4.0,3.5,8.0,3.8,3.2,4.0,0.15,0.12,3.0,0.7586635721680692,-0.0031738434528280337,-0.0005180724208957619,0.012844630472836155,0.026232795789837837,-0.015163199044764042,-0.0034366969484835863,-0.00936914439692128,0.0012994868872059791,0.044628851206794704,-0.06253773604307229,0.05133993510843013,-0.1603939544215096,1.0,0.9999948291594492,0.0,roll,0.0,0.0,0.0,0.0,0,1.9320001602172852,ingress,1.2,0.008223696000641212,1,-0.017554989374127576,0.02956419303571358,0.01129181066244136,0.01694014878816378,-0.01749855419931195,0.04030626687500846,0.0085476979550418,0.04003097773483294
7.052000045776367,direct_px4_equiv,1,1,14,0,0,1,0,1,0.007532660383731127,0.07792506366968155,1.485497534275055,0.0038310931995511055,-0.007614634465426207,0.08880218118429184,-0.1968304383451559,0.02641062823831595,-5.975942220446548,0.0264127556359483,-0.0067696948535740376,0.0009479137370362878,1.485533959019815,0.0,0.0,0.06956432957762003,-0.0,-0.0,-0.18462208574015967,0.0,0.0,-5.248401720262746,-0.1642684086901695,-1.5329087411163607,43.15096120925594,0.05070557266263068,0.0031870966832792586,0.14670001564370308,18.754021562473895,18.538220965717045,5.893241267024942,0.02,0.02,fixed_switch,0.3225101828575134,0.3225101828575134,0.32444050908088684,0.32444050908088684,0.6791430115699768,0.002343236468732357,-0.0050314501859247684,0.013164130970835686,0.013012567535042763,0.32450154423713684,0.32450154423713684,0.32336387038230896,0.32336387038230896,0.675327718257904,0.002632705494761467,-0.005417299456894398,0.01276044175028801,0.01284770667552948,5.447999954223633,0.0,0.003999948501586914,0,0,-0.011087450198829174,0.0018121155444532633,-0.005416179541498423,2,0.0,,4.0,3.5,8.0,3.8,3.2,4.0,0.15,0.12,3.0,0.7541143387398708,-0.0034323414574341728,-0.0004827531353964585,0.01269708174187102,-0.011087450198829174,0.0018121155444532633,-0.005416179541498423,-0.009448864996942006,0.0012872338245949232,0.04493506888851111,0.05070557266263068,-0.0031870966832792586,-0.14670001564370308,1.0,0.9999939929907896,0.0,roll,0.0,0.0,0.0,0.0,0,1.9560000896453857,ingress,1.2,0.01261630700173555,1,-0.01781977261211953,0.03367399222103564,0.01094440586151382,0.022053751944910438,-0.016245843284910032,0.04088018622565964,0.007565980212615523,0.041356336152409544
7.075999975204468,direct_px4_equiv,1,1,14,0,0,1,0,1,0.007900144904851913,0.0774577260017395,1.487525761127472,0.0034229999873787165,-0.006034001708030701,0.08485957235097885,-0.21879174133375134,0.0010783227853860319,-5.966296151282536,0.0010784073289972261,-0.0067696948535740376,0.0009479137370362878,1.4871503036157552,0.0,0.0,0.06513107574723774,-0.0,-0.0,-0.18471518191031233,0.0,0.0,-5.248401720262746,-0.14345647845614756,-1.569091602613172,43.126057893231994,0.05149839326043617,0.10788659749686333,0.14238890597065787,18.677490665084612,18.45816626406973,6.026342967576453,0.012,0.012,fixed_switch,0.32179123163223267,0.32179123163223267,0.32375720143318176,0.32375720143318176,0.6867696046829224,0.002418575808405876,-0.004771160893142223,0.013533518649637699,0.013374504633247852,0.32196682691574097,0.32196682691574097,0.3247644007205963,0.3247644007205963,0.6798216700553894,0.0022719656117260456,-0.004845655057579279,0.013506053946912289,0.013281197287142277,5.471999883651733,0.0,0.003999948501586914,0,0,-0.010719534941017628,0.03377446532249451,-0.005743369460105896,2,0.0,,4.0,3.5,8.0,3.8,3.2,4.0,0.15,0.12,3.0,0.7504931571547241,-0.0038184409285322808,-4.2742567416858865e-05,0.012529482749377622,-0.010719534941017628,0.03377446532249451,-0.005743369460105896,-0.009538228872520036,0.0012806010901798561,0.04523743941051592,0.05149839326043617,-0.10788659749686333,-0.14238890597065787,1.0,0.9999927088404365,0.0,roll,0.0,0.0,0.0,0.0,0,1.9800000190734863,ingress,1.2,0.016452049996587448,1,-0.01837801688054995,0.04306171208498213,0.01063139248872538,0.019204112911116705,-0.015405406151751884,0.04201724465284541,0.007809240241120374,0.0425168030077048
7.1000001430511475,direct_px4_equiv,1,1,14,0,0,1,0,1,0.008433714509010315,0.07667689770460129,1.4907367825508118,0.002336205216124654,-0.005629384890198708,0.076882004737854,-0.21967588893188547,-0.012458238463845594,-5.959100037801921,-0.012459196837063915,-0.0067696948535740376,0.0009479137370362878,1.4886602971260965,0.0,0.0,0.060702943143709526,-0.0,-0.0,-0.18418825034007313,0.0,0.0,-5.248401720262746,-0.1270401783312706,-1.5631541370241602,43.130746695843015,0.022648464598877902,0.030367976915820594,0.15122107936054577,18.68589690055466,18.554248508667726,5.92645625183489,0.016,0.016,fixed_switch,0.3226539194583893,0.3226539194583893,0.32383233308792114,0.32383233308792114,0.6810541749000549,0.002766728401184082,-0.004854818806052208,0.013412417843937874,0.013317868113517761,0.3221452534198761,0.3221452534198761,0.3233001232147217,0.3233001232147217,0.6825965642929077,0.0024449671618640423,-0.004686772357672453,0.013518456369638443,0.013424909673631191,5.496000051498413,0.0,0.004000186920166016,0,0,-0.001063350006006658,0.00914501491934061,-0.003957503940910101,2,0.0,,4.0,3.5,8.0,3.8,3.2,4.0,0.15,0.12,3.0,0.744001480127203,-0.003835339967177681,0.000193653952795203,0.012404340980307078,-0.001063350006006658,0.00914501491934061,-0.003957503940910101,-0.009630320058900643,0.0012830803346801614,0.045536318055662356,0.022648464598877902,-0.030367976915820594,-0.15122107936054577,1.0,0.9999926263331355,0.0,roll,0.0,0.0,0.0,0.0,0,2.004000186920166,ingress,1.2,0.0009908520005410537,1,-0.01603719416618019,0.04310216933665181,0.010439614431392985,0.019163653099128288,-0.0156755258110602,0.04183931593195801,0.008933376272678744,0.0421363546006877
7.124000072479248,direct_px4_equiv,1,1,14,0,0,1,0,1,0.00860779732465744,0.07636718451976776,1.4919005036354065,0.0019639404490590096,-0.0055418191477656364,0.0729031190276146,-0.21759950179182774,-0.01794989084486779,-5.9544841420044134,-0.01795125254885812,-0.0067696948535740376,0.0009479137370362878,1.4900642140389133,0.0,0.0,0.056295144902937855,-0.0,-0.0,-0.1830209171921883,0.0,0.0,-5.248401720262746,-0.12090444845501683,-1.5585136067074232,43.13647567697967,0.014567537653951015,0.017152520715930784,0.1607854992522097,18.684662617999482,18.577643599338995,5.91015696875017,0.012,0.012,fixed_switch,0.3228636384010315,0.3228636384010315,0.3238213062286377,0.3238213062286377,0.6801170110702515,0.003056226298213005,-0.005044656805694103,0.013355727307498455,0.013279185630381107,0.3226655125617981,0.3226655125617981,0.32373669743537903,0.32373669743537903,0.680912435054779,0.002843972761183977,-0.004884390160441399,0.013415458612143993,0.013329454697668552,5.519999980926514,0.0,0.003999948501586914,0,0,0.0015734907938167453,0.0048499321565032005,-0.0021470319479703903,2,0.0,,4.0,3.5,8.0,3.8,3.2,4.0,0.15,0.12,3.0,0.7391020159959915,-0.003799683565475049,0.0002898772794480452,0.012323959251938117,0.0015734907938167453,0.0048499321565032005,-0.0021470319479703903,-0.009722076811065492,0.001289524920820949,0.04583288609583472,0.014567537653951015,-0.017152520715930784,-0.1607854992522097,1.0,0.999992739188116,0.0,roll,0.0,0.0,0.0,0.0,0,2.0280001163482666,ingress,1.2,0.004380639998998959,1,-0.01603719416582657,0.04310216933754265,0.01031453394681694,0.02294457289340366,-0.016288485791942774,0.041717792730299304,0.009868123983130186,0.04195825441775587
7.148000001907349,direct_px4_equiv,1,1,14,0,0,1,0,1,0.00882798247039318,0.07591799646615982,1.493519127368927,0.0013465736992657185,-0.005415464285761118,0.06659463793039322,-0.21070284277409623,-0.026927548216480326,-5.9500590538927876,-0.02692956598248302,-0.0067696948535740376,0.0009479137370362878,1.4913627432410304,0.0,0.0,0.05192325123789927,-0.0,-0.0,-0.1811927962079089,0.0,0.0,-5.248401720262746,-0.10953226533675722,-1.5482023500124698,43.1676509672848,0.006769603703810587,0.007302364101682685,0.15970857310443928,18.69207256494168,18.60922514400885,5.9017968741446145,0.016,0.016,fixed_switch,0.3231465518474579,0.3231465518474579,0.32388752698898315,0.32388752698898315,0.6796358227729797,0.0031185324769467115,-0.004921227693557739,0.01324478443711996,0.013186046853661537,0.3228346109390259,0.3228346109390259,0.3237866163253784,0.3237866163253784,0.6800621151924133,0.0030521934386342764,-0.005029724445194006,0.013347047381103039,0.013270998373627663,5.543999910354614,0.0,0.003999948501586914,0,0,0.003975144121795893,0.0015009901253506541,-0.0021479064598679543,2,0.0,,4.0,3.5,8.0,3.8,3.2,4.0,0.15,0.12,3.0,0.7331526043191027,-0.0036802649576921902,0.0004474474867395629,0.012246997624589624,0.003975144121795893,0.0015009901253506541,-0.0021479064598679543,-0.009811740307697872,0.0012974804367411718,0.04612752042304052,0.006769603703810587,-0.007302364101682685,-0.15970857310443928,1.0,0.9999931277203223,0.0,roll,0.0,0.0,0.0,0.0,0,2.052000045776367,ingress,1.2,0.00886911300040083,1,-0.01748727900990437,0.04310216933818569,0.011953256479263952,0.019118307538118842,-0.01588995101986608,0.041425187899573605,0.010069301987829418,0.04160971721729285
7.172000169754028,direct_px4_equiv,1,1,14,0,0,1,0,1,0.00891999714076519,0.07563964277505875,1.4945624470710754,0.00075517751974985,-0.005161438137292862,0.06876557320356369,-0.20617247918120238,-0.028811540062134267,-5.946966788346795,-0.028813679258308165,-0.0067696948535740376,0.0009479137370362878,1.4925569500518967,0.0,0.0,0.04760332301750281,-0.0,-0.0,-0.1786834748709925,0.0,0.0,-5.248401720262746,-0.10135488105527167,-1.5442502074543047,43.06696743892114,0.0033420390441942886,0.038322051957177465,0.16698610782342435,18.62319335790719,18.550920306310022,5.928525383082156,0.02,0.02,fixed_switch,0.3226240873336792,0.3226240873336792,0.32327157258987427,0.32327157258987427,0.6811730861663818,0.003380918875336647,-0.00505493301898241,0.01325250044465065,0.013201040215790272,0.32312899827957153,0.32312899827957153,0.3238646388053894,0.3238646388053894,0.6796627044677734,0.0031614822801202536,-0.004873095545917749,0.013235709629952908,0.01317743118852377,5.568000078201294,0.0,0.004000186920166016,0,0,0.004986700136214495,0.011136891320347786,-0.0007884538499638438,2,0.0,,4.0,3.5,8.0,3.8,3.2,4.0,0.15,0.12,3.0,0.728973587596199,-0.003601385054715572,0.0004809099787836331,0.012193072766229105,0.004986700136214495,0.011136891320347786,-0.0007884538499638438,-0.009898660903924666,0.0013104178938195244,0.04642067615913883,0.0033420390441942886,-0.038322051957177465,-0.16698610782342435,1.0,0.9999933993754937,0.0,roll,0.0,0.0,0.0,0.0,0,2.076000213623047,ingress,1.2,0.012623772003280465,1,-0.015491128713420458,0.043156622362919415,0.012328406466082487,0.022962030111707825,-0.016321665941194646,0.041472290466713684,0.010916510822449503,0.041633956767604445
7.196000099182129,direct_px4_equiv,1,1,14,0,0,1,0,1,0.009022354148328304,0.07524945586919785,1.4959576725959778,0.00038854192825965583,-0.005061218049377203,0.05852879211306572,-0.20344448432502157,-0.02238144325195788,-5.945085155802911,-0.02238309864249009,-0.0067696948535740376,0.0009479137370362878,1.4936482570815608,0.0,0.0,0.04335203889843924,-0.0,-0.0,-0.17547261873045633,0.0,0.0,-5.248401720262746,-0.10317163831377565,-1.538147498692059,43.1775477032998,0.014018206899352646,-0.011520347443428886,0.17237385764667604,18.719341275629066,18.614922688874803,5.878778842789299,0.012,0.012,fixed_switch,0.32319754362106323,0.32319754362106323,0.324131041765213,0.324131041765213,0.6783091425895691,0.003490065224468708,-0.00517912395298481,0.01315468642860651,0.013081266544759274,0.32328009605407715,0.32328009605407715,0.3241313397884369,0.3241313397884369,0.6784449219703674,0.0034739128313958645,-0.005134927108883858,0.013151269406080246,0.01308432873338461,5.5920000076293945,0.0,0.003999948501586914,0,0,0.0013488566037267447,-0.004246770869940519,0.00020339440379757434,2,0.0,,4.0,3.5,8.0,3.8,3.2,4.0,0.15,0.12,3.0,0.7261633112018085,-0.003553083471638348,0.00036903452680076676,0.012160017836902246,0.0013488566037267447,-0.004246770869940519,0.00020339440379757434,-0.009984368990121943,0.0013202425168624687,0.046712844263046546,0.014018206899352646,0.011520347443428886,-0.17237385764667604,1.0,0.9999936197063907,0.0,roll,0.0,0.0,0.0,0.0,0,2.1000001430511475,ingress,1.2,0.0166488870017929,1,-0.01739997997520497,0.04315662236353049,0.01258682783563383,0.019061208057778674,-0.016722661759529068,0.041096011864971464,0.011268928642137523,0.04132666688053339
7.2200000286102295,direct_px4_equiv,1,1,14,0,0,1,0,1,0.009061157703399658,0.07468724995851517,1.497983992099762,-0.0007423972128890455,-0.0042996653355658054,0.051273319870233536,-0.20019761045978765,-0.017758352054116973,-5.941617808834446,-0.017759652047576104,-0.0067696948535740376,0.0009479137370362878,1.4946385271301779,0.0,0.0,0.03918643759194395,-0.0,-0.0,-0.1715398221381642,0.0,0.0,-5.248401720262746,-0.09091813994889966,-1.5382946725886848,43.21273361778661,0.011862592158921874,-0.010256647091110353,0.16094913754390838,18.729959176489793,18.632315979294177,5.88543361112763,0.016,0.016,fixed_switch,0.32335323095321655,0.32335323095321655,0.3242258131504059,0.3242258131504059,0.6786929965019226,0.003300740849226713,-0.004788267891854048,0.013143657706677914,0.013075098395347595,0.3232539892196655,0.3232539892196655,0.324151873588562,0.324151873588562,0.6784936189651489,0.0034350701607763767,-0.005065401550382376,0.013142038136720657,0.013071485795080662,5.615999937057495,0.0,0.003999948501586914,0,0,0.001973409904167056,-0.0037139439955353737,-0.0015899944119155407,2,0.0,,4.0,3.5,8.0,3.8,3.2,4.0,0.15,0.12,3.0,0.7217931036395404,-0.0034959165725804513,0.00028879829646628446,0.01209934945082164,0.001973409904167056,-0.0037139439955353737,-0.0015899944119155407,-0.01006883548870701,0.0013278863688153343,0.04700385502515624,0.011862592158921874,0.010256647091110353,-0.16094913754390838,1.0,0.9999938475814497,0.0,roll,0.0,0.0,0.0,0.0,0,2.124000072479248,ingress,1.2,0.0006428119959309697,1,-0.018019609631883583,0.04315662236498976,0.013062229334614341,0.019126699821591254,-0.015460641921898284,0.04107663382384913,0.010657627379130832,0.041292019232867995
7.24399995803833,direct_px4_equiv,1,1,14,0,0,1,0,1,0.009030064567923546,0.07438424974679947,1.4990723729133606,-0.0014535378431901336,-0.0038098935037851334,0.047153040766716,-0.19450029219526868,-0.028100426568379192,-5.938082445184313,-0.028102459224667458,-0.0067696948535740376,0.0009479137370362878,1.4955300264536961,0.0,0.0,0.03512409022684152,-0.0,-0.0,-0.16686470095649605,0.0,0.0,-5.248401720262746,-0.07230169736727679,-1.5370418125616885,43.22684918264378,0.011109841909672864,-0.0033014130710074985,0.15986816631196213,18.730016621896425,18.63495073264892,5.896720193811203,0.012,0.012,fixed_switch,0.3233768045902252,0.3233768045902252,0.3242263197898865,0.3242263197898865,0.6793434619903564,0.003427864285185933,-0.004607076290994883,0.013131089508533478,0.013064404018223286,0.32330122590065,0.32330122590065,0.3241523504257202,0.3241523504257202,0.6788892149925232,0.00341603672131896,-0.004765328485518694,0.013125928118824959,0.013059128075838089,5.639999866485596,0.0,0.003999948501586914,0,0,0.0020610278006643057,-0.0018519808072596788,-0.00162855617236346,2,0.0,,4.0,3.5,8.0,3.8,3.2,4.0,0.15,0.12,3.0,0.7171785671789945,-0.003397558911349747,0.00047000443580313506,0.012037945007415054,0.0020610278006643057,-0.0018519808072596788,-0.00162855617236346,-0.010151038774260768,0.0013390773489854269,0.04729340145997638,0.011109841909672864,0.0033014130710074985,-0.15986816631196213,1.0,0.9999941178446587,0.0,roll,0.0,0.0,0.0,0.0,0,2.1480000019073486,ingress,1.2,0.004459067000425421,1,-0.01581891554211178,0.04315662236585041,0.013141451483112545,0.02292367583716734,-0.014875600746453123,0.04104303431136218,0.011068090777605174,0.041252533215121505
7.264000177383423,direct_px4_equiv,1,1,14,0,0,1,0,1,0.008965620771050453,0.0741981565952301,1.4997101426124573,-0.0018369350582361221,-0.0035787331871688366,0.043940961360931396,-0.19330746744754962,-0.02647738267239208,-5.9360018183203405,-0.02647928675261589,-0.0067696948535740376,0.0009479137370362878,1.4961994318943537,0.0,0.0,0.0318306450679006,-0.0,-0.0,-0.16238694097123196,0.0,0.0,-5.248401720262746,-0.06707187312034232,-1.5371290189877407,43.245781670073946,0.015002228573318658,-0.0034510289923562424,0.1670281888959031,18.74425511122609,18.637431651435318,5.8991991053509025,0.012,0.012,fixed_switch,0.32339900732040405,0.32339900732040405,0.3243533968925476,0.3243533968925476,0.6794862151145935,0.003651340724900365,-0.0047397431917488575,0.013130085542798042,0.01305521558970213,0.32335296273231506,0.32335296273231506,0.32420045137405396,0.32420045137405396,0.6792860627174377,0.003419486340135336,-0.004608937539160252,0.01313054095953703,0.013064012862741947,5.6600000858306885,0.0,0.004000186920166016,0,0,0.0007290875073522329,-0.001850533182732761,-0.00032955946517176926,2,0.0,,4.0,3.5,8.0,3.8,3.2,4.0,0.15,0.12,3.0,0.7147893109622131,-0.003376562113004482,0.0004418642253378367,0.012001576686168797,0.0007290875073522329,-0.001850533182732761,-0.00032955946517176926,-0.01021864300135403,0.0013481122489253713,0.0475337669863601,0.015002228573318658,0.0034510289923562424,-0.1670281888959031,1.0,0.9999942017924058,0.0,roll,0.0,0.0,0.0,0.0,0,2.1680002212524414,ingress,1.2,0.004585693997796625,1,-0.015818915541700097,0.04315662236646681,0.013252448102837343,0.019068995383872196,-0.015303962537530531,0.041014167926401536,0.011789664808264828,0.041249380316362216
7.288000106811523,direct_px4_equiv,1,1,14,0,0,1,0,1,0.008895883336663246,0.07401969283819199,1.5003054738044739,-0.002215807558968663,-0.0034065674990415573,0.0409017838537693,-0.19285028028871312,-0.025113419103280344,-5.9339530255129205,-0.025115216156218752,-0.0067696948535740376,0.0009479137370362878,1.4969171635654313,0.0,0.0,0.02800485796933287,-0.0,-0.0,-0.156297940085838,0.0,0.0,-5.248401720262746,-0.061732558427559966,-1.5370918242634641,43.26234069077175,0.017947884026813816,-0.0036796217633770145,0.16844293941924798,18.75595000068665,18.640275762896902,5.901253091688034,0.016,0.016,fixed_switch,0.32342445850372314,0.32342445850372314,0.32445770502090454,0.32445770502090454,0.6796044707298279,0.0037308274768292904,-0.00472808675840497,0.013127762824296951,0.013046754524111748,0.3233429491519928,0.3233429491519928,0.32436123490333557,0.32436123490333557,0.6794565320014954,0.0036257365718483925,-0.004724935628473759,0.013136908411979675,0.013056994415819645,5.684000015258789,0.0,0.003999948501586914,0,0,-0.0002655767893884331,-0.0018813398201018572,-5.837246135342866e-06,2,0.0,,4.0,3.5,8.0,3.8,3.2,4.0,0.15,0.12,3.0,0.7126430630024904,-0.003368432664887626,0.0004181669568473285,0.011965778176964498,-0.0002655767893884331,-0.0018813398201018572,-5.837246135342866e-06,-0.010299605033995964,0.0013582424343155034,0.04782128682005996,0.017947884026813816,0.0036796217633770145,-0.16844293941924798,1.0,0.9999942393988017,0.0,roll,0.0,0.0,0.0,0.0,0,2.192000150680542,ingress,1.2,0.00859152299381094,1,-0.015818915541419426,0.043156622367323004,0.013272939541282969,0.02300693555442229,-0.015266326236206686,0.04098758766586738,0.01204631650170266,0.04124208441600648
7.312000036239624,direct_px4_equiv,1,1,14,0,0,1,0,1,0.0087667191401124,0.07373174279928207,1.5011466145515442,-0.002660218859091401,-0.003219910664483905,0.0364801399409771,-0.19209607538781498,-0.026259136760957084,-6.620675528467035,-0.02626100218863153,-0.0067696948535740376,0.0009479137370362878,1.497544906556079,0.0,0.0,0.024334766624502034,-0.0,-0.0,-0.1494088593182282,0.0,0.0,-5.937107500558976,-0.03608449177968016,-1.5357551419381739,43.29804151554375,0.016291843193286457,0.003199684093618673,0.16612230973721953,18.76386073508382,18.65360918158256,5.915507080406471,0.02,0.02,fixed_switch,0.3235436975955963,0.3235436975955963,0.3245282471179962,0.3245282471179962,0.6804247498512268,0.0038828335236757994,-0.004456125199794769,0.013106959871947765,0.013029903173446655,0.32341504096984863,0.32341504096984863,0.32444795966148376,0.32444795966148376,0.6795849800109863,0.0037294093053787947,-0.004727032035589218,0.013129053637385368,0.013048061169683933,5.70799994468689,0.0,0.003999948501586914,0,0,0.0002654879936017096,0.00023374473676085472,-0.00015562595217488706,3,-0.6887057802962303,,4.0,3.5,8.0,3.8,3.2,4.0,0.15,0.12,3.0,0.7105738919829531,-0.0033553812196126026,0.00043830016310187286,0.011931191096255756,0.0002654879936017096,0.00023374473676085472,-0.00015562595217488706,-0.010380276924197377,0.001368445910761268,0.0001910092406551808,0.016291843193286457,-0.003199684093618673,-0.16612230973721953,1.0,0.999994274654829,0.0,roll,0.0,0.0,0.0,0.0,0,2.2160000801086426,ingress,1.2,0.012343186994257849,1,-0.015818915540997198,0.043156622367932294,0.013381823897340685,0.019163586976955107,-0.014388200197542769,0.04093464944019742,0.012537122117527898,0.04117672879117464
7.335999965667725,direct_px4_equiv,1,1,14,0,0,1,0,1,0.00863130297511816,0.07344436645507812,1.5018957257270813,-0.0030180325265973806,-0.0030104711186140776,0.03211115673184395,-0.19134259380823646,-0.029133886345553146,-6.620024318544431,-0.02913595655443363,-0.0067696948535740376,0.0009479137370362878,1.498086629931915,0.0,0.0,0.020839817503050136,-0.0,-0.0,-0.14169931453078102,0.0,0.0,-5.937107500558976,-0.02691619665375389,-1.5340938579104153,43.339758771729606,0.015196649595218489,0.006637233627694458,0.17260754810488402,18.77789553833184,18.6711349494503,5.9258283408358965,0.012,0.012,fixed_switch,0.3237003982067108,0.3237003982067108,0.32465338706970215,0.32465338706970215,0.6810181140899658,0.0041184271685779095,-0.004539318848401308,0.013080476783216,0.013006066903471947,0.32368239760398865,0.32368239760398865,0.3246401846408844,0.3246401846408844,0.6814734935760498,0.004094093572348356,-0.004527083598077297,0.013078941963613033,0.013004160486161709,5.73199987411499,0.0,0.003999948501586914,0,0,0.0006100140162743628,0.0012214548187330365,0.00096935621695593,3,-0.6887057802962303,,4.0,3.5,8.0,3.8,3.2,4.0,0.15,0.12,3.0,0.7098606401841097,-0.003342527717067757,0.0004885703522843242,0.01191990814694033,0.0006100140162743628,0.0012214548187330365,0.00096935621695593,-0.01046058915227087,0.0013797830485975365,0.00047722226706904545,0.015196649595218489,-0.006637233627694458,-0.17260754810488402,1.0,0.999994294403929,0.0,roll,0.0,0.0,0.0,0.0,0,2.240000009536743,ingress,1.2,0.01653831099974923,1,-0.015818915540707027,0.0431566223687885,0.013509859656134961,0.022957381936598673,-0.014656820612022902,0.040859765269570664,0.01329782089817725,0.041093530529847024
7.356000185012817,direct_px4_equiv,1,1,14,0,0,1,0,1,0.008537527173757553,0.07325819134712219,1.5023441910743713,-0.0033549971412867308,-0.0028092158026993275,0.029138216748833656,-0.1816600831732837,-0.03039823857491368,-6.6195250531999426,-0.03040039667812694,-0.0067696948535740376,0.0009479137370362878,1.4984755516327815,0.0,0.0,0.018075479559309424,-0.0,-0.0,-0.134633141988711,0.0,0.0,-5.937107500558976,-0.019708871387180665,-1.5272206703090778,43.372337094697734,-0.02485860641000297,0.0032812496440551148,0.17340861524771203,18.73312334353333,18.74799881054504,5.926034368347574,0.012,0.012,fixed_switch,0.3243867754936218,0.3243867754936218,0.3242540657520294,0.3242540657520294,0.6810299158096313,0.004181136377155781,-0.004510603845119476,0.012968422845005989,0.01297872606664896,0.3238062262535095,0.3238062262535095,0.3248092234134674,0.3248092234134674,0.6813299059867859,0.004077973775565624,-0.004383685067296028,0.013070154003798962,0.01299194060266018,5.752000093460083,0.0,0.004000186920166016,0,0,0.013680918142199516,0.00013255997328087687,0.0011249980889260769,3,-0.6887057802962303,,4.0,3.5,8.0,3.8,3.2,4.0,0.15,0.12,3.0,0.7068828231493275,-0.003173668483400974,0.0005116579354645445,0.011911185884891796,0.013680918142199516,0.00013255997328087687,0.0011249980889260769,-0.010525865086768208,0.0013898497051574748,0.0007155068295038092,-0.02485860641000297,-0.0032812496440551148,-0.17340861524771203,1.0,0.9999948330172225,0.0,roll,0.0,0.0,0.0,0.0,0,2.260000228881836,ingress,1.2,0.016452119998575654,1,-0.015818915540290628,0.043156622369399565,0.013638434254471999,0.01915479495434207,-0.014564104155876837,0.040773871339172735,0.013500299706087869,0.04074150168052782
7.380000114440918,direct_px4_equiv,1,1,14,0,0,1,0,1,0.008351322263479233,0.07298657298088074,1.5028868317604065,-0.003827600972726941,-0.0021981883328408003,0.025310281664133072,-0.1795247413529683,-0.03608487227634688,-6.612500251178155,-0.036087377415017136,-0.0067696948535740376,0.0009479137370362878,1.4988714565296442,0.0,0.0,0.01495375744876213,-0.0,-0.0,-0.1253664609694042,0.0,0.0,-5.937107500558976,-0.005290633905081374,-1.5313316682400688,43.4201486061806,0.012909114983251698,0.018900791517067098,0.16693481185059597,18.80057352909282,18.70115044255503,5.953117837354049,0.016,0.016,fixed_switch,0.3239686191082001,0.3239686191082001,0.3248554468154907,0.3248554468154907,0.6825844049453735,0.004148554522544146,-0.004213812295347452,0.013035943731665611,0.012966967187821865,0.3243732452392578,0.3243732452392578,0.32458290457725525,0.32458290457725525,0.6817736029624939,0.00422594603151083,-0.004352969117462635,0.012999603524804115,0.012983312830328941,5.776000022888184,0.0,0.003999948501586914,0,0,0.0010313314851373434,0.004842623136937618,0.00031728751491755247,3,-0.6887057802962303,,4.0,3.5,8.0,3.8,3.2,4.0,0.15,0.12,3.0,0.6998303612904047,-0.0031369537217461377,0.0006113208753604575,0.011788729911559225,0.0010313314851373434,0.004842623136937618,0.00031728751491755247,-0.010601179098850387,0.0014035408104333836,0.0010003708743638,0.012909114983251698,-0.018900791517067098,-0.16693481185059597,1.0,0.999994892903598,0.0,roll,0.0,0.0,0.0,0.0,0,2.2840001583099365,ingress,1.2,0.0005789630013168789,1,-0.015626327411143715,0.03163127128678702,0.013957297373088618,0.019129355907971206,-0.013605805854310201,0.04073692986154066,0.013395098063106627,0.040953625147697424
7.4040000438690186,direct_px4_equiv,1,1,14,0,0,1,0,1,0.008031808771193027,0.0725938156247139,1.503622829914093,-0.004385912790894508,-0.0001070560683729127,0.019585665315389633,-0.18452281843076987,-0.04484185733545289,-6.597577973827079,-0.0448448364091748,-0.0067696948535740376,0.0009479137370362878,1.4991951929239402,0.0,0.0,0.012064932861318878,-0.0,-0.0,-0.11522156063742157,0.0,0.0,-5.937107500558976,0.017268985950763482,-1.5635440642700305,43.5003795974113,0.028142801538075003,0.02745227677548859,0.15200867424454256,18.8533602208176,18.706835016849507,5.975574293005248,0.012,0.012,fixed_switch,0.3240193724632263,0.3240193724632263,0.3253253698348999,0.3253253698348999,0.6838706135749817,0.00395959010347724,-0.003644816344603896,0.013306273147463799,0.01320279948413372,0.3238404095172882,0.3238404095172882,0.32520341873168945,0.32520341873168945,0.682939350605011,0.003868610132485628,-0.0037767363246530294,0.013159248977899551,0.013052420690655708,5.799999952316284,0.0,0.003999948501586914,0,0,-0.0038999454118311405,0.007252133917063475,-0.0015955057460814714,3,-0.6887057802962303,,4.0,3.5,8.0,3.8,3.2,4.0,0.15,0.12,3.0,0.6872958981278824,-0.0032249866314285796,0.0007640619294372009,0.011528564407825521,-0.0038999454118311405,0.007252133917063475,-0.0015955057460814714,-0.010677747490676265,0.0014201620082499014,0.0012796911090330154,0.028142801538075003,-0.02745227677548859,-0.15200867424454256,1.0,0.9999945078354323,0.0,roll,0.0,0.0,0.0,0.0,0,2.308000087738037,ingress,1.2,0.004761923002661206,1,-0.0156263274109034,0.03531910722095712,0.014101779322685883,0.02308765305813548,-0.011768598677894091,0.04147781770979064,0.01278495877936472,0.041802890043546544
7.427999973297119,direct_px4_equiv,1,1,14,0,0,1,0,1,0.007890146225690842,0.07249168306589127,1.5038381218910217,-0.004649979993700981,0.0007798883598297834,0.017535308375954628,-0.18977006757151457,-0.0562805410278987,-6.581740399061793,-0.056284093563276814,-0.0067696948535740376,0.0009479137370362878,1.4994526052223278,0.0,0.0,0.00943032760743847,-0.0,-0.0,-0.10417805685514121,0.0,0.0,-5.937107500558976,0.03306431029713291,-1.5813767198686297,43.53946742978723,0.02778319389995947,0.03135696977435497,0.14372303728289912,18.867498993475568,18.72153353538155,5.986256028525197,0.016,0.016,fixed_switch,0.32415062189102173,0.32415062189102173,0.3254511058330536,0.3254511058330536,0.6844815611839294,0.0038794511929154396,-0.003306125057861209,0.013447552919387817,0.013343456201255322,0.32402515411376953,0.32402515411376953,0.32533514499664307,0.32533514499664307,0.6839206218719482,0.0039505003951489925,-0.0035908932331949472,0.013319347985088825,0.013215458020567894,5.823999881744385,0.0,0.003999948501586914,0,0,-0.0036254585720598698,0.00812908448278904,-0.0023457298520952463,3,-0.6887057802962303,,4.0,3.5,8.0,3.8,3.2,4.0,0.15,0.12,3.0,0.674426906212009,-0.0033175835363513555,0.0009636317972367276,0.011252519273582668,-0.0036254585720598698,0.00812908448278904,-0.0023457298520952463,-0.01075637822960042,0.0014412464479638123,0.0015525617934122576,0.02778319389995947,-0.03135696977435497,-0.14372303728289912,1.0,0.9999940325264851,0.0,roll,0.0,0.0,0.0,0.0,0,2.3320000171661377,ingress,1.2,0.008250965998740867,1,-0.015523209748106132,0.03134300505608258,0.014375173318084822,0.019257555014319767,-0.01067501232526772,0.041919704465208214,0.012526201621059163,0.042246732034956755
7.452000141143799,direct_px4_equiv,1,1,14,0,0,1,0,1,0.007746556773781776,0.0724073275923729,1.5040283799171448,-0.004830577876418829,0.001722737797535956,0.01531556248664856,-0.19392245145368103,-0.07143189775275213,-6.5627719150471915,-0.0714361522559884,-0.0067696948535740376,0.0009479137370362878,1.4996500571100435,0.0,0.0,0.0070717307295547,-0.0,-0.0,-0.09221544201569894,0.0,0.0,-5.937107500558976,0.050610020240440284,-1.5998237403153137,43.58946198715678,0.029646809382680345,0.03137301525241701,0.13175643770799697,18.892209266866914,18.740030997107237,5.993399810360214,0.02,0.02,fixed_switch,0.3243156969547272,0.3243156969547272,0.3256707787513733,0.3256707787513733,0.6848898530006409,0.0037208825815469027,-0.0028603950049728155,0.013591079041361809,0.013481535948812962,0.32411855459213257,0.32411855459213257,0.3255011737346649,0.3255011737346649,0.6844908595085144,0.0037809377536177635,-0.0031842715106904507,0.013458272442221642,0.013347542844712734,5.8480000495910645,0.0,0.004000186920166016,0,0,-0.004123492166399956,0.007678931578993797,-0.00359039893373847,3,-0.6887057802962303,,4.0,3.5,8.0,3.8,3.2,4.0,0.15,0.12,3.0,0.6590258802625396,-0.0033913394014174264,0.0012282218346700605,0.010921940213743132,-0.004123492166399956,0.007678931578993797,-0.00359039893373847,-0.01083722924769118,0.0014672622138607793,0.0018182389163570983,0.029646809382680345,-0.03137301525241701,-0.13175643770799697,1.0,0.9999934951441436,0.0,roll,0.0,0.0,0.0,0.0,0,2.3560001850128174,ingress,1.2,0.012525489000836387,1,-0.015610148004793536,0.03525578643828656,0.014390165858685822,0.023185682211679718,-0.009235812801753965,0.042353493885109256,0.012014205715814276,0.042697633402793235
7.476000070571899,direct_px4_equiv,1,1,14,0,0,1,0,1,0.007502449676394463,0.0723511204123497,1.504242718219757,-0.005439114291220903,0.0031846407800912857,0.015694471076130867,-0.19757774067556624,-0.08682446414423278,-6.54108752712449,-0.08682928448020634,-0.0067696948535740376,0.0009479137370362878,1.4997944360567588,0.0,0.0,0.005011489521678526,-0.0,-0.0,-0.07931356948686424,0.0,0.0,-5.937107500558976,0.07699256871305256,-1.6262030583268596,43.59944003805355,0.028346989348160302,0.027660377905930487,0.1171892188720959,18.89752396829239,18.748434722985525,5.990380344986766,0.008,0.008,fixed_switch,0.3243906795978546,0.3243906795978546,0.3257179856300354,0.3257179856300354,0.6847173571586609,0.0035724821500480175,-0.002281205030158162,0.013809124007821083,0.013700110837817192,0.32411327958106995,0.32411327958106995,0.32524505257606506,0.32524505257606506,0.6890037059783936,0.0036026407033205032,-0.0023442998062819242,0.013820590451359749,0.013727403245866299,5.871999979019165,0.0,0.003999948501586914,0,0,-0.00358134345151484,0.0060560558922588825,-0.0051636481657624245,3,-0.6887057802962303,,4.0,3.5,8.0,3.8,3.2,4.0,0.15,0.12,3.0,0.6415198694519038,-0.0034563183927682696,0.0014971740142595965,0.010543985727207234,-0.00358134345151484,0.0060560558922588825,-0.0051636481657624245,-0.010919459084803807,0.0015015918077565427,0.0020751074747049,0.028346989348160302,-0.027660377905930487,-0.1171892188720959,1.0,0.9999929061665861,0.0,roll,0.0,0.0,0.0,0.0,0,2.380000114440918,ingress,1.2,0.016639870998915285,1,-0.013077228047765451,0.03128980064118483,0.014702322141422888,0.019182790418218253,-0.007365689849112669,0.043040168857359215,0.0115350417109647,0.04338264219441345
7.5,direct_px4_equiv,1,1,14,0,0,1,0,1,0.007070902269333601,0.07241102308034897,1.5044172406196594,-0.005822052713483572,0.0054436554200947285,0.006684422492980957,-0.2013598542517183,-0.08728566252812255,-6.519431451666817,-0.08729016153579161,-0.0067696948535740376,0.0009479137370362878,1.4998931767241392,0.0,0.0,0.003272368614751428,-0.0,-0.0,-0.06545194089237201,0.0,0.0,-5.937107500558976,0.0937644445454125,-1.6689723420408304,43.78823460194787,0.025986497665001433,0.008413024279002432,0.10577320077079376,18.989341391276845,18.845787668340645,5.991412997740727,0.016,0.016,fixed_switch,0.3252579867839813,0.3252579867839813,0.32653284072875977,0.32653284072875977,0.6847763657569885,0.0034075737930834293,-0.001850975095294416,0.014099282212555408,0.013992627151310444,0.32493525743484497,0.32493525743484497,0.3262270390987396,0.3262270390987396,0.6851755976676941,0.0035069771111011505,-0.002046429319307208,0.013979829847812653,0.013872578740119934,5.895999908447266,0.0,0.003999948501586914,0,0,-0.002682001329958439,2.6584386432659812e-05,-0.006203127093613148,3,-0.6887057802962303,,4.0,3.5,8.0,3.8,3.2,4.0,0.15,0.12,3.0,0.6224500335821118,-0.003522085419717037,0.0015055410978521008,0.010166086003065355,-0.002682001329958439,2.6584386432659812e-05,-0.006203127093613148,-0.011003311997296239,0.001537798372869232,0.002322749676041527,0.025986497665001433,-0.008413024279002432,-0.10577320077079376,1.0,0.9999926641304685,0.0,roll,0.0,0.0,0.0,0.0,0,2.4040000438690186,ingress,1.2,0.0011541679996298626,1,-0.0120365161457083,0.031293472628944906,0.014821502155241606,0.019312058585894642,-0.005976537730264879,0.043959133461058675,0.01100257561842099,0.044294201009676036
7.52400016784668,direct_px4_equiv,1,1,14,0,0,1,0,1,0.006813420448452234,0.0725511685013771,1.5044806599617004,-0.005900416988879442,0.006802873220294714,0.004790825769305229,-0.2058606547037876,-0.08586940384452764,-6.4981111005738175,-0.08587350739517861,-0.0067696948535740376,0.0009479137370362878,1.4999542647893986,0.0,0.0,0.0018776346291627985,-0.0,-0.0,-0.05061001971846962,0.0,0.0,-5.937107500558976,0.1002497217140873,-1.6988727765109157,43.86222383188582,0.030244651665636776,0.003981280802933122,0.10664415022098774,19.03176110287454,18.874205706764354,5.995862197052311,0.012,0.012,fixed_switch,0.32551074028015137,0.32551074028015137,0.3269086182117462,0.3269086182117462,0.6850305795669556,0.0034774960950016975,-0.0018155804136767983,0.014330423437058926,0.014211708679795265,0.325339674949646,0.325339674949646,0.32664525508880615,0.32664525508880615,0.6846815943717957,0.003580707125365734,-0.0020352688152343035,0.014109684154391289,0.014000419527292252,5.920000076293945,0.0,0.004000186920166016,0,0,-0.00396981555968523,-0.0013167505385354161,-0.005173503886908293,3,-0.6887057802962303,,4.0,3.5,8.0,3.8,3.2,4.0,0.15,0.12,3.0,0.603862656217253,-0.003600237030487169,0.0014810935397820916,0.009793998261218063,-0.00396981555968523,-0.0013167505385354161,-0.005173503886908293,-0.01108885219987454,0.001573619955389984,0.002561534019710014,0.030244651665636776,-0.003981280802933122,-0.10664415022098774,1.0,0.999992422327684,0.0,roll,0.0,0.0,0.0,0.0,0,2.4280002117156982,ingress,1.2,0.004472211003303528,1,-0.01160390287216775,0.03520719898066573,0.014704548621248283,0.023190580300864953,-0.005862253342818871,0.04464740068085958,0.011228344734357139,0.0450203528291264
7.54800009727478,direct_px4_equiv,1,1,14,0,0,1,0,1,0.0066452124156057835,0.07267638295888901,1.504493534564972,-0.005963290575891733,0.007601110264658928,0.0036190422251820564,-0.20930958815316217,-0.0824351556787799,-6.4781096049720155,-0.08243882461003985,-0.0067696948535740376,0.0009479137370362878,1.499986248899443,0.0,0.0,0.0008510833794247217,-0.0,-0.0,-0.03476771653920513,0.0,0.0,-5.937107500558976,0.10247091262443818,-1.7183664522594762,43.93518998117169,0.026973594023780068,-0.0007302124404095281,0.10583210431907479,19.062128125854198,18.91372104847151,5.999735835431386,0.016,0.016,fixed_switch,0.3258618712425232,0.3258618712425232,0.32717737555503845,0.32717737555503845,0.6852518320083618,0.003468333277851343,-0.0017746502999216318,0.01446466613560915,0.014351976104080677,0.32558926939964294,0.32558926939964294,0.32699763774871826,0.32699763774871826,0.6848859190940857,0.0034778437111526728,-0.0018325637793168426,0.014339142479002476,0.0142194963991642,5.944000005722046,0.0,0.003999948501586914,0,0,-0.002778820227831602,-0.0026867862325161695,-0.004483459983021021,3,-0.6887057802962303,,4.0,3.5,8.0,3.8,3.2,4.0,0.15,0.12,3.0,0.5860476985891899,-0.0036598901758974115,0.0014214994739981243,0.009444843256533525,-0.002778820227831602,-0.0026867862325161695,-0.004483459983021021,-0.011176256546839586,0.0016083243775259918,0.0027915814054816873,0.026973594023780068,0.0007302124404095281,-0.10583210431907479,1.0,0.9999922922717087,0.0,roll,0.0,0.0,0.0,0.0,0,2.452000141143799,ingress,1.2,0.008561386996007059,1,-0.010667058812198095,0.03125016296760499,0.014979144032137872,0.019246846984897103,-0.0057300958701757285,0.04508806151538918,0.011198759160244173,0.04544208910768668
7.572000026702881,direct_px4_equiv,1,1,14,0,0,1,0,1,0.006377077661454678,0.07295534759759903,1.5045424103736877,-0.006006203591823578,0.008984103798866272,0.0032103508710861206,-0.21072355830947964,-0.08051809839920347,-6.4606705471184,-0.08052145021339786,-0.0067696948535740376,0.0009479137370362878,1.4999982559258636,0.0,0.0,0.0002169563879604652,-0.0,-0.0,-0.017904504678921962,0.0,0.0,-5.937107500558976,0.1086205353214669,-1.7488369976229776,44.00406380555072,0.022180352085220886,0.004920369748823935,0.10995473356644349,19.082165228932766,18.947159939750605,6.0165918547344965,0.008,0.02,fixed_switch,0.326158732175827,0.326158732175827,0.3273545801639557,0.3273545801639557,0.6862137317657471,0.0036148622166365385,-0.0018243780359625816,0.01469533983618021,0.014591298066079617,0.3260991871356964,0.3260991871356964,0.32728588581085205,0.32728588581085205,0.685761034488678,0.0036310129798948765,-0.001947444980032742,0.014461327344179153,0.014356830157339573,5.9679999351501465,0.0,0.003999948501586914,0,0,-0.0011402990203350782,-0.0008643241599202156,-0.003063006792217493,3,-0.6887057802962303,,4.0,3.5,8.0,3.8,3.2,4.0,0.15,0.12,3.0,0.570228505322932,-0.003684199040031095,0.0013884851008073291,0.00914043413778858,-0.0011402990203350782,-0.0008643241599202156,-0.003063006792217493,-0.01126445049408664,0.0016418930813948119,0.0030139706051711835,0.022180352085220886,-0.004920369748823935,-0.10995473356644349,1.0,0.9999922493932071,0.0,roll,0.0,0.0,0.0,0.0,0,2.4760000705718994,ingress,1.2,0.01291889300046023,1,-0.010709695585864404,0.03516281344158247,0.01481325905659705,0.023241320550240235,-0.005890659716824934,0.04583991381504541,0.011671881106651957,0.04616677101916267
7.5959999561309814,direct_px4_equiv,1,1,14,0,0,1,0,1,0.006191853899508715,0.07317198067903519,1.5045869946479797,-0.005901823751628399,0.009897884912788868,0.003163012908771634,-0.21080943457576282,-0.08141205366024776,-6.445403880272739,-0.08141525246469271,-0.0067696948535740376,0.0009479137370362878,1.5,0.0,0.0,0.0,0.0,0.0,0.0,0.0,0.0,-5.937107500558976,0.11255122017345023,-1.7696129947362937,44.07847027380321,0.018750093321261846,0.008266479284876971,0.11546294411672088,19.10778168819487,18.982427600430743,6.031169081789947,0.012,0.012,fixed_switch,0.3264715373516083,0.3264715373516083,0.3275810182094574,0.3275810182094574,0.6870445013046265,0.0037766487803310156,-0.0019255024380981922,0.014842397533357143,0.01474495604634285,0.3263307213783264,0.3263307213783264,0.32742753624916077,0.32742753624916077,0.686700701713562,0.0036599503364413977,-0.001813001581467688,0.01484656147658825,0.014750160276889801,5.991999864578247,0.0,0.003999948501586914,0,0,6.118567398516461e-06,0.00015346071450039744,-0.0014979388797655702,3,-0.6887057802962303,,4.0,3.5,8.0,3.8,3.2,4.0,0.15,0.12,3.0,0.556404261254776,-0.0036855821443403003,0.0014045714437695026,0.008874013743793928,6.118567398516461e-06,0.00015346071450039744,-0.0014979388797655702,-0.01135280002867732,0.0016754266098275626,0.0032295491712752062,0.018750093321261846,-0.008266479284876971,-0.11546294411672088,1.0,0.9999922218317389,0.0,roll,0.0,0.0,0.0,0.0,0,2.5,settle_a,1.2,0.016305104996718,1,-0.010195133822113038,0.031224691228912495,0.015006826006036778,0.01929550058677281,-0.006217176030046611,0.046322646213352865,0.012194267133056023,0.046628767822690646
7.616000175476074,direct_px4_equiv,1,1,14,0,0,1,0,1,0.005905523430556059,0.07354182004928589,1.5046573281288147,-0.005862357094883919,0.011259420774877071,0.0027235292363911867,-0.21212446950559194,-0.08387035735971293,-6.434218209121329,-0.08387350068630305,-0.0067696948535740376,0.0009479137370362878,1.5,0.0,0.0,0.0,0.0,0.0,0.0,0.0,0.0,-5.937107500558976,0.12138034349493096,-1.8009479175363508,44.08242359836962,0.022300906996911805,0.015432737695764868,0.11758509218104145,19.111472727875206,18.97424513710996,6.041177061105343,0.012,0.012,fixed_switch,0.3263989984989166,0.3263989984989166,0.32761362195014954,0.32761362195014954,0.6876143217086792,0.003903117962181568,-0.0019057485042139888,0.01511192973703146,0.015003340318799019,0.3264341652393341,0.3264341652393341,0.327640175819397,0.327640175819397,0.6872518062591553,0.0037908933591097593,-0.0018151892581954598,0.015099321492016315,0.014991599135100842,6.01200008392334,0.0,0.004000186920166016,0,0,-0.001138501102104783,0.002318438608199358,-0.0006757706869393587,3,-0.6887057802962303,,4.0,3.5,8.0,3.8,3.2,4.0,0.15,0.12,3.0,0.5470868595230362,-0.0037085821747510025,0.0014477369088517812,0.008678882722029263,-0.001138501102104783,0.002318438608199358,-0.0006757706869393587,-0.01142680944444006,0.0017039662031946795,0.003404629593671116,0.022300906996911805,-0.015432737695764868,-0.11758509218104145,1.0,0.9999920752379079,0.0,roll,0.0,0.0,0.0,0.0,0,2.5200002193450928,settle_a,1.2,0.01678914000513032,1,-0.010085377205268987,0.03514507671470148,0.014907559319034003,0.023182879433903434,-0.0061533933629074325,0.04713438263155299,0.01260261780461605,0.04747552844103729
7.640000104904175,direct_px4_equiv,1,1,14,0,0,1,0,1,0.005707825534045696,0.07382701337337494,1.5047102570533752,-0.0058140563778579235,0.012197871692478657,0.002497241599485278,-0.21372605259699548,-0.08821854473291892,-6.423575752920874,-0.08822170524269703,-0.0067696948535740376,0.0009479137370362878,1.5,0.0,0.0,0.0,0.0,0.0,0.0,0.0,0.0,-5.937107500558976,0.129167141232929,-1.8241615924278944,44.082916689574354,0.02329835236209414,0.018190779003333934,0.12185799195991766,19.112361104430363,18.971322618104097,6.044962554284354,0.016,0.016,fixed_switch,0.32637307047843933,0.32637307047843933,0.3276214897632599,0.3276214897632599,0.6878297328948975,0.004073294345289469,-0.0019475821172818542,0.015309227630496025,0.01519616786390543,0.32640135288238525,0.32640135288238525,0.3276090621948242,0.3276090621948242,0.6877754330635071,0.003932176623493433,-0.0018382967682555318,0.015294510871171951,0.01518523134291172,6.03600001335144,0.0,0.003999948501586914,0,0,-0.0014229854568839073,0.0030492041260004044,0.0004881386994384229,3,-0.6887057802962303,,4.0,3.5,8.0,3.8,3.2,4.0,0.15,0.12,3.0,0.5387695893875866,-0.003736722308812888,0.0015238519044232985,0.008493305724492773,-0.0014229854568839073,0.0030492041260004044,0.0004881386994384229,-0.011516284886404752,0.0017398816879177759,0.0036102744580532773,0.02329835236209414,-0.018190779003333934,-0.12185799195991766,1.0,0.9999918573909612,0.0,roll,0.0,0.0,0.0,0.0,0,2.5440001487731934,settle_a,1.2,0.0006267720018513501,1,-0.009758165109155259,0.03513380323104378,0.014943836075858275,0.023298048565744328,-0.0062884682933956855,0.04774016882943048,0.013152093179388173,0.04809535642143981
7.664000034332275,direct_px4_equiv,1,1,14,0,0,1,0,1,0.0052434890531003475,0.07463562488555908,1.5048442482948303,-0.005595280323177576,0.014629755169153214,0.002286759903654456,-0.21490007347976367,-0.09147506153757909,-6.415426726365472,-0.09147824182146011,-0.0067696948535740376,0.0009479137370362878,1.5,0.0,0.0,0.0,0.0,0.0,0.0,0.0,0.0,-5.937107500558976,0.14181760773789254,-1.88158381331988,44.08006121687899,0.01987790873290504,0.013750643412609726,0.12590686468746637,19.111250447935745,18.978483650905154,6.039012613895313,0.012,0.012,fixed_switch,0.3264365792274475,0.3264365792274475,0.32761168479919434,0.32761168479919434,0.6874911189079285,0.004275654908269644,-0.001944745541550219,0.015785567462444305,0.01567581668496132,0.3264153301715851,0.3264153301715851,0.327625036239624,0.327625036239624,0.6876276731491089,0.0040840585716068745,-0.001872198423370719,0.015498386695981026,0.015387472696602345,6.059999942779541,0.0,0.003999948501586914,0,0,-0.00024751367163844407,0.0015633066650480032,0.0015108241932466626,3,-0.6887057802962303,,4.0,3.5,8.0,3.8,3.2,4.0,0.15,0.12,3.0,0.5324499442585401,-0.0037573418298764852,0.0015808683187405702,0.008351200588680604,-0.00024751367163844407,0.0015633066650480032,0.0015108241932466626,-0.011606300885297172,0.0017772182171384994,0.0038119682337879983,0.01987790873290504,-0.013750643412609726,-0.12590686468746637,1.0,0.9999916916187077,0.0,roll,0.0,0.0,0.0,0.0,0,2.568000078201294,settle_a,1.2,0.0045637330040335655,1,-0.00922747673431294,0.03119672502311335,0.015100038349053404,0.0193084308400978,-0.006279309369276133,0.04924702838700761,0.013805487070230216,0.04959182499865838
7.687999963760376,direct_px4_equiv,1,1,14,0,0,1,0,1,0.005070582497864962,0.0750090554356575,1.504895269870758,-0.005471744108945131,0.015595560893416405,0.001795728225260973,-0.21738985686621706,-0.09340308504337877,-6.410405572517183,-0.0934062549378285,-0.0067696948535740376,0.0009479137370362878,1.5,0.0,0.0,0.0,0.0,0.0,0.0,0.0,0.0,-5.937107500558976,0.14667245301492882,-1.9077189653018674,44.085301268251435,0.0244678873855254,0.012926495996350837,0.12991158473288758,19.122134811262043,18.97454919078768,6.038738453903701,0.016,0.016,fixed_switch,0.3264016807079315,0.3264016807079315,0.32770782709121704,0.32770782709121704,0.6874755024909973,0.004415540490299463,-0.002002736320719123,0.01600833423435688,0.015884678810834885,0.32643288373947144,0.32643288373947144,0.32761073112487793,0.32761073112487793,0.6874917149543762,0.0042695170268416405,-0.0019315971294417977,0.01579565368592739,0.01568557508289814,6.083999872207642,0.0,0.003999948501586914,0,0,-0.0017040171660482883,0.001247683772817254,0.002396664582192898,3,-0.6887057802962303,,4.0,3.5,8.0,3.8,3.2,4.0,0.15,0.12,3.0,0.5293024471011649,-0.003800865509483531,0.0016145034821158648,0.008263663740633479,-0.0017040171660482883,0.001247683772817254,0.002396664582192898,-0.011697129079889151,0.0018156251823861684,0.0040111102939824495,0.0244678873855254,-0.012926495996350837,-0.12991158473288758,1.0,0.9999914733994086,0.0,roll,0.0,0.0,0.0,0.0,0,2.5920000076293945,settle_a,1.2,0.008710555994184688,1,-0.009278263095781038,0.03511790047707322,0.015021645797510775,0.023247962309439648,-0.0064665534383218,0.04990318868645943,0.014257158351311897,0.05029166614290805
7.708000183105469,direct_px4_equiv,1,1,14,0,0,1,0,1,0.004822700750082731,0.07561773806810379,1.5049806237220764,-0.00529234716668725,0.017103727906942368,0.0015418059192597866,-0.21968008201822403,-0.09514742033520464,-6.4086759274131095,-0.09515064117704072,-0.0067696948535740376,0.0009479137370362878,1.5,0.0,0.0,0.0,0.0,0.0,0.0,0.0,0.0,-5.937107500558976,0.15336332240287603,-1.9468648871123655,44.085230573007735,0.024977354302988766,0.010294198426047731,0.1422174673551835,19.126389296671018,18.975950381438444,6.035418896987123,0.016,0.016,fixed_switch,0.3264141082763672,0.3264141082763672,0.3277454078197479,0.3277454078197479,0.6872865557670593,0.004774869419634342,-0.00225046556442976,0.016335900872945786,0.016207298263907433,0.3263998031616211,0.3263998031616211,0.32770752906799316,0.32770752906799316,0.6874750256538391,0.00441362801939249,-0.001998347230255604,0.016013924032449722,0.015890074893832207,6.104000091552734,0.0,0.004000186920166016,0,0,-0.0018063720781356096,0.0003727487928699702,0.004553238395601511,3,-0.6887057802962303,,4.0,3.5,8.0,3.8,3.2,4.0,0.15,0.12,3.0,0.5290188453712993,-0.0038409382582593565,0.0016448402260376116,0.008233565773998343,-0.0018063720781356096,0.0003727487928699702,0.004553238395601511,-0.011773645703965703,0.0018481870982452572,0.004175971863657242,0.024977354302988766,-0.010294198426047731,-0.1422174673551835,1.0,0.9999912708468428,0.0,roll,0.0,0.0,0.0,0.0,0,2.6120002269744873,settle_a,1.2,0.008487789003993385,1,-0.009190021895412568,0.03118420523462386,0.015129549539577592,0.019405568863528996,-0.007266436177494163,0.05091672880804736,0.015417379935559847,0.05132074350694509
7.732000112533569,direct_px4_equiv,1,1,14,0,0,1,0,1,0.004657723940908909,0.0760563313961029,1.5050652623176575,-0.005155674181878567,0.018092472106218338,0.001188192400150001,-0.22184937420384757,-0.09836210281088914,-6.409689916752405,-0.09836544254703099,-0.0067696948535740376,0.0009479137370362878,1.5,0.0,0.0,0.0,0.0,0.0,0.0,0.0,0.0,-5.937107500558976,0.15925444626478827,-1.9743393062267451,44.08672844174602,0.02530445910663174,0.009710834036895703,0.15082246122591583,19.129179480206343,18.976852337394497,6.034964406009974,0.02,0.02,fixed_switch,0.3264220952987671,0.3264220952987671,0.32777005434036255,0.32777005434036255,0.687260627746582,0.005036060698330402,-0.002413839567452669,0.016565853729844093,0.016433820128440857,0.3264124393463135,0.3264124393463135,0.3277449309825897,0.3277449309825897,0.6872856616973877,0.004775602836161852,-0.002249101409688592,0.016340501606464386,0.016211749985814095,6.128000020980835,0.0,0.003999948501586914,0,0,-0.001851042965427041,9.40402242122218e-05,0.00596871692687273,3,-0.6887057802962303,,4.0,3.5,8.0,3.8,3.2,4.0,0.15,0.12,3.0,0.5314187492163556,-0.003879044830568179,0.001700756373634938,0.008251398360002193,-0.001851042965427041,9.40402242122218e-05,0.00596871692687273,-0.011866482372449359,0.0018879323741342684,0.004373742894524688,0.02530445910663174,-0.009710834036895703,-0.15082246122591583,1.0,0.999991030219225,0.0,roll,0.0,0.0,0.0,0.0,0,2.636000156402588,settle_a,1.2,0.011705315002473071,1,-0.009224708212788058,0.03510262206063099,0.015004541935889537,0.023314348782697406,-0.007793947577974833,0.05162836904611129,0.01626073036691033,0.05204316288752377
7.75600004196167,direct_px4_equiv,1,1,14,0,0,1,0,1,0.004413010086864233,0.07675401121377945,1.5051761269569397,-0.005067405290901661,0.019455604255199432,0.0007132068276405334,-0.22364319533601063,-0.10030708881161947,-6.412835948201225,-0.10031052905157778,-0.0067696948535740376,0.0009479137370362878,1.5,0.0,0.0,0.0,0.0,0.0,0.0,0.0,0.0,-5.937107500558976,0.16742019043187673,-2.0123138601237405,44.08940021410976,0.02406103005816824,0.011894640595245354,0.16158968709985627,19.128798480800835,18.978990981833793,6.0383070553347,0.012,0.012,fixed_switch,0.32644107937812805,0.32644107937812805,0.32776668667793274,0.32776668667793274,0.6874509453773499,0.005369117017835379,-0.00261232303455472,0.016882874071598053,0.016750533133745193,0.32641392946243286,0.32641392946243286,0.3276366889476776,0.3276366889476776,0.6884971261024475,0.005229724571108818,-0.0024819050449877977,0.016874197870492935,0.016752121970057487,6.1519999504089355,0.0,0.003999948501586914,0,0,-0.001382811926305294,0.000718141789548099,0.007662497460842133,3,-0.6887057802962303,,4.0,3.5,8.0,3.8,3.2,4.0,0.15,0.12,3.0,0.5353328249623474,-0.003910540019493072,0.0017344658296846482,0.008306401499625134,-0.001382811926305294,0.000718141789548099,0.007662497460842133,-0.011960007772359378,0.0019293648496701093,0.004572413331476028,0.02406103005816824,-0.011894640595245354,-0.16158968709985627,1.0,0.9999908496523934,0.0,roll,0.0,0.0,0.0,0.0,0,2.6600000858306885,settle_a,1.2,0.016501131998666096,1,-0.00848462980319026,0.031142248275746874,0.016700002814615613,0.019322189316928324,-0.008434822869172732,0.05262335002128488,0.017336121687168513,0.053039112064751474
7.7799999713897705,direct_px4_equiv,1,1,14,0,0,1,0,1,0.004026249051094055,0.07806150615215302,1.505310833454132,-0.004511756356805563,0.02189585380256176,0.00020308990497142076,-0.22503584829984158,-0.09863443032603143,-6.418160048610839,-0.0986379113075076,-0.0067696948535740376,0.0009479137370362878,1.5,0.0,0.0,0.0,0.0,0.0,0.0,0.0,0.0,-5.937107500558976,0.17170283572700903,-2.0797007767159044,44.091719145232275,0.02377473384664349,0.0022925388532707178,0.16737483500250191,19.13874669339073,18.98730311939987,6.026209604638636,0.016,0.016,fixed_switch,0.32651475071907043,0.32651475071907043,0.3278545141220093,0.3278545141220093,0.6867619752883911,0.005545471329241991,-0.002718562027439475,0.017441146075725555,0.017302999272942543,0.32647964358329773,0.32647964358329773,0.32775917649269104,0.32775917649269104,0.6871899366378784,0.005523309111595154,-0.0027133175171911716,0.017097465693950653,0.01696808636188507,6.175999879837036,0.0,0.003999948501586914,0,0,-0.0012476081028580666,-0.0022322414442896843,0.008421872742474079,3,-0.6887057802962303,,4.0,3.5,8.0,3.8,3.2,4.0,0.15,0.12,3.0,0.540340001511191,-0.003934804608090667,0.0017049888899486406,0.00839928552032623,-0.0012476081028580666,-0.0022322414442896843,0.008421872742474079,-0.012054128956892098,0.0019707187257168484,0.004772995588052791,0.02377473384664349,-0.0022925388532707178,-0.16737483500250191,1.0,0.9999908051626462,0.0,roll,0.0,0.0,0.0,0.0,0,2.684000015258789,settle_a,1.2,0.000945466999837663,1,-0.00857815040213864,0.03113540180573462,0.01816123648106707,0.019426117685585748,-0.008777853636485141,0.05435897607668295,0.01790554535191352,0.05479297838193139
7.800000190734863,direct_px4_equiv,1,1,14,0,0,1,0,1,0.0038374648429453373,0.07892924547195435,1.5053699612617493,-0.0040613883174955845,0.022869925945997238,-0.00020008269348181784,-0.24146691729864225,-0.09601617624976472,-6.424088962983536,-0.09601963228462189,-0.0067696948535740376,0.0009479137370362878,1.5,0.0,0.0,0.0,0.0,0.0,0.0,0.0,0.0,-5.937107500558976,0.17001373109065934,-2.12586682925702,44.09467831450124,0.09923349153931528,0.004155708502071913,0.17177190286209099,19.25522146817582,18.8737266362508,6.02900794542117,0.016,0.016,fixed_switch,0.3255064785480499,0.3255064785480499,0.32888132333755493,0.32888132333755493,0.6869214177131653,0.005674960557371378,-0.002823176560923457,0.017936114221811295,0.017580389976501465,0.3265138566493988,0.3265138566493988,0.3278539478778839,0.3278539478778839,0.6867564916610718,0.005550270434468985,-0.0027278861962258816,0.017443645745515823,0.017305441200733185,6.196000099182129,0.0,0.004000186920166016,0,0,-0.025921601802110672,-0.0015637570759281516,0.008919910527765751,3,-0.6887057802962303,,4.0,3.5,8.0,3.8,3.2,4.0,0.15,0.12,3.0,0.5521530524996244,-0.004221471184060246,0.001657869534992696,0.008502914531277049,-0.025921601802110672,-0.0015637570759281516,0.008919910527765751,-0.012136772967835888,0.0020043715594038614,0.004942208499118035,0.09923349153931528,-0.004155708502071913,-0.17177190286209099,1.0,0.9999897153247874,0.0,roll,0.0,0.0,0.0,0.0,0,2.704000234603882,settle_a,1.2,0.0012291680031921715,1,-0.008672990969836597,0.04395193086295215,0.018413091110365508,0.02407895103893742,-0.00911563969083539,0.05523042173369034,0.01832364840109805,0.05634796609129563
7.824000120162964,direct_px4_equiv,1,1,14,0,0,1,0,1,0.0037137609906494617,0.07956920564174652,1.505406677722931,-0.0038464965764433146,0.022851157933473587,7.737993291812018e-05,-0.23946085424574617,-0.08889482765003166,-6.4331976634099695,-0.08889816305689044,-0.0067696948535740376,0.0009479137370362878,1.5,0.0,0.0,0.0,0.0,0.0,0.0,0.0,0.0,-5.937107500558976,0.16494967745317496,-2.136803983950565,44.08666066771976,0.006030112036937801,-0.011717634322505102,0.18536497540150562,19.121864010987483,19.0220158746899,6.007186061892018,0.012,0.012,fixed_switch,0.32682231068611145,0.32682231068611145,0.327705442905426,0.327705442905426,0.6856771111488342,0.005925285164266825,-0.0032181621063500643,0.017887797206640244,0.017794296145439148,0.32612088322639465,0.32612088322639465,0.32832860946655273,0.32832860946655273,0.6865158081054688,0.005728271324187517,-0.0029428587295114994,0.017889412119984627,0.017656531184911728,6.2200000286102295,0.0,0.003999948501586914,0,0,0.00508456164970994,-0.0063178264535963535,0.010848031379282475,3,-0.6887057802962303,,4.0,3.5,8.0,3.8,3.2,4.0,0.15,0.12,3.0,0.5581515747719936,-0.004186053906670534,0.0015333960176688404,0.008661601033722807,0.00508456164970994,-0.0063178264535963535,0.010848031379282475,-0.012238413515430166,0.002042516903035751,0.00514831751175004,0.006030112036937801,0.011717634322505102,-0.18536497540150562,1.0,0.9999900628252056,0.0,roll,0.0,0.0,0.0,0.0,0,2.7280001640319824,settle_a,1.2,0.004602995999448467,1,-0.008672990969736527,0.05101692288371526,0.018604090281846085,0.0208747122739209,-0.010390992370436185,0.05590243023558574,0.01913191128579711,0.05619617519258276
7.8480000495910645,direct_px4_equiv,1,1,14,0,0,1,0,1,0.0035951868630945683,0.08019491285085678,1.5054264664649963,-0.0035582545679062605,0.02272654138505459,-0.001302751712501049,-0.23172154906402567,-0.07267356576072212,-6.4463994069671475,-0.07267643981086543,-0.0067696948535740376,0.0009479137370362878,1.5,0.0,0.0,0.0,0.0,0.0,0.0,0.0,0.0,-5.937107500558976,0.15170982750056486,-2.1415334837315667,44.10932679017181,-0.0008536795739163658,-0.02640473923828516,0.20390526772892775,19.13148312880704,19.05230168251161,5.990958129372252,0.016,0.016,fixed_switch,0.32709044218063354,0.32709044218063354,0.32779037952423096,0.32779037952423096,0.6847503781318665,0.006265528034418821,-0.0037793973460793495,0.017898904159665108,0.017824746668338776,0.3268289566040039,0.3268289566040039,0.32770660519599915,0.32770660519599915,0.6855959892272949,0.005888733547180891,-0.003303023288026452,0.017874760553240776,0.017781903967261314,6.24399995803833,0.0,0.003999948501586914,0,0,0.007148472126573324,-0.010422485880553722,0.013445456512272358,3,-0.6887057802962303,,4.0,3.5,8.0,3.8,3.2,4.0,0.15,0.12,3.0,0.5643613540849401,-0.004049897592326098,0.001250403372289698,0.008891334169992028,0.007148472126573324,-0.010422485880553722,0.013445456512272358,-0.012336923273589323,0.0020743660875989526,0.005359374945482532,-0.0008536795739163658,0.02640473923828516,-0.20390526772892775,1.0,0.9999910174097593,0.0,roll,0.0,0.0,0.0,0.0,0,2.752000093460083,settle_a,1.2,0.008531982006388716,1,-0.01017060328459216,0.04788733200707743,0.01903928158527293,0.024827390608986876,-0.012203141629527705,0.05599809253731854,0.020230508028295353,0.05623106593750852
7.871999979019165,direct_px4_equiv,1,1,14,0,0,1,0,1,0.003444311674684286,0.08120913803577423,1.505463421344757,-0.0034389763604849577,0.022430630400776863,0.0008867644937708974,-0.22382990087967464,-0.06931545131809427,-6.461820618925902,-0.06931835103841485,-0.0067696948535740376,0.0009479137370362878,1.5,0.0,0.0,0.0,0.0,0.0,0.0,0.0,0.0,-5.937107500558976,0.1517541627078826,-2.1496057796975148,44.06706352655096,0.0010187757379228682,-0.006591833721906382,0.21259122000402986,19.103787993137452,19.018736684310493,6.010952718701101,0.02,0.02,fixed_switch,0.32679328322410583,0.32679328322410583,0.32754573225975037,0.32754573225975037,0.6858920454978943,0.006491758394986391,-0.003998290281742811,0.017998185008764267,0.017917972058057785,0.3270919620990753,0.3270919620990753,0.3277878165245056,0.3277878165245056,0.684742271900177,0.0062759495340287685,-0.0037986470852047205,0.0178900808095932,0.017816394567489624,6.267999887466431,0.0,0.003999948501586914,0,0,0.006300927605479956,-0.004130482207983732,0.014277759939432144,3,-0.6887057802962303,,4.0,3.5,8.0,3.8,3.2,4.0,0.15,0.12,3.0,0.5747782568633399,-0.003912063935826111,0.0011918797904830966,0.00916028410610186,0.006300927605479956,-0.004130482207983732,0.014277759939432144,-0.012432097102401205,0.002103382497979677,0.0055764964269818355,0.0010187757379228682,0.006591833721906382,-0.21259122000402986,1.0,0.9999916375895861,0.0,roll,0.0,0.0,0.0,0.0,0,2.7760000228881836,settle_a,1.2,0.012672753997321706,1,-0.010867916254936964,0.05180941341268166,0.019137674719193386,0.021045219496333915,-0.012909916439049799,0.056290967876908564,0.020960973245939624,0.056542967674336454
7.896000146865845,direct_px4_equiv,1,1,14,0,0,1,0,1,0.003323917742818594,0.08223535120487213,1.5055058598518372,-0.003228129120543599,0.022157961502671242,0.0022815014235675335,-0.22059228336727071,-0.07189826530172297,-6.479019891414369,-0.07190148061137731,-0.0067696948535740376,0.0009479137370362878,1.5,0.0,0.0,0.0,0.0,0.0,0.0,0.0,0.0,-5.937107500558976,0.1547424835267094,-2.1621464027966852,44.0387040084497,0.014576490810799505,0.014280677650672549,0.22239022705272443,19.099276027004944,18.97289860557504,6.034273408093288,0.012,0.012,fixed_switch,0.32638704776763916,0.32638704776763916,0.32750585675239563,0.32750585675239563,0.6872212886810303,0.006774860434234142,-0.004216203466057777,0.01814708299934864,0.01802687719464302,0.32654258608818054,0.32654258608818054,0.3274417817592621,0.3274417817592621,0.6866651177406311,0.006611782591789961,-0.004087798297405243,0.018131086602807045,0.01803450845181942,6.29200005531311,0.0,0.004000186920166016,0,0,0.0016953401500359178,0.0023165964521467686,0.01522483117878437,3,-0.6887057802962303,,4.0,3.5,8.0,3.8,3.2,4.0,0.15,0.12,3.0,0.5896177088206991,-0.003855949678272274,0.001236637869087903,0.00946051788383646,0.0016953401500359178,0.0023165964521467686,0.01522483117878437,-0.012525041177169986,0.0021325057799789957,0.005800464437347633,0.014576490810799505,-0.014280677650672549,-0.22239022705272443,1.0,0.9999918011894726,0.0,roll,0.0,0.0,0.0,0.0,0,2.8000001907348633,settle_a,1.2,0.01673578999907477,1,-0.011309689891869777,0.048081933270343734,0.01920013629893116,0.02500987302052677,-0.013613527438782176,0.05663310511920486,0.021875069217676926,0.05701074294699233
7.920000076293945,direct_px4_equiv,1,1,14,0,0,1,0,1,0.0031460770405828953,0.08395133167505264,1.5055554509162903,-0.0027881653513759375,0.021773114800453186,0.0020232347305864096,-0.21885395926152607,-0.07460324920754152,-6.4973830521652465,-0.07460681724432205,-0.0067696948535740376,0.0009479137370362878,1.5,0.0,0.0,0.0,0.0,0.0,0.0,0.0,0.0,-5.937107500558976,0.1567224068557381,-2.1866696638889813,44.03973191907009,0.014189078909284124,0.011397457222951941,0.22632380445683187,19.102236117517727,18.97615532118769,6.030697919394584,0.016,0.016,fixed_switch,0.32641592621803284,0.32641592621803284,0.327532023191452,0.327532023191452,0.6870176792144775,0.006887590046972036,-0.004296422004699707,0.018349982798099518,0.01822873391211033,0.3263864517211914,0.3263864517211914,0.32749465107917786,0.32749465107917786,0.6871339678764343,0.006918164435774088,-0.004362605512142181,0.018229173496365547,0.018109560012817383,6.315999984741211,0.0,0.003999948501586914,0,0,0.0017745493678376079,0.001334944274276495,0.015130134299397469,3,-0.6887057802962303,,4.0,3.5,8.0,3.8,3.2,4.0,0.15,0.12,3.0,0.6062428763154631,-0.0038260395859196126,0.001283378592990017,0.009781077943896073,0.0017745493678376079,0.001334944274276495,0.015130134299397469,-0.01261712478106212,0.0021627956955118633,0.006032067137432293,0.014189078909284124,-0.011397457222951941,-0.22632380445683187,1.0,0.9999918571799797,0.0,roll,0.0,0.0,0.0,0.0,0,2.824000120162964,settle_a,1.2,0.0009072059983736835,1,-0.011853553140363047,0.048100051356042145,0.019312998823788584,0.025714771096222798,-0.013872540905609174,0.05726725706875564,0.02223905861029091,0.05764817110567177
7.944000005722046,direct_px4_equiv,1,1,14,0,0,1,0,1,0.0030692368745803833,0.08461982011795044,1.5055626034736633,-0.0026844816748052835,0.02158799208700657,0.001869112835265696,-0.2145051561739152,-0.08384237623251006,-6.516282496289124,-0.08384666193008551,-0.0067696948535740376,0.0009479137370362878,1.5,0.0,0.0,0.0,0.0,0.0,0.0,0.0,0.0,-5.937107500558976,0.16524268680658155,-2.1934907445863474,44.0405481520328,0.007234953718536309,0.030798170336651304,0.23795072616128654,19.079925159118332,18.97492247802188,6.0561819001672035,0.012,0.012,fixed_switch,0.32640498876571655,0.32640498876571655,0.32733479142189026,0.32733479142189026,0.6884677410125732,0.007245871238410473,-0.0045186905190348625,0.018408484756946564,0.018307065591216087,0.3263828456401825,0.3263828456401825,0.3275398015975952,0.3275398015975952,0.6871445178985596,0.007016800343990326,-0.0043837642297148705,0.018350275233387947,0.018224595114588737,6.3399999141693115,0.0,0.003999948501586914,0,0,0.003975071478635073,0.007119677495211363,0.016316156834363937,3,-0.6887057802962303,,4.0,3.5,8.0,3.8,3.2,4.0,0.15,0.12,3.0,0.6234317469363554,-0.00375116631133479,0.0014443820028610813,0.010111188165202373,0.003975071478635073,0.007119677495211363,0.016316156834363937,-0.012708094725757684,0.002195360625113242,0.006271349046309011,0.007234953718536309,-0.030798170336651304,-0.23795072616128654,1.0,0.9999919212567548,0.0,roll,0.0,0.0,0.0,0.0,0,2.8480000495910645,settle_a,1.2,0.004518176996498369,1,-0.01199175299210378,0.051841422269269154,0.020942046182878895,0.021873488187206615,-0.014590214674808545,0.057513340824093886,0.02339589790807294,0.05783196020197727
7.968000173568726,direct_px4_equiv,1,1,14,0,0,1,0,1,0.002987894229590893,0.08526955544948578,1.5055349469184875,-0.00254351319745183,0.02132672443985939,0.0016162580577656627,-0.21148269960079805,-0.0897403980925805,-6.535386361022859,-0.08974528544348934,-0.0067696948535740376,0.0009479137370362878,1.5,0.0,0.0,0.0,0.0,0.0,0.0,0.0,0.0,-5.937107500558976,0.17056668864550925,-2.199779958586837,44.04436276962676,0.012151421639095775,0.02157161598904526,0.24028746886382527,19.095266170601853,18.975278179423412,6.044794634268201,0.016,0.016,fixed_switch,0.32640814781188965,0.32640814781188965,0.32747042179107666,0.32747042179107666,0.6878201365470886,0.007347238715738058,-0.004529364872723818,0.01846097782254219,0.018344847485423088,0.3264029622077942,0.3264029622077942,0.3273301124572754,0.3273301124572754,0.688482940196991,0.0073011391796171665,-0.004538876004517078,0.01840660721063614,0.01830548606812954,6.364000082015991,0.0,0.004000186920166016,0,0,0.0022471060510724783,0.004060450475662947,0.015920238569378853,3,-0.6887057802962303,,4.0,3.5,8.0,3.8,3.2,4.0,0.15,0.12,3.0,0.6410253786454686,-0.0036991930352383204,0.001546970484695067,0.010444757951635533,0.0022471060510724783,0.004060450475662947,0.015920238569378853,-0.01279745066918647,0.002231540812517474,0.006518665928908044,0.012151421639095775,-0.02157161598904526,-0.24028746886382527,1.0,0.9999919614268279,0.0,roll,0.0,0.0,0.0,0.0,0,2.872000217437744,settle_a,1.2,0.008857911001541652,1,-0.012527370540641554,0.04806497141584589,0.021468009605907022,0.025690702076059682,-0.014624680454164698,0.057632037039397496,0.02372319814528365,0.0579968744664147
7.992000102996826,direct_px4_equiv,1,1,14,0,0,1,0,1,0.0028750996571034193,0.08617700636386871,1.5054755806922913,-0.0022830404341220856,0.02103164792060852,0.0012844974407926202,-0.2089545340852016,-0.09403381116830394,-6.553347895786165,-0.09403924798671545,-0.0067696948535740376,0.0009479137370362878,1.5,0.0,0.0,0.0,0.0,0.0,0.0,0.0,0.0,-5.937107500558976,0.17387546635490403,-2.2106460042780838,44.05072538357821,0.014467583101499204,0.02050858692046806,0.2388762746186278,19.102645694140957,18.97526981901279,6.04433697432873,0.02,0.02,fixed_switch,0.3264080882072449,0.3264080882072449,0.32753562927246094,0.32753562927246094,0.6877941489219666,0.007339452859014273,-0.004466086160391569,0.018552279099822044,0.018428435549139977,0.32642892003059387,0.32642892003059387,0.32747581601142883,0.32747581601142883,0.6876421570777893,0.007405013311654329,-0.004573221784085035,0.01845821551978588,0.01834378018975258,6.388000011444092,0.0,0.003999948501586914,0,0,0.0014027496799826622,0.0036000667605549097,0.014936167746782303,3,-0.6887057802962303,,4.0,3.5,8.0,3.8,3.2,4.0,0.15,0.12,3.0,0.6576225611387991,-0.003655714282107153,0.0016215608406571732,0.010758343779096785,0.0014027496799826622,0.0036000667605549097,0.014936167746782303,-0.012885700538187144,0.0022698588450705552,0.0067738053071324435,0.014467583101499204,-0.02050858692046806,-0.2388762746186278,1.0,0.9999920031461635,0.0,roll,0.0,0.0,0.0,0.0,0,2.8960001468658447,settle_a,1.2,0.012458081997465342,1,-0.012606209678546428,0.051854542425062954,0.02230390345499014,0.02214998423280252,-0.014420362312166018,0.057894635622944716,0.0236980586833833,0.058283705900111414
8.016000032424927,direct_px4_equiv,1,1,14,0,0,1,0,1,0.0028058968018740416,0.0867510437965393,1.5054333806037903,-0.0019809494260698557,0.020840924233198166,0.0008834207546897233,-0.2048606632549924,-0.09505280474259126,-6.5685833204597746,-0.09505857441648187,-0.0067696948535740376,0.0009479137370362878,1.5,0.0,0.0,0.0,0.0,0.0,0.0,0.0,0.0,-5.937107500558976,0.17282125199836065,-2.2162878541594444,44.057827697166864,0.010572027107016152,0.008609360011816627,0.229763396661534,19.10763441771761,18.991671239636194,6.029815272419136,0.012,0.012,fixed_switch,0.32655346393585205,0.32655346393585205,0.32757970690727234,0.32757970690727234,0.6869673728942871,0.00709893275052309,-0.004249315708875656,0.018583599478006363,0.01847068965435028,0.3265480697154999,0.3265480697154999,0.3275440037250519,0.3275440037250519,0.6872808933258057,0.007088882382959127,-0.0042509655468165874,0.01859060302376747,0.018480967730283737,6.411999940872192,0.0,0.003999948501586914,0,0,0.002579885069280863,-0.00014951970661059022,0.01275994535535574,3,-0.6887057802962303,,4.0,3.5,8.0,3.8,3.2,4.0,0.15,0.12,3.0,0.6708043729753547,-0.0035845775865378736,0.0016392531305768818,0.011024217827007804,0.002579885069280863,-0.00014951970661059022,0.01275994535535574,-0.012972455513020304,0.002309032801436414,0.007035750228879169,0.010572027107016152,-0.008609360011816627,-0.229763396661534,1.0,0.9999922318269225,0.0,roll,0.0,0.0,0.0,0.0,0,2.9200000762939453,settle_a,1.2,0.016693370998837054,1,-0.012689303535820382,0.04807374536019829,0.022778921839053078,0.025995945054763884,-0.013720442463626668,0.0580273849408042,0.022921453467992965,0.058382102134950285
8.039999961853027,direct_px4_equiv,1,1,14,0,0,1,0,1,0.0027392092160880566,0.087556391954422,1.5053511261940002,-0.0015362288104370236,0.020452948287129402,0.0002761253563221544,-0.2044739250273307,-0.08510612935517534,-6.581341193219624,-0.08511151032992546,-0.0067696948535740376,0.0009479137370362878,1.5,0.0,0.0,0.0,0.0,0.0,0.0,0.0,0.0,-5.937107500558976,0.1612689541572856,-2.2258430451009645,44.07000143550011,0.01741095194452067,-0.011329389315570258,0.22098751372083794,19.136626772539095,18.999275853534716,6.005354041373193,0.016,0.016,fixed_switch,0.326620876789093,0.326620876789093,0.3278357982635498,0.3278357982635498,0.6855725646018982,0.006784664932638407,-0.004120986443012953,0.018656333908438683,0.01852227747440338,0.32661566138267517,0.32661566138267517,0.3275878429412842,0.3275878429412842,0.687285840511322,0.006953646428883076,-0.004173734225332737,0.018642375245690346,0.01853506825864315,6.435999870300293,0.0,0.003999948501586914,0,0,0.0002843256515916437,-0.00608098367229104,0.010744012892246246,3,-0.6887057802962303,,4.0,3.5,8.0,3.8,3.2,4.0,0.15,0.12,3.0,0.6813845044206153,-0.003577034713666963,0.0014652927201017798,0.01124656942966235,0.0002843256515916437,-0.00608098367229104,0.010744012892246246,-0.01305812544516491,0.0023467215828401754,0.007303483045513454,0.01741095194452067,0.011329389315570258,-0.22098751372083794,1.0,0.9999925288695771,0.0,roll,0.0,0.0,0.0,0.0,0,2.944000005722046,settle_a,1.2,0.0006357489983201958,1,-0.013006152687117951,0.04806986912454672,0.02131421106716516,0.02608078444677723,-0.013306084080087004,0.058189452351606136,0.021906727417565677,0.05861060030504686
8.06000018119812,direct_px4_equiv,1,1,14,0,0,1,0,1,0.002701227553188801,0.08807436376810074,1.505298674106598,-0.0010575309861451387,0.020218387246131897,-0.0009394226945005357,-0.2015433095955152,-0.08203397503332091,-6.590383847550834,-0.08203929664689727,-0.0067696948535740376,0.0009479137370362878,1.5,0.0,0.0,0.0,0.0,0.0,0.0,0.0,0.0,-5.937107500558976,0.15365367315369066,-2.2308326878815103,44.092443494071105,0.011038568637584985,0.0023752993108363844,0.20939599419210062,19.12789546850913,19.009346079560004,6.026111006423017,0.016,0.016,fixed_switch,0.3267101049423218,0.3267101049423218,0.32775869965553284,0.32775869965553284,0.6867563724517822,0.006432253401726484,-0.003899790346622467,0.01868828572332859,0.018572330474853516,0.32677799463272095,0.32677799463272095,0.328239381313324,0.328239381313324,0.6832939386367798,0.006690831854939461,-0.004124435596168041,0.018689481541514397,0.018528200685977936,6.456000089645386,0.0,0.004000186920166016,0,0,0.002326978836208582,-0.0017068135784938931,0.008404442109167576,3,-0.6887057802962303,,4.0,3.5,8.0,3.8,3.2,4.0,0.15,0.12,3.0,0.6886997713776719,-0.003525696542777205,0.001411684100832981,0.011404260655089113,0.002326978836208582,-0.0017068135784938931,0.008404442109167576,-0.01312913939093097,0.0023753335051620098,0.007530261980757217,0.011038568637584985,-0.0023752993108363844,-0.20939599419210062,1.0,0.9999927883055332,0.0,roll,0.0,0.0,0.0,0.0,0,2.9640002250671387,settle_a,1.2,0.00038081199454609305,1,-0.013079045967955057,0.05182225911651919,0.021314211067269072,0.022301523432838904,-0.012591873312454786,0.0583466943712293,0.020768840117574523,0.0587109835317624
8.08400011062622,direct_px4_equiv,1,1,14,0,0,1,0,1,0.002652740338817239,0.08958301693201065,1.5051596760749817,-0.0006329512107186019,0.019196288660168648,0.00027938414132222533,-0.19673025954202492,-0.0819281336732676,-6.600810211187821,-0.08193363144306433,-0.0067696948535740376,0.0009479137370362878,1.5,0.0,0.0,0.0,0.0,0.0,0.0,0.0,0.0,-5.937107500558976,0.14976329205646116,-2.2387073069524073,44.07397216875208,0.00797137026116816,0.0072575032790863185,0.21468848568739549,19.112673142615463,19.00309341753814,6.029871916508177,0.012,0.012,fixed_switch,0.32665470242500305,0.32665470242500305,0.32762423157691956,0.32762423157691956,0.6869706511497498,0.0065336381085217,-0.0040647066198289394,0.01876050792634487,0.01865282468497753,0.32671865820884705,0.32671865820884705,0.32767218351364136,0.32767218351364136,0.6865425109863281,0.006555689033120871,-0.0040597072802484035,0.01870463415980339,0.01859905570745468,6.480000019073486,0.0,0.003999948501586914,0,0,0.00321125122718513,-0.00017877775826491416,0.008868832141160965,3,-0.6887057802962303,,4.0,3.5,8.0,3.8,3.2,4.0,0.15,0.12,3.0,0.697210383695426,-0.0034418123353379708,0.0014100026325271034,0.011586165347109625,0.00321125122718513,-0.00017877775826491416,0.008868832141160965,-0.013212582445316857,0.0024092146249579103,0.007806446942295475,0.00797137026116816,-0.0072575032790863185,-0.21468848568739549,1.0,0.9999930829104147,0.0,roll,0.0,0.0,0.0,0.0,0,2.9880001544952393,settle_a,1.2,0.004889992997050285,1,-0.013079045968520673,0.04802433215677595,0.021314211067342794,0.026173431189438337,-0.013124364443910881,0.05859957571241208,0.021096196793357877,0.058937875870608836
8.108000040054321,direct_px4_equiv,1,1,14,0,0,1,0,1,0.002635571639984846,0.09006040543317795,1.5051169991493225,-0.00045609319931827486,0.01883258856832981,-0.00013734420645050704,-0.1930192407058866,-0.0819857567832342,-6.609461449611178,-0.08199140074176899,-0.0067696948535740376,0.0009479137370362878,1.5,0.0,0.0,0.0,0.0,0.0,0.0,0.0,0.0,-5.937107500558976,0.1481898777779443,-2.239928605581615,44.08147822153652,0.010264631278138517,0.006561876319567504,0.20734783654304612,19.119768225853385,19.003089428814587,6.0299656150741425,0.016,0.016,fixed_switch,0.32665467262268066,0.32665467262268066,0.32768693566322327,0.32768693566322327,0.6869759559631348,0.006339184008538723,-0.003895481815561652,0.01877075806260109,0.018656078726053238,0.326654851436615,0.326654851436615,0.32762008905410767,0.32762008905410767,0.6869679689407349,0.006554489955306053,-0.0040818783454597,0.018753549084067345,0.01864638179540634,6.503999948501587,0.0,0.003999948501586914,0,0,0.0023398003540933132,-0.00039812381146475673,0.007265535648912191,3,-0.6887057802962303,,4.0,3.5,8.0,3.8,3.2,4.0,0.15,0.12,3.0,0.704430916097166,-0.003377156476993366,0.001411128573313924,0.011737110819900955,0.0023398003540933132,-0.00039812381146475673,0.007265535648912191,-0.013294166696710243,0.0024430590291705384,0.008086732820927003,0.010264631278138517,-0.006561876319567504,-0.20734783654304612,1.0,0.9999933017651693,0.0,roll,0.0,0.0,0.0,0.0,0,3.01200008392334,settle_a,1.2,0.008493670000461861,1,-0.013174488235810404,0.05177700785593344,0.02131421106745204,0.02246624578731185,-0.012577961697024439,0.058609798320986735,0.020468332046580825,0.05897007839184629
8.131999969482422,direct_px4_equiv,1,1,14,0,0,1,0,1,0.0026275995187461376,0.09076205641031265,1.5050409436225891,-0.000269742333330214,0.018395600840449333,-0.0005320369964465499,-0.18904848823576545,-0.08229704430857655,-6.616798929493967,-0.08230283620355602,-0.0067696948535740376,0.0009479137370362878,1.5,0.0,0.0,0.0,0.0,0.0,0.0,0.0,0.0,-5.937107500558976,0.14680863609248895,-2.243762859651152,44.08981318670672,0.009650098624773295,0.009257420889851308,0.20099296413213327,19.120770593073857,19.005702293083754,6.034585588768868,0.02,0.02,fixed_switch,0.3266778290271759,0.3266778290271759,0.3276957869529724,0.3276957869529724,0.6872391104698181,0.006169862579554319,-0.0037502669729292393,0.018800338730216026,0.018687069416046143,0.3266541659832001,0.3266541659832001,0.3276851773262024,0.3276851773262024,0.6869761347770691,0.006348600145429373,-0.0039006532169878483,0.018769633024930954,0.018655097112059593,6.5279998779296875,0.0,0.003999948501586914,0,0,0.0024305093102157116,0.00043431046651676297,0.005883659236133099,3,-0.6887057802962303,,4.0,3.5,8.0,3.8,3.2,4.0,0.15,0.12,3.0,0.710405837176947,-0.003307977747258736,0.001416756383425781,0.011865131865349562,0.0024305093102157116,0.00043431046651676297,0.005883659236133099,-0.013374327285698609,0.002477060828030154,0.008370198188475243,0.009650098624773295,-0.009257420889851308,-0.20099296413213327,1.0,0.9999935250424506,0.0,roll,0.0,0.0,0.0,0.0,0,3.0360000133514404,settle_a,1.2,0.012579870002809912,1,-0.013176221703698058,0.04797268968731963,0.021314211067569276,0.02632389764603014,-0.012109083426024089,0.05870715914297703,0.01992161711861076,0.05906300894524438
8.152000188827515,direct_px4_equiv,1,1,14,0,0,1,0,1,0.0026301094330847263,0.09122778475284576,1.5049815773963928,-6.144697545096278e-05,0.01808783784508705,-0.0008972802315838635,-0.18533871090853132,-0.08219249694984081,-6.622010970792112,-0.08219836124086298,-0.0067696948535740376,0.0009479137370362878,1.5,0.0,0.0,0.0,0.0,0.0,0.0,0.0,0.0,-5.937107500558976,0.1443103159379109,-2.245595484582438,44.09731030945137,0.005637077738205406,0.006783020988754804,0.2035383968564863,19.119711352567887,19.016698126208958,6.032349333664944,0.02,0.02,fixed_switch,0.3267752230167389,0.3267752230167389,0.3276864290237427,0.3276864290237427,0.6871117353439331,0.006208849139511585,-0.003833341645076871,0.018804820254445076,0.018703386187553406,0.3266778290271759,0.3266778290271759,0.3276957869529724,0.3276957869529724,0.6872391104698181,0.006169862579554319,-0.0037502669729292393,0.018800338730216026,0.018687069416046143,6.54800009727478,0.0,0.004000186920166016,0,0,0.0036607086658477783,-0.0003366780001670122,0.006098576821386814,3,-0.6887057802962303,,4.0,3.5,8.0,3.8,3.2,4.0,0.15,0.12,3.0,0.7144093395667015,-0.003243284467896106,0.0014151683032744525,0.011956054682887605,0.0036607086658477783,-0.0003366780001670122,0.006098576821386814,-0.013439652789661792,0.0025053684049262293,0.008608674126310539,0.005637077738205406,-0.006783020988754804,-0.2035383968564863,1.0,0.9999937392024023,0.0,roll,0.0,0.0,0.0,0.0,0,3.056000232696533,settle_a,1.2,0.013116572998114862,1,-0.013207195513824026,0.051744027097757404,0.02131421106763678,0.02249653310964458,-0.01237732029943885,0.058758423086519594,0.02004749943686109,0.05907708656907086
8.176000118255615,direct_px4_equiv,1,1,14,0,0,1,0,1,0.002645818516612053,0.0919218435883522,1.504881203174591,0.0001449609553674236,0.017547933384776115,-0.0011620204895734787,-0.18472413261617407,-0.08128533484712311,-6.626037757279266,-0.0812912144311328,-0.0067696948535740376,0.0009479137370362878,1.5,0.0,0.0,0.0,0.0,0.0,0.0,0.0,0.0,-5.937107500558976,0.14099597083847426,-2.250223269048739,44.10411043217438,0.016431297253210495,0.005645816465095452,0.18770446743614294,19.13969759419631,19.00362069596483,6.031742990200658,0.012,0.012,fixed_switch,0.3266593813896179,0.3266593813896179,0.3278629183769226,0.3278629183769226,0.6870772242546082,0.0057943775318562984,-0.00346731161698699,0.018856601789593697,0.018722383305430412,0.3267063796520233,0.3267063796520233,0.32783204317092896,0.32783204317092896,0.687024712562561,0.005870245862752199,-0.0035428255796432495,0.018845409154891968,0.018719922751188278,6.572000026702881,0.0,0.003999948501586914,0,0,4.545259798760526e-05,-0.0006645129178650677,0.003247188637033105,3,-0.6887057802962303,,4.0,3.5,8.0,3.8,3.2,4.0,0.15,0.12,3.0,0.7180077034307965,-0.003232513059659101,0.001399286215129557,0.012026294637810835,4.545259798760526e-05,-0.0006645129178650677,0.003247188637033105,-0.013517290642615434,0.0025390564507933484,0.008896655617443898,0.016431297253210495,-0.005645816465095452,-0.18770446743614294,1.0,0.999993796428855,0.0,roll,0.0,0.0,0.0,0.0,0,3.080000162124634,settle_a,1.2,0.016471577000629622,1,-0.013253243089438553,0.04795924775861973,0.021314211067721155,0.02624817832784908,-0.011195461037905035,0.058818099107028496,0.018709228347798854,0.059239762273574706
8.200000047683716,direct_px4_equiv,1,1,14,0,0,1,0,1,0.002707111882045865,0.09299905598163605,1.5046225190162659,0.0005717030144296587,0.01654631458222866,-0.0007445805240422487,-0.18068345148114506,-0.0814370065542782,-6.628098096815952,-0.08144293879114825,-0.0067696948535740376,0.0009479137370362878,1.5,0.0,0.0,0.0,0.0,0.0,0.0,0.0,0.0,-5.937107500558976,0.13443650964869114,-2.2516641506131982,44.104514780461095,0.0076764543908063145,0.007548905023780471,0.1829828143766935,19.125478695287388,19.015677062850838,6.0341620696978255,0.016,0.016,fixed_switch,0.3267661929130554,0.3267661929130554,0.32773736119270325,0.32773736119270325,0.6872149705886841,0.00562044233083725,-0.003407055512070656,0.01885671354830265,0.0187483299523592,0.32666659355163574,0.32666659355163574,0.3278501033782959,0.3278501033782959,0.6872342228889465,0.005698130000382662,-0.0034020638559013605,0.018869593739509583,0.018737511709332466,6.5959999561309814,0.0,0.003999948501586914,0,0,0.0028471648693084717,-7.545950938947499e-05,0.002360713668167591,3,-0.6887057802962303,,4.0,3.5,8.0,3.8,3.2,4.0,0.15,0.12,3.0,0.7189737388913998,-0.003162032532295513,0.0014023004699769987,0.012062207931297982,0.0028471648693084717,-7.545950938947499e-05,0.002360713668167591,-0.013594058371575011,0.0025726594866226677,0.009185902406065045,0.0076764543908063145,-0.007548905023780471,-0.1829828143766935,1.0,0.9999940175519558,0.0,roll,0.0,0.0,0.0,0.0,0,3.1040000915527344,settle_a,1.2,0.019716121998499148,1,-0.013266537832270095,0.05173162190358951,0.0213142110678455,0.022596871272536123,-0.011000901969318853,0.058899612722644365,0.018147615764221747,0.05924011218547812
8.223999977111816,direct_px4_equiv,1,1,14,0,0,1,0,1,0.0027253178413957357,0.09339914470911026,1.5045238137245178,0.0007187706069089472,0.016195040196180344,-0.0006183707737363875,-0.17432930765673857,-0.08373354665667108,-6.62843813280548,-0.0837396398390291,-0.0067696948535740376,0.0009479137370362878,1.5,0.0,0.0,0.0,0.0,0.0,0.0,0.0,0.0,-5.937107500558976,0.1340166185381656,-2.249734019558882,44.104547567635365,0.002947803298537666,0.015207604183659358,0.16983290506869886,19.113072667359358,19.017502327338498,6.044118744897748,0.012,0.012,fixed_switch,0.32678234577178955,0.32678234577178955,0.3276277780532837,0.3276277780532837,0.6877816915512085,0.005291367415338755,-0.0030892454087734222,0.01883872039616108,0.018744412809610367,0.3268125355243683,0.3268125355243683,0.32767048478126526,0.32767048478126526,0.6872835755348206,0.00539309810847044,-0.003171295626088977,0.01883344165980816,0.018737776204943657,6.619999885559082,0.0,0.003999948501586914,0,0,0.004239731468260288,0.0022476965095847845,0.0001166890433523804,3,-0.6887057802962303,,4.0,3.5,8.0,3.8,3.2,4.0,0.15,0.12,3.0,0.7179942571317287,-0.003051379635853173,0.0014430418171962754,0.01206812894623374,0.004239731468260288,0.0022476965095847845,0.0001166890433523804,-0.013668246082648113,0.0026068461402545557,0.009475498467597758,0.002947803298537666,-0.015207604183659358,-0.16983290506869886,1.0,0.9999943033562394,0.0,roll,0.0,0.0,0.0,0.0,0,3.128000020980835,settle_a,1.2,0.004446664002898615,1,-0.01331000819398719,0.051656932557692124,0.021314211068005375,0.022516354442105996,-0.009974737928701821,0.05888730777014882,0.017085079868526927,0.05918358451309472
8.248000144958496,direct_px4_equiv,1,1,14,0,0,1,0,1,0.0027572864200919867,0.09378574788570404,1.5044363141059875,0.0008867088472470641,0.015797685831785202,-0.00039685354568064213,-0.17387924447702374,-0.08628592579202973,-6.627932696659765,-0.08629219542982053,-0.0067696948535740376,0.0009479137370362878,1.5,0.0,0.0,0.0,0.0,0.0,0.0,0.0,0.0,-5.937107500558976,0.13312699518292928,-2.251386612192046,44.10226856864047,0.01417271593116403,0.013915621584229607,0.16766674172151858,19.129966787228813,19.000344272299,6.042112447631802,0.016,0.016,fixed_switch,0.3266303539276123,0.3266303539276123,0.3277769982814789,0.3277769982814789,0.6876675486564636,0.005235312506556511,-0.003040499286726117,0.018869619816541672,0.018741613253951073,0.3267814517021179,0.3267814517021179,0.32762426137924194,0.32762426137924194,0.6877837181091309,0.0052968342788517475,-0.0030857056844979525,0.01883617974817753,0.01874217391014099,6.644000053405762,0.0,0.004000186920166016,0,0,0.00048612357932142913,0.0017669685184955597,-0.0002304744120920077,3,-0.6887057802962303,,4.0,3.5,8.0,3.8,3.2,4.0,0.15,0.12,3.0,0.7177039606166258,-0.0030437869329044747,0.0014876490716245472,0.012059366915503902,0.00048612357932142913,0.0017669685184955597,-0.0002304744120920077,-0.013741098804093499,0.0026420494621244533,0.009765128896479623,0.01417271593116403,-0.013915621584229607,-0.16766674172151858,1.0,0.9999942611310326,0.0,roll,0.0,0.0,0.0,0.0,0,3.1520001888275146,settle_a,1.2,0.008400256003369577,1,-0.013357197552161785,0.04789256728594828,0.021314211068108404,0.02635654719221385,-0.00981734419207903,0.05887851164031722,0.016904086871129535,0.059280657142045126
8.272000074386597,direct_px4_equiv,1,1,14,0,0,1,0,1,0.0028253060299903154,0.09434036165475845,1.504317820072174,0.0011092998320236802,0.015213332138955593,-0.00014287812518887222,-0.17306332629647497,-0.09999359332196847,-6.624585801089068,-0.10000078634629055,-0.0067696948535740376,0.0009479137370362878,1.5,0.0,0.0,0.0,0.0,0.0,0.0,0.0,0.0,-5.937107500558976,0.1393549084246628,-2.2527554795723805,44.100551480125695,0.012567995565496195,0.049391549066106204,0.14996465838902182,19.103518984894606,18.97858419881523,6.0881158235225294,0.02,0.02,fixed_switch,0.32643747329711914,0.32643747329711914,0.32754334807395935,0.32754334807395935,0.6902804374694824,0.004853738471865654,-0.0025585521943867207,0.01890277862548828,0.01877901330590248,0.32652416825294495,0.32652416825294495,0.3278467655181885,0.3278467655181885,0.6878665685653687,0.005011525470763445,-0.002804394578561187,0.018885193392634392,0.018737493082880974,6.667999982833862,0.0,0.003999948501586914,0,0,0.0009978186571970582,0.012441405095160007,-0.0030942577868700027,3,-0.6887057802962303,,4.0,3.5,8.0,3.8,3.2,4.0,0.15,0.12,3.0,0.7160886861519725,-0.003030938104811993,0.0017270627855600219,0.012001302904635412,0.0009978186571970582,0.012441405095160007,-0.0030942577868700027,-0.01381380665496506,0.002681897055752026,0.010053689162812292,0.012567995565496195,-0.049391549066106204,-0.14996465838902182,1.0,0.9999939153346746,0.0,roll,0.0,0.0,0.0,0.0,0,3.1760001182556152,settle_a,1.2,0.012623381000594236,1,-0.011084883093151128,0.05164792404281584,0.021374584545717636,0.022648064177803014,-0.00826120479955253,0.05899601034434124,0.01567203790828153,0.05938483292227941
8.296000003814697,direct_px4_equiv,1,1,14,0,0,1,0,1,0.002904412802308798,0.09469067305326462,1.5042832493782043,0.00139303645119071,0.014709590002894402,-0.0006667055422440171,-0.1725368854841039,-0.09882176054831934,-6.6230457604202435,-0.09882884104674433,-0.0067696948535740376,0.0009479137370362878,1.5,0.0,0.0,0.0,0.0,0.0,0.0,0.0,0.0,-5.937107500558976,0.13290019484621468,-2.252222863334531,44.10986696998285,0.010352631549626564,0.01715960090854518,0.160163215944819,19.125294189124315,19.007110331708233,6.0473645452402405,0.012,0.012,fixed_switch,0.32669028639793396,0.32669028639793396,0.3277357220649719,0.3277357220649719,0.6879663467407227,0.005045996978878975,-0.0028586555272340775,0.018869908526539803,0.018753167241811752,0.3267397880554199,0.3267397880554199,0.32819223403930664,0.32819223403930664,0.6847173571586609,0.004890775308012962,-0.002707569394260645,0.0188628938049078,0.018701080232858658,6.691999912261963,0.0,0.003999948501586914,0,0,0.0017237892607226968,0.0024035065434873104,-0.001302627264522016,3,-0.6887057802962303,,4.0,3.5,8.0,3.8,3.2,4.0,0.15,0.12,3.0,0.714317473616109,-0.003021604680736897,0.0017067063461894732,0.01197438588141155,0.0017237892607226968,0.0024035065434873104,-0.001302627264522016,-0.013886611523106076,0.002722549936624587,0.010341278768128782,0.010352631549626564,-0.01715960090854518,-0.160163215944819,1.0,0.9999939785290042,0.0,roll,0.0,0.0,0.0,0.0,0,3.200000047683716,settle_a,1.2,0.016635502004646696,1,-0.010969486314583861,0.04790879924487637,0.018959035912987223,0.026470994823020327,-0.009230196307162918,0.05891481362266544,0.016292813710747853,0.05928156703224226
8.320000171661377,direct_px4_equiv,1,1,14,0,0,1,0,1,0.0031382429879158735,0.09546275436878204,1.5041287541389465,0.0017462261021137238,0.013097505085170269,-0.0003687315620481968,-0.1679237820670124,-0.09807097890999823,-6.624571758890165,-0.09807802416797777,-0.0067696948535740376,0.0009479137370362878,1.5,0.0,0.0,0.0,0.0,0.0,0.0,0.0,0.0,-5.937107500558976,0.12213934633447947,-2.2376324511851,44.10894518494389,0.004332400994569922,0.01644627814210701,0.17137083983371101,19.115849344559912,19.016419522047673,6.046129173034544,0.016,0.016,fixed_switch,0.3267727494239807,0.3267727494239807,0.32765230536460876,0.32765230536460876,0.6878960728645325,0.005232691764831543,-0.003222942817956209,0.018738334998488426,0.018640756607055664,0.32667890191078186,0.32667890191078186,0.3276210129261017,0.3276210129261017,0.6886547207832336,0.00507782818749547,-0.0029227533377707005,0.018802586942911148,0.0186977107077837,6.716000080108643,0.0,0.004000186920166016,0,0,0.0035972478799521923,0.0022018500603735447,0.0005329289706423879,3,-0.6887057802962303,,4.0,3.5,8.0,3.8,3.2,4.0,0.15,0.12,3.0,0.7145770761330349,-0.002941036320021401,0.001694046142331872,0.012000931836026756,0.0035972478799521923,0.0022018500603735447,0.0005329289706423879,-0.013957658549929348,0.002764975540516514,0.010628928584592886,0.004332400994569922,-0.01644627814210701,-0.17137083983371101,1.0,0.999994240256508,0.0,roll,0.0,0.0,0.0,0.0,0,3.2240002155303955,settle_a,1.2,0.0008004259943845682,1,-0.01233941916913376,0.047863064406011874,0.01994009902559426,0.026518819934169106,-0.01040642797686164,0.05856166536114403,0.016895624148662334,0.05886821591602307
8.344000101089478,direct_px4_equiv,1,1,14,0,0,1,0,1,0.0033028300385922194,0.09583728760480881,1.5040104985237122,0.0021272089798003435,0.012242265045642853,-0.001143160741776228,-0.16506305825693876,-0.08835030617533536,-6.626290759834799,-0.08835669834717852,-0.0067696948535740376,0.0009479137370362878,1.5,0.0,0.0,0.0,0.0,0.0,0.0,0.0,0.0,-5.937107500558976,0.10585869726817725,-2.230116680185853,44.12597788604738,0.009571352187607546,-0.009197342342655391,0.17050649008571203,19.147600041579366,19.032386140664123,6.0148328982533235,0.012,0.012,fixed_switch,0.3269141614437103,0.3269141614437103,0.3279326856136322,0.3279326856136322,0.6861134171485901,0.0050741638988256454,-0.0033282216172665358,0.018659640103578568,0.018547233194112778,0.3268800377845764,0.3268800377845764,0.3278990685939789,0.3278990685939789,0.6855811476707458,0.005277643911540508,-0.003338285256177187,0.01872209645807743,0.018609248101711273,6.740000009536743,0.0,0.003999948501586914,0,0,0.0017665654886513948,-0.0055209496058523655,0.0003152877907268703,3,-0.6887057802962303,,4.0,3.5,8.0,3.8,3.2,4.0,0.15,0.12,3.0,0.7142829670191677,-0.0028901139203716506,0.00152464771087599,0.012030649751648928,0.0017665654886513948,-0.0055209496058523655,0.0003152877907268703,-0.01402750334928872,0.0028029660850200735,0.010917323269252125,0.009571352187607546,0.009197342342655391,-0.17050649008571203,1.0,0.9999946613450782,0.0,roll,0.0,0.0,0.0,0.0,0,3.248000144958496,settle_a,1.2,0.004525862001173664,1,-0.012071297491126296,0.05165678602026993,0.020146702669909613,0.022735128336101123,-0.010746358643289789,0.058267853485078645,0.01638376090202036,0.05862098544887187
8.368000030517578,direct_px4_equiv,1,1,14,0,0,1,0,1,0.0034560589119791985,0.09615909308195114,1.5039229989051819,0.0025667506270110607,0.011458579450845718,0.00021531137463171035,-0.16176542483556,-0.08311892236132166,-6.628047572312392,-0.08312497126971893,-0.0067696948535740376,0.0009479137370362878,1.5,0.0,0.0,0.0,0.0,0.0,0.0,0.0,0.0,-5.937107500558976,0.09234570788891446,-2.2225074037147676,44.10355114539838,0.005910881920178938,-0.002576701277400437,0.1711704335652522,19.1279291171422,19.023908717667037,6.02015170766188,0.016,0.016,fixed_switch,0.3268390893936157,0.3268390893936157,0.3277589976787567,0.3277589976787567,0.6864166855812073,0.004982583224773407,-0.0034575224854052067,0.01860419474542141,0.01850290782749653,0.3269149661064148,0.3269149661064148,0.32793179154396057,0.32793179154396057,0.6860906481742859,0.005061600357294083,-0.003346547484397888,0.018658634275197983,0.01854642480611801,6.763999938964844,0.0,0.003999948501586914,0,0,0.002890645293518901,-0.003295933362096548,0.0003544961800798774,3,-0.6887057802962303,,4.0,3.5,8.0,3.8,3.2,4.0,0.15,0.12,3.0,0.7145883384923943,-0.0028320334665961106,0.0014336473826601593,0.012061135786212313,0.002890645293518901,-0.003295933362096548,0.0003544961800798774,-0.014096091494582554,0.002838069302743618,0.011206466298568122,0.005910881920178938,0.002576701277400437,-0.1711704335652522,1.0,0.9999949621208488,0.0,roll,0.0,0.0,0.0,0.0,0,3.2720000743865967,settle_a,1.2,0.009214438003255054,1,-0.012506403885575973,0.04788081055782392,0.020149264985636316,0.026471956854643618,-0.011163852826815014,0.05812860089032675,0.01608805963183504,0.05844680237309225
8.391999959945679,direct_px4_equiv,1,1,14,0,0,1,0,1,0.0035228643100708723,0.0963580310344696,1.5039079785346985,0.002859397791326046,0.01101134903728962,0.0003874622343573719,-0.16432173907093836,-0.07181173394060654,-6.629628792945726,-0.07181698390130527,-0.0067696948535740376,0.0009479137370362878,1.5,0.0,0.0,0.0,0.0,0.0,0.0,0.0,0.0,-5.937107500558976,0.07803946741750656,-2.222580888790784,44.09965514453667,0.02486453824338301,-0.04401141368651807,0.17094879667425827,19.18201240894898,19.02045862277087,5.965496605417762,0.02,0.02,fixed_switch,0.32680854201316833,0.32680854201316833,0.32823631167411804,0.32823631167411804,0.6832937002182007,0.004861325491219759,-0.0035580035764724016,0.01860819011926651,0.01845129206776619,0.3268396854400635,0.3268396854400635,0.3277634382247925,0.3277634382247925,0.6863734722137451,0.004951342474669218,-0.0034915991127490997,0.018614599481225014,0.01851283386349678,6.787999868392944,0.0,0.003999948501586914,0,0,-0.0033543333411216736,-0.015904802829027176,0.0002497968671377748,3,-0.6887057802962303,,4.0,3.5,8.0,3.8,3.2,4.0,0.15,0.12,3.0,0.7154623683564874,-0.0028754760628551448,0.0012359948736637295,0.012088483878535767,-0.0033543333411216736,-0.015904802829027176,0.0002497968671377748,-0.014164924405406244,0.0028683754565581995,0.011496277870793627,0.02486453824338301,0.04401141368651807,-0.17094879667425827,1.0,0.9999951019773526,0.0,roll,0.0,0.0,0.0,0.0,0,3.2960000038146973,settle_a,1.2,0.012505110003985465,1,-0.01285507666134556,0.051672802302836794,0.017941217517431406,0.022766827113556057,-0.011488292083420079,0.057966443118303845,0.015696535874748636,0.05845935109318429
8.412000179290771,direct_px4_equiv,1,1,14,0,0,1,0,1,0.0036027899477630854,0.09664229303598404,1.5039282441139221,0.002696109004318714,0.010029323399066925,0.0021575752180069685,-0.16347131826998165,-0.07770516501715347,-6.6324371236760475,-0.07771088172733377,-0.0067696948535740376,0.0009479137370362878,1.5,0.0,0.0,0.0,0.0,0.0,0.0,0.0,0.0,-5.937107500558976,0.08240796468451739,-2.2114008790452884,44.066058822148655,0.016523231544816868,0.009651886643078105,0.18184492027581015,19.11967597586883,18.9839274928349,6.030766406384377,0.02,0.02,fixed_switch,0.3264848291873932,0.3264848291873932,0.3276861011981964,0.3276861011981964,0.6870215535163879,0.005176157224923372,-0.0038020298816263676,0.018550148233771324,0.018418295308947563,0.32680854201316833,0.32680854201316833,0.32823631167411804,0.32823631167411804,0.6832937002182007,0.004861325491219759,-0.0035580035764724016,0.01860819011926651,0.01845129206776619,6.808000087738037,0.0,0.004000186920166016,0,0,-0.00059661635896191,0.0006879288121126592,0.0019802169408649206,3,-0.6887057802962303,,4.0,3.5,8.0,3.8,3.2,4.0,0.15,0.12,3.0,0.7186084004624975,-0.0028612877768737005,0.001338872314708764,0.012137636821605112,-0.00059661635896191,0.0006879288121126592,0.0019802169408649206,-0.014222425620100372,0.0028937390982982395,0.01173866264631801,0.016523231544816868,-0.009651886643078105,-0.18184492027581015,1.0,0.999995010226644,0.0,roll,0.0,0.0,0.0,0.0,0,3.31600022315979,settle_a,1.2,0.012516561000666115,1,-0.012884408275633374,0.04786188828335305,0.017849610648601265,0.026596043802965586,-0.012276218968831418,0.0578627839514945,0.016713083038009665,0.058277011074978444
8.436000108718872,direct_px4_equiv,1,1,14,0,0,1,0,1,0.003627719823271036,0.0968257486820221,1.5039804577827454,0.002593512646853924,0.009424407966434956,0.0023551175836473703,-0.16278510472267652,-0.08364777566425625,-6.63602680583719,-0.08365398394888088,-0.0067696948535740376,0.0009479137370362878,1.5,0.0,0.0,0.0,0.0,0.0,0.0,0.0,0.0,-5.937107500558976,0.08740925476263287,-2.2052906198538382,44.05936941999892,0.013724272946062616,0.01821114946843463,0.18404084782994481,19.106675397700084,18.979721223553376,6.0410679569313865,0.012,0.012,fixed_switch,0.3264475464820862,0.3264475464820862,0.32757124304771423,0.32757124304771423,0.6876081228256226,0.005272531416267157,-0.0038180111441761255,0.018502939492464066,0.018379859626293182,0.3264061212539673,0.3264061212539673,0.327424019575119,0.327424019575119,0.6888577938079834,0.005263875238597393,-0.0038405258674174547,0.01850210316479206,0.01839054934680462,6.832000017166138,0.0,0.003999948501586914,0,0,0.0003185917157679796,0.003184101078659296,0.002202392090111971,3,-0.6887057802962303,,4.0,3.5,8.0,3.8,3.2,4.0,0.15,0.12,3.0,0.722599488508776,-0.0028499854007000384,0.001442571872514265,0.012200428413016388,0.0003185917157679796,0.003184101078659296,0.002202392090111971,-0.014290899240908265,0.0029274674485114107,0.012030850676205629,0.013724272946062616,-0.01821114946843463,-0.18404084782994481,1.0,0.9999948982843025,0.0,roll,0.0,0.0,0.0,0.0,0,3.3400001525878906,settle_a,1.2,0.01671311799873365,1,-0.012972510374610544,0.05160034941158933,0.01919050520953405,0.022736705295073913,-0.01232782010737217,0.05774203281277231,0.017024260569201068,0.058128699832957376
8.460000038146973,direct_px4_equiv,1,1,14,0,0,1,0,1,0.0036137455608695745,0.09721680730581284,1.5041962265968323,0.0026093211490660906,0.008193508721888065,0.0018330792663618922,-0.16277297347579386,-0.08873686599547888,-6.6384481919577984,-0.08874350219778755,-0.0067696948535740376,0.0009479137370362878,1.5,0.0,0.0,0.0,0.0,0.0,0.0,0.0,0.0,-5.937107500558976,0.08983063434944716,-2.1929282926929434,44.059705551851025,0.014171026753114756,0.01726234687575844,0.17871491390109337,19.107380657607642,18.979555399142626,6.03992097277849,0.016,0.016,fixed_switch,0.3264460861682892,0.3264460861682892,0.32757747173309326,0.32757747173309326,0.6875427961349487,0.005160351283848286,-0.003667117329314351,0.018399260938167572,0.018276037648320198,0.3264230191707611,0.3264230191707611,0.3275597095489502,0.3275597095489502,0.6877289414405823,0.005269936285912991,-0.0038185978773981333,0.018469950184226036,0.0183456689119339,6.855999946594238,0.0,0.003999948501586914,0,0,0.00017071461479645222,0.002734718145802617,0.0011981336865574121,3,-0.6887057802962303,,4.0,3.5,8.0,3.8,3.2,4.0,0.15,0.12,3.0,0.7255511861109841,-0.002850347835718628,0.0015313325226672728,0.012242813204119966,0.00017071461479645222,0.002734718145802617,0.0011981336865574121,-0.014359334639791579,0.0029634469258151886,0.012324260183761268,0.014171026753114756,-0.01726234687575844,-0.17871491390109337,1.0,0.9999947652691105,0.0,roll,0.0,0.0,0.0,0.0,0,3.364000082015991,settle_a,1.2,0.0009566689986968413,1,-0.013268776155534704,0.0515951526659795,0.019286563209387063,0.022814316559736085,-0.011840604894438167,0.05741586606681275,0.016662047619440564,0.057802985527553814
8.483999967575073,direct_px4_equiv,1,1,14,0,0,1,0,1,0.003557724878191948,0.09742222726345062,1.5043495297431946,0.0025828357320278883,0.007486266084015369,0.0014395348262041807,-0.16292377842098119,-0.09017500943483957,-6.641395262824529,-0.09018180773226392,-0.0067696948535740376,0.0009479137370362878,1.5,0.0,0.0,0.0,0.0,0.0,0.0,0.0,0.0,-5.937107500558976,0.09137459034696375,-2.1861233322400184,44.05990525924098,0.015286169141031584,0.009710737271913825,0.18071809262261165,19.11374018685257,18.98284428801094,6.030154303207708,0.012,0.012,fixed_switch,0.32647523283958435,0.32647523283958435,0.32763367891311646,0.32763367891311646,0.6869866847991943,0.005221625789999962,-0.0037025888450443745,0.018338922411203384,0.018213193863630295,0.32644298672676086,0.32644298672676086,0.32757437229156494,0.32757437229156494,0.6875477433204651,0.0051818485371768475,-0.0036708065308630466,0.018405765295028687,0.018282495439052582,6.879999876022339,0.0,0.003999948501586914,0,0,-0.00019579203217290342,0.00033151687239296734,0.0014145254390314221,3,-0.6887057802962303,,4.0,3.5,8.0,3.8,3.2,4.0,0.15,0.12,3.0,0.7286132869762947,-0.002853173552994261,0.0015563427266905886,0.012294287240251467,-0.00019579203217290342,0.00033151687239296734,0.0014145254390314221,-0.0144277351486178,0.0030006887081720263,0.012618941399622443,0.015286169141031584,-0.009710737271913825,-0.18071809262261165,1.0,0.9999947185986562,0.0,roll,0.0,0.0,0.0,0.0,0,3.388000011444092,settle_a,1.2,0.004958160003297962,1,-0.013326638908871006,0.047811143579118885,0.019302448844137808,0.026611573258932705,-0.011955137379152615,0.057218436655405325,0.01685989425127017,0.057613421090004925
8.504000186920166,direct_px4_equiv,1,1,14,0,0,1,0,1,0.003510158509016037,0.09754807502031326,1.5044558644294739,0.0025223440025001764,0.0069761755876243114,0.0013336183037608862,-0.16328894669813931,-0.09121436008936436,-6.643521446800522,-0.09122128118405068,-0.0067696948535740376,0.0009479137370362878,1.5,0.0,0.0,0.0,0.0,0.0,0.0,0.0,0.0,-5.937107500558976,0.09314796710114012,-2.181100260675181,44.05679578777355,0.015467351013448902,0.010670603070632877,0.1818264136997574,19.11180331037047,18.980589952485797,6.031007912040534,0.012,0.012,fixed_switch,0.3264552354812622,0.3264552354812622,0.32761654257774353,0.32761654257774353,0.687035322189331,0.005264152307063341,-0.00371580314822495,0.018298912793397903,0.01817314326763153,0.32646891474723816,0.32646891474723816,0.32763057947158813,0.32763057947158813,0.6870357990264893,0.005356794223189354,-0.003831213340163231,0.01834440603852272,0.01821828819811344,6.900000095367432,0.0,0.004000186920166016,0,0,-0.0002447291917633265,0.0006001644069328904,0.0015134167624637485,3,-0.6887057802962303,,4.0,3.5,8.0,3.8,3.2,4.0,0.15,0.12,3.0,0.7308812620176496,-0.002859687431722768,0.0015743902435739097,0.012331426110407209,-0.0002447291917633265,0.0006001644069328904,0.0015134167624637485,-0.014484856990966485,0.0030320185091272855,0.012865329354744761,0.015467351013448902,-0.010670603070632877,-0.1818264136997574,1.0,0.9999946717412387,0.0,roll,0.0,0.0,0.0,0.0,0,3.4080002307891846,settle_a,1.2,0.0030437310051638633,1,-0.01332663890938827,0.05158369038973845,0.01934908935862214,0.02277375843552631,-0.011997804623843368,0.057092613996362535,0.01699720666378864,0.05748773072308659
8.528000116348267,direct_px4_equiv,1,1,14,0,0,1,0,1,0.003425700357183814,0.09771911054849625,1.504637062549591,0.0025484703946858644,0.006260047201067209,0.0008335012826137245,-0.1635933885247056,-0.08895473861977142,-6.646090896381427,-0.08896153739405334,-0.0067696948535740376,0.0009479137370362878,1.5,0.0,0.0,0.0,0.0,0.0,0.0,0.0,0.0,-5.937107500558976,0.0914400705762798,-2.173691540893727,44.057815543239194,0.01448700597269245,0.002461934299899612,0.18449763238132186,19.1158052138446,18.987841894297098,6.020443806576732,0.016,0.016,fixed_switch,0.32651954889297485,0.32651954889297485,0.3276519179344177,0.3276519179344177,0.6864333748817444,0.005314255133271217,-0.0037945241201668978,0.018229715526103973,0.018107550218701363,0.3264539837837219,0.3264539837837219,0.3276146650314331,0.3276146650314331,0.6870303153991699,0.005268779583275318,-0.0037218837533146143,0.018301425501704216,0.018175704404711723,6.924000024795532,0.0,0.003999948501586914,0,0,9.095213317777961e-05,-0.0018974598497152328,0.0018588819075375795,3,-0.6887057802962303,,4.0,3.5,8.0,3.8,3.2,4.0,0.15,0.12,3.0,0.7331526191683577,-0.0028647919815757215,0.001534856304696531,0.012376215087318173,9.095213317777961e-05,-0.0018974598497152328,0.0018588819075375795,-0.01455345541732072,0.003069416078667701,0.013161913430109343,0.01448700597269245,-0.002461934299899612,-0.18449763238132186,1.0,0.9999947185915771,0.0,roll,0.0,0.0,0.0,0.0,0,3.432000160217285,settle_a,1.2,0.00835349800036056,1,-0.013376457125161402,0.04780153107408249,0.019394307873559023,0.026605137039814857,-0.0122519837695461,0.0568865483928367,0.017158981738024635,0.057270337863631574
8.552000045776367,direct_px4_equiv,1,1,14,0,0,1,0,1,0.003341196570545435,0.09783151000738144,1.504796326160431,0.0025027745869010687,0.005755782593041658,0.0006230176659300923,-0.16446388054473873,-0.08555295362248247,-6.647552623333873,-0.08555952438921888,-0.0067696948535740376,0.0009479137370362878,1.5,0.0,0.0,0.0,0.0,0.0,0.0,0.0,0.0,-5.937107500558976,0.0901336280811341,-2.1691381901152345,44.05431929104869,0.017957091040147217,0.0009180136869443916,0.18261465231452928,19.120314730062077,18.981999479288568,6.017936640327843,0.02,0.02,fixed_switch,0.32646775245666504,0.32646775245666504,0.3276917636394501,0.3276917636394501,0.6862903833389282,0.005258550867438316,-0.003757908707484603,0.018197091296315193,0.0180653128772974,0.326518714427948,0.326518714427948,0.3276517391204834,0.3276517391204834,0.6864265203475952,0.005312186665832996,-0.003799868980422616,0.018233172595500946,0.018110917881131172,6.947999954223633,0.0,0.003999948501586914,0,0,-0.001040301052853465,-0.002277960767969489,0.0014783123042434454,3,-0.6887057802962303,,4.0,3.5,8.0,3.8,3.2,4.0,0.15,0.12,3.0,0.7343527090829339,-0.002879636533102379,0.0014753543945513104,0.012401653053663031,-0.001040301052853465,-0.002277960767969489,0.0014783123042434454,-0.014622489417212685,0.0031054411971384067,0.013459366797111919,0.017957091040147217,-0.0009180136869443916,-0.18261465231452928,1.0,0.9999947655110655,0.0,roll,0.0,0.0,0.0,0.0,0,3.4560000896453857,settle_a,1.2,0.012584288000653032,1,-0.013380699759022185,0.05159080835654019,0.019416439754458528,0.022893039301083943,-0.012133758140723047,0.056753853797575145,0.016979120620216538,0.05716784892212346
8.575999975204468,direct_px4_equiv,1,1,14,0,0,1,0,1,0.003223189152777195,0.09798330068588257,1.504975140094757,0.0024500780273228884,0.005023221485316753,0.0002843411930371076,-0.16551340129320644,-0.07928445431174558,-6.647074267795744,-0.07929052989666809,-0.0067696948535740376,0.0009479137370362878,1.5,0.0,0.0,0.0,0.0,0.0,0.0,0.0,0.0,-5.937107500558976,0.08681254186104498,-2.161484131790736,44.05236809569427,0.01827830230669127,-0.008748476134897779,0.17231828879340644,19.12573129180589,18.98662233301304,6.005043871205715,0.012,0.012,fixed_switch,0.3265087306499481,0.3265087306499481,0.3277395963668823,0.3277395963668823,0.6855548620223999,0.0049751498736441135,-0.0035306881181895733,0.018128391355276108,0.017996395006775856,0.3265154957771301,0.3265154957771301,0.32768574357032776,0.32768574357032776,0.6859067678451538,0.005032803863286972,-0.00354698090814054,0.018118392676115036,0.017992936074733734,6.971999883651733,0.0,0.003999948501586914,0,0,-0.0011169819626957178,-0.005110891070216894,-0.0002477664384059608,3,-0.6887057802962303,,4.0,3.5,8.0,3.8,3.2,4.0,0.15,0.12,3.0,0.733413891574782,-0.0028972696419670954,0.001365849274042167,0.012393164218148931,-0.0011169819626957178,-0.005110891070216894,-0.0002477664384059608,-0.014691882229395293,0.003139397370414636,0.013756904534308986,0.01827830230669127,0.008748476134897779,-0.17231828879340644,1.0,0.9999948701415936,0.0,roll,0.0,0.0,0.0,0.0,0,3.4800000190734863,settle_a,1.2,0.01641434900375316,1,-0.013390025370786056,0.047808763460954105,0.019455465482297176,0.02663483340343495,-0.01140009424733272,0.056537343557444775,0.01606405746899248,0.05695202154108913
8.600000143051147,direct_px4_equiv,1,1,14,0,0,1,0,1,0.0030597124714404345,0.09815223515033722,1.5052440762519836,0.0023631856311112642,0.003927846439182758,5.764905654359609e-05,-0.16911716810469946,-0.06374600192217075,-6.646894842589401,-0.06375088708432365,-0.0067696948535740376,0.0009479137370362878,1.5,0.0,0.0,0.0,0.0,0.0,0.0,0.0,0.0,-5.937107500558976,0.07688829128709333,-2.149783966356254,44.04503629753727,0.029845306725056517,-0.054954479411083175,0.17476272148091068,19.16968607298142,18.995919507074067,5.9437891802562595,0.016,0.016,fixed_switch,0.3265911340713501,0.3265911340713501,0.32812759280204773,0.32812759280204773,0.6820493936538696,0.004952066577970982,-0.003662741044536233,0.018021322786808014,0.01785779371857643,0.3265334963798523,0.3265334963798523,0.32769811153411865,0.32769811153411865,0.6854499578475952,0.004949416033923626,-0.003571151290088892,0.018072059378027916,0.017947528511285782,6.996000051498413,0.0,0.004000186920166016,0,0,-0.004870221018791199,-0.01908373273909092,0.00017207821656484157,3,-0.6887057802962303,,4.0,3.5,8.0,3.8,3.2,4.0,0.15,0.12,3.0,0.7325266170767316,-0.0029584843977201523,0.0010942724724448195,0.01238967191894633,-0.004870221018791199,-0.01908373273909092,0.00017207821656484157,-0.014762483944918402,0.003167815690806744,0.014054299118285892,0.029845306725056517,0.054954479411083175,-0.17476272148091068,1.0,0.9999950249684063,0.0,roll,0.0,0.0,0.0,0.0,0,3.504000186920166,settle_a,1.2,0.000961477002419997,1,-0.013493251995117772,0.04778718238276471,0.017322374796170405,0.026716667203082724,-0.01182647512608083,0.056101912316455664,0.015989524817261746,0.05661565519932764
8.624000072479248,direct_px4_equiv,1,1,14,0,0,1,0,1,0.002886313945055008,0.09826003760099411,1.5054557919502258,0.0020813378505408764,0.003124480601400137,0.00018959204317070544,-0.167621576335636,-0.05959163033372937,-6.647708957675306,-0.059596213722996394,-0.0067696948535740376,0.0009479137370362878,1.5,0.0,0.0,0.0,0.0,0.0,0.0,0.0,0.0,-5.937107500558976,0.0791456318311996,-2.137674927343555,44.033405513193145,0.011797448463237986,-0.012499922412843405,0.18035333734052147,19.109306190255474,18.990681816280645,5.997446748616701,0.012,0.012,fixed_switch,0.32654470205307007,0.32654470205307007,0.32759448885917664,0.32759448885917664,0.6851210594177246,0.005110165569931269,-0.003793473355472088,0.017924655228853226,0.017813267186284065,0.32651424407958984,0.32651424407958984,0.3277125656604767,0.3277125656604767,0.6851964592933655,0.004930906463414431,-0.0036957161501049995,0.018038280308246613,0.017910396680235863,7.019999980926514,0.0,0.003999948501586914,0,0,0.0011020081583410501,-0.005692588165402412,0.0010871831327676773,3,-0.6887057802962303,,4.0,3.5,8.0,3.8,3.2,4.0,0.15,0.12,3.0,0.7326158652225712,-0.0029319402582048716,0.0010219072911708915,0.012403761337372832,0.0011020081583410501,-0.005692588165402412,0.0010871831327676773,-0.014833399924694044,0.0031924269920703724,0.014351919042369822,0.011797448463237986,0.012499922412843405,-0.18035333734052147,1.0,0.9999951797161502,0.0,roll,0.0,0.0,0.0,0.0,0,3.5280001163482666,settle_a,1.2,0.004238074005115777,1,-0.013505745238072622,0.05153159653679242,0.017303079302420945,0.022899376580904556,-0.012248591010565458,0.05596202945962564,0.016500004149089826,0.056311962376045986
8.648000001907349,direct_px4_equiv,1,1,14,0,0,1,0,1,0.002773578744381666,0.09830557554960251,1.5055997967720032,0.0019517194014042616,0.002619822509586811,-0.0001402360067004338,-0.1663914932642101,-0.05865737468367248,-6.65032725207763,-0.058661914276368105,-0.0067696948535740376,0.0009479137370362878,1.5,0.0,0.0,0.0,0.0,0.0,0.0,0.0,0.0,-5.937107500558976,0.0812904162147243,-2.130126538395913,44.03243065310545,0.012635143524809064,0.0015316988985564024,0.1897498768866809,19.100833082609206,18.9800637099234,6.015596479694955,0.016,0.016,fixed_switch,0.3264505863189697,0.3264505863189697,0.32751962542533875,0.32751962542533875,0.6861569881439209,0.0053632198832929134,-0.004008926916867495,0.017871296033263206,0.017758183181285858,0.3265434503555298,0.3265434503555298,0.327592134475708,0.327592134475708,0.6851125359535217,0.005111647769808769,-0.0038008105475455523,0.017925869673490524,0.01781458966434002,7.043999910354614,0.0,0.003999948501586914,0,0,0.0007877572206780314,-0.0012800454860553145,0.0025703408755362034,3,-0.6887057802962303,,4.0,3.5,8.0,3.8,3.2,4.0,0.15,0.12,3.0,0.7347996639194019,-0.0029103934738162495,0.0010056684703111521,0.012449427148406496,0.0007877572206780314,-0.0012800454860553145,0.0025703408755362034,-0.014903396674169971,0.0032168087670553175,0.014650231520255963,0.012635143524809064,-0.0015316988985564024,-0.1897498768866809,1.0,0.9999952591205484,0.0,roll,0.0,0.0,0.0,0.0,0,3.552000045776367,settle_a,1.2,0.008419721998507157,1,-0.013565092017659834,0.04772104566060189,0.018741908091849415,0.02664247769007329,-0.012944260804634355,0.05578897794018718,0.017317081810741087,0.05614433321246127
8.672000169754028,direct_px4_equiv,1,1,14,0,0,1,0,1,0.002613235032185912,0.0983366072177887,1.5058229565620422,0.0018534546252340078,0.0017834748141467571,-9.760953980730847e-05,-0.16626617362694848,-0.05829253300223805,-6.652494787049831,-0.05829707043120603,-0.0067696948535740376,0.0009479137370362878,1.5,0.0,0.0,0.0,0.0,0.0,0.0,0.0,0.0,-5.937107500558976,0.08345798066839781,-2.1174721582642144,44.021806151691564,0.016473289808691585,0.005241410213052937,0.1869403495354443,19.098964246347517,18.967093183420236,6.019006514810606,0.02,0.02,fixed_switch,0.3263355791568756,0.3263355791568756,0.32750311493873596,0.32750311493873596,0.6863514184951782,0.005314898211508989,-0.003922502510249615,0.017777178436517715,0.017654309049248695,0.32644978165626526,0.32644978165626526,0.3275185227394104,0.3275185227394104,0.6861529350280762,0.005363536532968283,-0.00401167431846261,0.01787254400551319,0.017759455367922783,7.068000078201294,0.0,0.004000186920166016,0,0,-0.0004944039392285049,-0.00010989401198457927,0.0020033721812069416,3,-0.6887057802962303,,4.0,3.5,8.0,3.8,3.2,4.0,0.15,0.12,3.0,0.7368461763688281,-0.002908185578762302,0.0009992595586834484,0.012487246944717437,-0.0004944039392285049,-0.00010989401198457927,0.0020033721812069416,-0.014973128824184216,0.0032407836344184294,0.014949501454969162,0.016473289808691585,-0.005241410213052937,-0.1869403495354443,1.0,0.9999952719687838,0.0,roll,0.0,0.0,0.0,0.0,0,3.576000213623047,settle_a,1.2,0.011833434000436682,1,-0.013573510705182097,0.051490938341119084,0.018845689207914764,0.02296616626646434,-0.0126652087035666,0.055462644861299405,0.01716105795896791,0.05584865579058456
8.696000099182129,direct_px4_equiv,1,1,14,0,0,1,0,1,0.002472677268087864,0.09831029176712036,1.506130039691925,0.001783857587724924,0.0009200429194606841,-0.0002933334617409855,-0.16655946973368896,-0.057196854043038536,-6.655208618271843,-0.057201344349030805,-0.0067696948535740376,0.0009479137370362878,1.5,0.0,0.0,0.0,0.0,0.0,0.0,0.0,0.0,-5.937107500558976,0.08419230794948873,-2.1037404010898526,44.012350930553524,0.014352439534368969,0.0010032220741895436,0.18648945386481083,19.093762774213722,18.96885336108378,6.012216605703059,0.012,0.012,fixed_switch,0.3263511657714844,0.3263511657714844,0.32745712995529175,0.32745712995529175,0.6859641671180725,0.005309127736836672,-0.003906432539224625,0.01766013540327549,0.017544487491250038,0.3263004720211029,0.3263004720211029,0.32747575640678406,0.32747575640678406,0.6862302422523499,0.005367788951843977,-0.003954686224460602,0.017658991739153862,0.017536116763949394,7.0920000076293945,0.0,0.003999948501586914,0,0,0.00022146223636809736,-0.0014015446649864316,0.0018136128783226013,3,-0.6887057802962303,,4.0,3.5,8.0,3.8,3.2,4.0,0.15,0.12,3.0,0.7394604982483931,-0.002913208276285214,0.0009800357135516023,0.012534584064636593,0.00022146223636809736,-0.0014015446649864316,0.0018136128783226013,-0.015043006123554668,0.003264537485126189,0.015249880186132572,0.014352439534368969,-0.0010032220741895436,-0.18648945386481083,1.0,0.9999952763737134,0.0,roll,0.0,0.0,0.0,0.0,0,3.6000001430511475,settle_a,1.2,0.016579308001382742,1,-0.013573510705538486,0.04770695290097506,0.01893873648730107,0.026821614201554562,-0.012613319592884857,0.055117631373673204,0.01714242613068408,0.0554809511999087
8.72000002861023,direct_px4_equiv,1,1,14,0,0,1,0,1,0.002310286508873105,0.0982033982872963,1.5065303444862366,0.0019166908459737897,-9.34759373194538e-05,-0.0007002353086136281,-0.16578630479048048,-0.056300638068817695,-6.657991672543328,-0.056305084905491416,-0.0067696948535740376,0.0009479137370362878,1.5,0.0,0.0,0.0,0.0,0.0,0.0,0.0,0.0,-5.937107500558976,0.08206382665505013,-2.0854976913586927,44.003284253344766,0.013478982039410475,0.0029398667247940704,0.19200121903124,19.086555845044554,18.96500883899595,6.0134610443075545,0.016,0.016,fixed_switch,0.32631707191467285,0.32631707191467285,0.32739341259002686,0.32739341259002686,0.68603515625,0.005429262761026621,-0.004060828592628241,0.017510391771793365,0.01739877089858055,0.3263081908226013,0.3263081908226013,0.32745036482810974,0.32745036482810974,0.6859765648841858,0.005339211318641901,-0.003949788864701986,0.017589528113603592,0.017470574006438255,7.115999937057495,0.0,0.003999948501586914,0,0,0.0004907316761091352,-0.000769724661950022,0.0026315960567444563,3,-0.6887057802962303,,4.0,3.5,8.0,3.8,3.2,4.0,0.15,0.12,3.0,0.7419205939967422,-0.002899639503854027,0.0009644083612684595,0.012583129806078093,0.0004907316761091352,-0.000769724661950022,0.0026315960567444563,-0.015112741287317228,0.003287843677602569,0.01555147916453398,0.013478982039410475,-0.0029398667247940704,-0.19200121903124,1.0,0.9999953310031514,0.0,roll,0.0,0.0,0.0,0.0,0,3.624000072479248,settle_a,1.2,0.000648893001198303,1,-0.013585457735060617,0.04771643812717421,0.019094027283681283,0.02677475830077481,-0.013111843975043244,0.05465984915386691,0.017530325021346053,0.05501051755716399
8.74399995803833,direct_px4_equiv,1,1,14,0,0,1,0,1,0.0022452850826084614,0.09806664288043976,1.5068684220314026,0.0020637400448322296,-0.0010264605516567826,-0.0009220356005243957,-0.16537527245892264,-0.054470193206713854,-6.660541035331525,-0.05447452911631494,-0.0067696948535740376,0.0009479137370362878,1.5,0.0,0.0,0.0,0.0,0.0,0.0,0.0,0.0,-5.937107500558976,0.07757880952312896,-2.0685641756302067,43.99304018862193,0.01342554217087154,0.0012946859617891757,0.1894951398589595,19.08235108855273,18.961544633799726,6.0098471135122145,0.012,0.012,fixed_switch,0.32628634572029114,0.32628634572029114,0.3273562490940094,0.3273562490940094,0.6858289837837219,0.005331315565854311,-0.004036357626318932,0.017371248453855515,0.017261166125535965,0.3263097107410431,0.3263097107410431,0.3274161219596863,0.3274161219596863,0.6858631372451782,0.005285848863422871,-0.0039269267581403255,0.017516793683171272,0.017402024939656258,7.139999866485596,0.0,0.003999948501586914,0,0,0.0004969469155184925,-0.0012291091261431575,0.002100355224683881,3,-0.6887057802962303,,4.0,3.5,8.0,3.8,3.2,4.0,0.15,0.12,3.0,0.7441677654921125,-0.002892285766469066,0.0009324424598582207,0.012627573896766596,0.0004969469155184925,-0.0012291091261431575,0.002100355224683881,-0.015182243345257232,0.003310576667033091,0.015854077661347832,0.01342554217087154,-0.0012946859617891757,-0.1894951398589595,1.0,0.9999953826169318,0.0,roll,0.0,0.0,0.0,0.0,0,3.6480000019073486,settle_a,1.2,0.004576446997816674,1,-0.013585457735484065,0.05149729249607152,0.019203499796750092,0.02308685648038684,-0.013032830462196375,0.054227551066916894,0.017214066350388746,0.05457338411745858
8.764000177383423,direct_px4_equiv,1,1,14,0,0,1,0,1,0.002220945432782173,0.09795817732810974,1.5070980191230774,0.0021138200536370277,-0.0015754448249936104,-0.0010684615699574351,-0.16600558256059436,-0.05279125993600846,-6.662608796390185,-0.052795490155227956,-0.0067696948535740376,0.0009479137370362878,1.5,0.0,0.0,0.0,0.0,0.0,0.0,0.0,0.0,-5.937107500558976,0.07475689667627756,-2.0591138319715303,43.98554072560458,0.017646570506712502,-0.0005718807437294443,0.18931765178344892,19.086313068811705,18.953062390768682,6.00634816008003,0.012,0.012,fixed_switch,0.3262110948562622,0.3262110948562622,0.32739126682281494,0.32739126682281494,0.6856293082237244,0.00530614098533988,-0.004054022952914238,0.017299553379416466,0.01717866025865078,0.32628390192985535,0.32628390192985535,0.32735419273376465,0.32735419273376465,0.6858175992965698,0.005330612417310476,-0.004043968860059977,0.01737622171640396,0.01726606674492359,7.1600000858306885,0.0,0.004000186920166016,0,0,-0.0008914901409298182,-0.0017619386781007051,0.00198383373208344,3,-0.6887057802962303,,4.0,3.5,8.0,3.8,3.2,4.0,0.15,0.12,3.0,0.7461953259911586,-0.0029031179037301664,0.0009030183461255763,0.012663621918417089,-0.0008914901409298182,-0.0017619386781007051,0.00198383373208344,-0.015240181649228387,0.0033288340937928317,0.016107027885202643,0.017646570506712502,0.0005718807437294443,-0.18931765178344892,1.0,0.9999953782323153,0.0,roll,0.0,0.0,0.0,0.0,0,3.6680002212524414,settle_a,1.2,0.004574943995976355,1,-0.013598507921432385,0.04771581244159175,0.01924140992459591,0.026873048789636284,-0.013089869671943092,0.0539683521109192,0.017132781873422535,0.05434815265695777
8.788000106811523,direct_px4_equiv,1,1,14,0,0,1,0,1,0.002237221458926797,0.09780200570821762,1.5074525475502014,0.0023084068670868874,-0.0025040381588041782,-0.001203455962240696,-0.16583639631892974,-0.05092991923281096,-6.664510549851281,-0.050934018288450435,-0.0067696948535740376,0.0009479137370362878,1.5,0.0,0.0,0.0,0.0,0.0,0.0,0.0,0.0,-5.937107500558976,0.06824020311568647,-2.0423107411488486,43.97291162479451,0.015248611586263484,-0.00042703844109382816,0.18601466717839205,19.076397629698043,18.95094353443484,6.004701956830732,0.016,0.016,fixed_switch,0.32619231939315796,0.32619231939315796,0.32730358839035034,0.32730358839035034,0.6855353713035583,0.0051713562570512295,-0.004027647897601128,0.017160166054964066,0.017047205939888954,0.32620835304260254,0.32620835304260254,0.32738906145095825,0.32738906145095825,0.6856194734573364,0.005306937266141176,-0.004060273990035057,0.017305057495832443,0.017184065654873848,7.184000015258789,0.0,0.003999948501586914,0,0,-9.663007949711755e-05,-0.0016610304592177272,0.0013443583156913519,3,-0.6887057802962303,,4.0,3.5,8.0,3.8,3.2,4.0,0.15,0.12,3.0,0.7478753756013812,-0.002899973801915702,0.0008705031298565466,0.012696764725293248,-9.663007949711755e-05,-0.0016610304592177272,0.0013443583156913519,-0.015309875419719414,0.003350077018410883,0.016411401102897624,0.015248611586263484,0.00042703844109382816,-0.18601466717839205,1.0,0.9999954161879345,0.0,roll,0.0,0.0,0.0,0.0,0,3.692000150680542,settle_a,1.2,0.008462261997919995,1,-0.013598507921857503,0.051492063184761315,0.01928877876124637,0.023045730517304144,-0.013004707640046588,0.05355537751088783,0.016697580617251982,0.05391025358474131
8.812000036239624,direct_px4_equiv,1,1,14,0,0,1,0,1,0.0022775002289563417,0.09770168364048004,1.5076645016670227,0.0024891518987715244,-0.003091511083766818,-0.0012352727353572845,-0.16675371210091003,-0.05033663302838408,-6.666053194337474,-0.050340700722429174,-0.0067696948535740376,0.0009479137370362878,1.5,0.0,0.0,0.0,0.0,0.0,0.0,0.0,0.0,-5.937107500558976,0.06330274489418815,-2.033161477569834,43.96339414970503,0.016474174729960978,0.0015300224260265177,0.18799598522615368,19.07256764202943,18.94370115676098,6.005863906149127,0.02,0.02,fixed_switch,0.3261280357837677,0.3261280357837677,0.3272697329521179,0.3272697329521179,0.6856016516685486,0.005182004068046808,-0.0041173771023750305,0.017089754343032837,0.016974175348877907,0.32619112730026245,0.32619112730026245,0.3273022174835205,0.3273022174835205,0.6855297088623047,0.005171559751033783,-0.004031520336866379,0.017161671072244644,0.01704872027039528,7.20799994468689,0.0,0.003999948501586914,0,0,-0.0004778232832904905,-0.0010315869003534317,0.001615257584489882,3,-0.6887057802962303,,4.0,3.5,8.0,3.8,3.2,4.0,0.15,0.12,3.0,0.7495392472743203,-0.0029159294382604005,0.000860007641938089,0.012723684021069312,-0.0004778232832904905,-0.0010315869003534317,0.001615257584489882,-0.01537963149887316,0.003370694618624856,0.016716550928836497,0.016474174729960978,-0.0015300224260265177,-0.18799598522615368,1.0,0.999995378871009,0.0,roll,0.0,0.0,0.0,0.0,0,3.7160000801086426,settle_a,1.2,0.01218639400030952,1,-0.013607100909042892,0.047711346504305106,0.019362514477135908,0.026890187288547966,-0.013294430218861628,0.05332594534864266,0.01673196057880595,0.05368904837267907
8.835999965667725,direct_px4_equiv,1,1,14,0,0,1,0,1,0.002379755023866892,0.09755613654851913,1.5079644322395325,0.002739043440669775,-0.003949407488107681,-0.0013934142189100385,-0.15879396300402965,-0.05213872313264719,-6.666658817811926,-0.052142943295337335,-0.0067696948535740376,0.0009479137370362878,1.5,0.0,0.0,0.0,0.0,0.0,0.0,0.0,0.0,-5.937107500558976,0.05757975200721553,-2.0120254254136656,43.953223210923674,-0.008283589556542206,0.010097926635323438,0.18350318412091138,19.024184566685076,18.970949306664355,6.015520026733943,0.012,0.012,fixed_switch,0.3263697624206543,0.3263697624206543,0.3268415331840515,0.3268415331840515,0.6861525774002075,0.005016295239329338,-0.0040634251199662685,0.016887614503502846,0.016840312629938126,0.3260303735733032,0.3260303735733032,0.32719361782073975,0.32719361782073975,0.6861376166343689,0.005000481382012367,-0.00404034648090601,0.016971392557024956,0.0168544240295887,7.23199987411499,0.0,0.003999948501586914,0,0,0.007544460706412792,0.0015899564605206251,0.000827464391477406,3,-0.6887057802962303,,4.0,3.5,8.0,3.8,3.2,4.0,0.15,0.12,3.0,0.7485213410802521,-0.0027772133519883314,0.0008923285721490356,0.012734234765719365,0.007544460706412792,0.0015899564605206251,0.000827464391477406,-0.015448808501410834,0.003391813293755809,0.01702210190833387,-0.008283589556542206,-0.010097926635323438,-0.18350318412091138,1.0,0.9999957454176615,0.0,roll,0.0,0.0,0.0,0.0,0,3.740000009536743,settle_a,1.2,0.016703630004485603,1,-0.01360710090937719,0.051503501950103364,0.01938111564446323,0.023168452787290007,-0.013120227851383153,0.05290540387398178,0.016196910053369484,0.053054003432621843
8.856000185012817,direct_px4_equiv,1,1,14,0,0,1,0,1,0.002474835840985179,0.09744975715875626,1.5081499218940735,0.002893044613301754,-0.004675291944295168,-0.001778672682121396,-0.1716482282695269,-0.04855150506111709,-6.666236523751623,-0.04855543693464462,-0.0067696948535740376,0.0009479137370362878,1.5,0.0,0.0,0.0,0.0,0.0,0.0,0.0,0.0,-5.937107500558976,0.04951105952475404,-2.0093868950901945,43.95088270626467,0.05624688630411381,0.002490894146672827,0.17942235326122732,19.125662334897566,18.877142908454154,6.005171940283856,0.012,0.012,fixed_switch,0.325536847114563,0.325536847114563,0.3277389705181122,0.3277389705181122,0.6855621933937073,0.004873385652899742,-0.004006943665444851,0.016949335113167763,0.01672889105975628,0.32645556330680847,0.32645556330680847,0.3267277777194977,0.3267277777194977,0.6862497925758362,0.004862868692725897,-0.003976730164140463,0.016800832003355026,0.016773661598563194,7.252000093460083,0.0,0.004000186920166016,0,0,-0.013591972179710865,-0.000677156844176352,0.0001524645194876939,3,-0.6887057802962303,,4.0,3.5,8.0,3.8,3.2,4.0,0.15,0.12,3.0,0.7507031281773544,-0.003001156539598738,0.000828303551590233,0.012726870930659336,-0.013591972179710865,-0.000677156844176352,0.0001524645194876939,-0.015506919719174218,0.003409798520208662,0.017276675358736445,0.05624688630411381,-0.002490894146672827,-0.17942235326122732,1.0,0.999995153486434,0.0,roll,0.0,0.0,0.0,0.0,0,3.760000228881836,settle_a,1.2,0.01646305000031134,1,-0.01368323698537072,0.047652359572748965,0.01956577358706937,0.01899624294662329,-0.012937856012284591,0.05255536168987677,0.0157354758906682,0.053247908545500974
8.880000114440918,direct_px4_equiv,1,1,14,0,0,1,0,1,0.0028121534269303083,0.0971488431096077,1.5085981488227844,0.0034219082444906235,-0.005430157762020826,-0.0023120844271034002,-0.175566961697912,-0.048442455449064135,-6.665070275944613,-0.04844636498159396,-0.0067696948535740376,0.0009479137370362878,1.5,0.0,0.0,0.0,0.0,0.0,0.0,0.0,0.0,-5.937107500558976,0.034473330257278265,-1.9972289454259868,43.941545216170134,0.01811515206702187,0.005851987205524689,0.17799728624594247,19.06140294965155,18.9285175539697,6.008013508708365,0.016,0.016,fixed_switch,0.32599326968193054,0.32599326968193054,0.3271709680557251,0.3271709680557251,0.6857243776321411,0.004701445810496807,-0.004107632674276829,0.01680091954767704,0.016683684661984444,0.32578298449516296,0.32578298449516296,0.327770859003067,0.327770859003067,0.6831236481666565,0.004737743176519871,-0.004061897750943899,0.016910970211029053,0.016712382435798645,7.276000022888184,0.0,0.003999948501586914,0,0,-0.0007667008321732283,0.0003769107279367745,-4.1681887523736805e-05,3,-0.6887057802962303,,4.0,3.5,8.0,3.8,3.2,4.0,0.15,0.12,3.0,0.7504718739760609,-0.0030695292560291507,0.0008259963350005208,0.012706543408848185,-0.0007667008321732283,0.0003769107279367745,-4.1681887523736805e-05,-0.015580213785804148,0.0034296817151695624,0.01758178789173276,0.01811515206702187,-0.005851987205524689,-0.17799728624594247,1.0,0.9999949478604183,0.0,roll,0.0,0.0,0.0,0.0,0,3.7840001583099365,settle_a,1.2,0.0012070570010109805,1,-0.013860935160048871,0.04765286048985853,0.017095543280653016,0.023939180750056535,-0.013262967642858529,0.052413342675099554,0.015180306712197974,0.05278164517110465
8.904000043869019,direct_px4_equiv,1,1,14,0,0,1,0,1,0.0030523263849318027,0.09692220389842987,1.5088339447975159,0.0034076266456395388,-0.006473250221461058,-0.0023175326641649008,-0.17712283683344074,-0.052652561680413296,-6.665355648358405,-0.05265681501887862,-0.0067696948535740376,0.0009479137370362878,1.5,0.0,0.0,0.0,0.0,0.0,0.0,0.0,0.0,-5.937107500558976,0.03166122951841898,-1.9785959069972239,43.93035325310359,0.019350414837613388,0.01471389685653474,0.18340941847772335,19.051994363240883,18.91607581282506,6.017961748265475,0.012,0.012,fixed_switch,0.32588279247283936,0.32588279247283936,0.3270877003669739,0.3270877003669739,0.6862918138504028,0.004815828986465931,-0.00426594540476799,0.01665499061346054,0.016536064445972443,0.32598575949668884,0.32598575949668884,0.327165812253952,0.327165812253952,0.6857288479804993,0.004713511094450951,-0.004094451665878296,0.01681363955140114,0.016696082428097725,7.299999952316284,0.0,0.003999948501586914,0,0,-0.0011315017472952604,0.0030201065819710493,0.0008625499904155731,3,-0.6887057802962303,,4.0,3.5,8.0,3.8,3.2,4.0,0.15,0.12,3.0,0.7514041507120057,-0.003097152781754015,0.0008992948325666999,0.012711645873316349,-0.0011315017472952604,0.0030201065819710493,0.0008625499904155731,-0.015654260478945067,0.0034504358012563702,0.017886727201787925,0.019350414837613388,-0.01471389685653474,-0.18340941847772335,1.0,0.99999479945674,0.0,roll,0.0,0.0,0.0,0.0,0,3.808000087738037,settle_a,1.2,0.00464630700298585,1,-0.014086081962806047,0.05155810390945017,0.016666390626347363,0.02805472172559834,-0.013774135996154662,0.05194957830555061,0.01554963378223409,0.052323193796561224
8.92799997329712,direct_px4_equiv,1,1,14,0,0,1,0,1,0.0033136806450784206,0.09665995091199875,1.5090706944465637,0.003341933712363243,-0.0074914926663041115,-0.0022686286829411983,-0.17897693004811335,-0.059404560422843956,-6.666974524003112,-0.05940938073994485,-0.0067696948535740376,0.0009479137370362878,1.5,0.0,0.0,0.0,0.0,0.0,0.0,0.0,0.0,-5.937107500558976,0.03121253957542898,-1.9599225067864343,43.91806268797132,0.0186106144633847,0.022958762442426884,0.18417657205384783,19.039396314324176,18.906443378972607,6.026997539263843,0.016,0.016,fixed_switch,0.3257972300052643,0.3257972300052643,0.3269762098789215,0.3269762098789215,0.686806857585907,0.004833553452044725,-0.004291255958378315,0.016506075859069824,0.016390711069107056,0.32587724924087524,0.32587724924087524,0.3270838260650635,0.3270838260650635,0.6863002777099609,0.004832218401134014,-0.004256134852766991,0.01666390523314476,0.016544751822948456,7.323999881744385,0.0,0.003999948501586914,0,0,-0.0008287921082228422,0.005394292995333672,0.0009240519721060991,3,-0.6887057802962303,,4.0,3.5,8.0,3.8,3.2,4.0,0.15,0.12,3.0,0.75392458974917,-0.003130275240130401,0.0010168869859873639,0.012740096451591632,-0.0008287921082228422,0.005394292995333672,0.0009240519721060991,-0.015729033272552546,0.0034736104954927556,0.01819213221698767,0.0186106144633847,-0.022958762442426884,-0.18417657205384783,1.0,0.9999945836584254,0.0,roll,0.0,0.0,0.0,0.0,0,3.8320000171661377,settle_a,1.2,0.008331548000569455,1,-0.014089408602087933,0.047620015267777725,0.016497970294451457,0.024225570223886488,-0.013855861610451178,0.05149293791263569,0.01560686314353539,0.05185536772428913
8.952000141143799,direct_px4_equiv,1,1,14,0,0,1,0,1,0.0034860349260270596,0.09648072719573975,1.5092180371284485,0.003262678161263466,-0.008156366646289825,-0.0022054025903344154,-0.1793298760057146,-0.07119088660389218,-6.670857664239788,-0.07119672086278216,-0.0067696948535740376,0.0009479137370362878,1.5,0.0,0.0,0.0,0.0,0.0,0.0,0.0,0.0,-5.937107500558976,0.03715047681425977,-1.9474043543341726,43.908673929109405,0.01345971490569627,0.042960087557398136,0.20089138425141978,19.014274149383507,18.897538095672587,6.051825495854969,0.008,0.02,fixed_switch,0.32571813464164734,0.32571813464164734,0.32675376534461975,0.32675376534461975,0.6882200837135315,0.005300143733620644,-0.00466153072193265,0.016408292576670647,0.016307467594742775,0.3257204592227936,0.3257204592227936,0.32696014642715454,0.32696014642715454,0.6869243383407593,0.004844840615987778,-0.004287440329790115,0.016510510817170143,0.01639503613114357,7.3480000495910645,0.0,0.004000186920166016,0,0,0.0009038058924488723,0.01129104569554329,0.003594149835407734,3,-0.6887057802962303,,4.0,3.5,8.0,3.8,3.2,4.0,0.15,0.12,3.0,0.7588013994903455,-0.003137786553973427,0.00122244712734923,0.012808194257795079,0.0009038058924488723,0.01129104569554329,0.003594149835407734,-0.01580440564073814,0.003500655313461059,0.018498821678726372,0.01345971490569627,-0.042960087557398136,-0.20089138425141978,1.0,0.9999943299587266,0.0,roll,0.0,0.0,0.0,0.0,0,3.8560001850128174,settle_a,1.2,0.012899227003799751,1,-0.014348428525728233,0.05154022689384365,0.016148330160217016,0.028116832036312985,-0.01505142568490117,0.05123141905006764,0.017113417886874694,0.05154817143171147
8.9760000705719,direct_px4_equiv,1,1,14,0,0,1,0,1,0.003730365540832281,0.09619959443807602,1.5094299912452698,0.003067996818572283,-0.009176150895655155,-0.0027877665124833584,-0.1763610508154276,-0.07844946956477986,-6.676396402485727,-0.07845599035733293,-0.0067696948535740376,0.0009479137370362878,1.5,0.0,0.0,0.0,0.0,0.0,0.0,0.0,0.0,-5.937107500558976,0.039280588160032534,-1.924455609723054,43.90865783758291,0.008562748616383562,0.024027666922322083,0.2105553212036132,19.0183058921806,18.917352444023944,6.0272397757017,0.012,0.012,fixed_switch,0.3258941173553467,0.3258941173553467,0.3267894685268402,0.3267894685268402,0.6868206858634949,0.005551939830183983,-0.00488180760294199,0.01619776524603367,0.0161117110401392,0.3258161246776581,0.3258161246776581,0.32682499289512634,0.32682499289512634,0.6871523857116699,0.005308789666742086,-0.004675357136875391,0.01620996743440628,0.016112957149744034,7.371999979019165,0.0,0.003999948501586914,0,0,0.00245099700987339,0.005156092345714569,0.005001237150281668,3,-0.6887057802962303,,4.0,3.5,8.0,3.8,3.2,4.0,0.15,0.12,3.0,0.7641883345282835,-0.0030868481444443915,0.0013493131975736877,0.012905027195438292,0.00245099700987339,0.005156092345714569,0.005001237150281668,-0.015879083329084935,0.003531946052741832,0.01880750239592338,0.008562748616383562,-0.024027666922322083,-0.2105553212036132,1.0,0.9999943253614108,0.0,roll,0.0,0.0,0.0,0.0,0,3.880000114440918,settle_a,1.2,0.01658601999952225,1,-0.013776574315246978,0.04756050559218241,0.018016234265523037,0.02412694237813913,-0.01576266877766691,0.050616432828911755,0.017926431515797654,0.05088678286342478
9.0,direct_px4_equiv,1,1,14,0,0,1,0,1,0.004101984668523073,0.09571020305156708,1.509709894657135,0.003101516980677843,-0.010737267322838306,-0.004395920317620039,-0.1729314643538331,-0.08193929944315162,-6.681702277752896,-0.08194620306732164,-0.0067696948535740376,0.0009479137370362878,1.5,0.0,0.0,0.0,0.0,0.0,0.0,0.0,0.0,-5.937107500558976,0.031761425729650086,-1.8888961486432208,43.924652561512765,0.008898766935648379,0.01393178879481678,0.2103360334274888,19.03079268539442,18.930088884273435,6.016168018580159,0.016,0.016,fixed_switch,0.326007217168808,0.326007217168808,0.32690003514289856,0.32690003514289856,0.6861895322799683,0.005480892490595579,-0.004934219177812338,0.015887511894106865,0.015803372487425804,0.32600006461143494,0.32600006461143494,0.3268449604511261,0.3268449604511261,0.6867457032203674,0.005476436577737331,-0.004857799969613552,0.016068093478679657,0.015987545251846313,7.395999908447266,0.0,0.003999948501586914,0,0,0.0022396130952984095,0.001895751804113388,0.004743322730064392,3,-0.6887057802962303,,4.0,3.5,8.0,3.8,3.2,4.0,0.15,0.12,3.0,0.7689113421270622,-0.003027450019217206,0.001410466991412857,0.012997682653655532,0.0022396130952984095,0.001895751804113388,0.004743322730064392,-0.015952282784270758,0.003565207123364862,0.019118558518232926,0.008898766935648379,-0.01393178879481678,-0.2103360334274888,1.0,0.9999944225642973,0.0,roll,0.0,0.0,0.0,0.0,0,3.9040000438690186,settle_a,1.2,0.0005918260067119263,1,-0.014221518180645413,0.04753318628576533,0.01911273384651693,0.024202268317939587,-0.01593189839027219,0.04964775753323076,0.017697029273448107,0.04991209135859201
9.02400016784668,direct_px4_equiv,1,1,14,0,0,1,0,1,0.004242501687258482,0.09550213068723679,1.5098095536231995,0.0030497286934405565,-0.011332151480019093,-0.0044020903296768665,-0.17060639787152343,-0.0847346240191927,-6.687412054410934,-0.08474187943701844,-0.0067696948535740376,0.0009479137370362878,1.5,0.0,0.0,0.0,0.0,0.0,0.0,0.0,0.0,-5.937107500558976,0.03102981914478091,-1.8749848810935221,43.91813445172535,0.011493545585919664,0.013213780108384485,0.20861944019907538,19.031728009848855,18.92370071194467,6.014331970336058,0.012,0.012,fixed_switch,0.3259505033493042,0.3259505033493042,0.32690832018852234,0.32690832018852234,0.6860848665237427,0.005434026475995779,-0.004897465463727713,0.015775736421346664,0.015686117112636566,0.32597869634628296,0.32597869634628296,0.326867014169693,0.326867014169693,0.6864832639694214,0.005369245074689388,-0.004797934554517269,0.01588570326566696,0.015801986679434776,7.420000076293945,0.0,0.004000186920166016,0,0,0.0013082715449854732,0.0015871289651840925,0.004214798100292683,3,-0.6887057802962303,,4.0,3.5,8.0,3.8,3.2,4.0,0.15,0.12,3.0,0.7742300699798039,-0.0029872605436391184,0.0014593683193048935,0.01309737494951369,0.0013082715449854732,0.0015871289651840925,0.004214798100292683,-0.016024254812159782,0.0035998708101446513,0.019431854973429814,0.011493545585919664,-0.013213780108384485,-0.20861944019907538,1.0,0.9999944732593499,0.0,roll,0.0,0.0,0.0,0.0,0,3.9280002117156982,settle_a,1.2,0.004409214001498185,1,-0.01475575742906608,0.05146787696341383,0.019062062873649553,0.02808489557101809,-0.015813226757475592,0.049279392348164565,0.017545705614989714,0.04956093718155446
9.04800009727478,direct_px4_equiv,1,1,14,0,0,1,0,1,0.004414839204400778,0.09518960118293762,1.5098865628242493,0.0030681067146360874,-0.012162159197032452,-0.00441463477909565,-0.17131797614603786,-0.07359911717826374,-6.692477033584119,-0.0736055076984846,-0.0067696948535740376,0.0009479137370362878,1.5,0.0,0.0,0.0,0.0,0.0,0.0,0.0,0.0,-5.937107500558976,0.017407080681964518,-1.8577153299954163,43.91243884178252,0.013332236146802751,0.0052924658423185115,0.20608766732504252,19.03659723761714,18.923451677349686,6.003023194120089,0.016,0.016,fixed_switch,0.3259482979774475,0.3259482979774475,0.32695144414901733,0.32695144414901733,0.6854395270347595,0.00525948079302907,-0.004944570828229189,0.01563052274286747,0.015537546947598457,0.3259471654891968,0.3259471654891968,0.3269040882587433,0.3269040882587433,0.686075747013092,0.005444918293505907,-0.004908910486847162,0.01577756553888321,0.01568802073597908,7.444000005722046,0.0,0.003999948501586914,0,0,0.0007141867536120117,-0.0005541255814023316,0.0035755708813667297,3,-0.6887057802962303,,4.0,3.5,8.0,3.8,3.2,4.0,0.15,0.12,3.0,0.778148767806371,-0.0029984631999382294,0.0012648077424893952,0.013185492610729634,0.0007141867536120117,-0.0005541255814023316,0.0035755708813667297,-0.016095809780932835,0.003633959539506849,0.01974746365818118,0.013332236146802751,-0.0052924658423185115,-0.20608766732504252,1.0,0.9999947047398091,0.0,roll,0.0,0.0,0.0,0.0,0,3.952000141143799,settle_a,1.2,0.008619205000286456,1,-0.014019395074574248,0.04750459886446492,0.019989309849485683,0.02418097457235243,-0.01596532188859372,0.04881264318489962,0.016982122551175677,0.04910473387239348
9.07200002670288,direct_px4_equiv,1,1,14,0,0,1,0,1,0.0045076217502355576,0.09498004615306854,1.5098887085914612,0.0029130694456398487,-0.012627179734408855,-0.004456221591681242,-0.1726992990010299,-0.05921570959317542,-6.694977981673797,-0.05922088709200082,-0.0067696948535740376,0.0009479137370362878,1.5,0.0,0.0,0.0,0.0,0.0,0.0,0.0,0.0,-5.937107500558976,0.005886904365749013,-1.848565375126254,43.909895911397,0.014261281074263691,-0.022892748477676916,0.19715305960673,19.054780853119958,18.938986941052722,5.965829456405413,0.02,0.02,fixed_switch,0.3260861933231354,0.3260861933231354,0.3271123766899109,0.3271123766899109,0.6833127737045288,0.00493910675868392,-0.004813211504369974,0.015540705993771553,0.01544619258493185,0.32630252838134766,0.32630252838134766,0.3276825547218323,0.3276825547218323,0.6783619523048401,0.005181959830224514,-0.00493407528847456,0.015603696927428246,0.015476357191801071,7.4679999351501465,0.0,0.003999948501586914,0,0,0.0004416582523845136,-0.008930366486310959,0.0019575178157538176,3,-0.6887057802962303,,4.0,3.5,8.0,3.8,3.2,4.0,0.15,0.12,3.0,0.7796369484750353,-0.003020939063473554,0.0010135507116810897,0.013228776978241697,0.0004416582523845136,-0.008930366486310959,0.0019575178157538176,-0.016167860224243265,0.003660850277241338,0.02006461052326227,0.014261281074263691,0.022892748477676916,-0.19715305960673,1.0,0.9999949233210044,0.0,roll,0.0,0.0,0.0,0.0,0,3.9760000705718994,settle_a,1.2,0.012597774002642836,1,-0.017252440402691478,0.05146276897370796,0.019948517231992,0.028198475293114277,-0.015541181190359424,0.0485256448233867,0.015947679519768613,0.04882256827850668
9.095999956130981,direct_px4_equiv,1,1,14,0,0,1,0,1,0.004608024377375841,0.09466742724180222,1.5099473595619202,0.0025932365097105503,-0.0131780244410038,-0.004893487319350243,-0.17120274552450532,-0.058956782586948295,-6.69505881150922,-0.05896193967329539,-0.0067696948535740376,0.0009479137370362878,1.5,0.0,0.0,0.0,0.0,0.0,0.0,0.0,0.0,-5.937107500558976,0.006973772333909022,-1.8336553354367466,43.91252360164641,0.009768718565096703,0.007062550054854789,0.18054876421716792,19.02861903391563,18.92701197852156,6.00516019150594,0.012,0.012,fixed_switch,0.32597988843917847,0.32597988843917847,0.3268807828426361,0.3268807828426361,0.68556147813797,0.004538849927484989,-0.004400907550007105,0.015425020828843117,0.015342592261731625,0.3259943425655365,0.3259943425655365,0.3271048069000244,0.3271048069000244,0.6841310858726501,0.004732782952487469,-0.004590940196067095,0.015421346761286259,0.015319865196943283,7.491999864578247,0.0,0.003999948501586914,0,0,0.001897452981211245,0.0004379743186291307,-0.0008612515521235764,3,-0.6887057802962303,,4.0,3.5,8.0,3.8,3.2,4.0,0.15,0.12,3.0,0.7793649054763918,-0.0029947907750066684,0.0010092023916339844,0.013230171879504272,0.001897452981211245,0.0004379743186291307,-0.0008612515521235764,-0.016239954075405467,0.0036850374449375963,0.020382199971369898,0.009768718565096703,-0.007062550054854789,-0.18054876421716792,1.0,0.9999950063690989,0.0,roll,0.0,0.0,0.0,0.0,0,4.0,a_to_b,1.2,0.016574658002355136,1,-0.01686025009035216,0.04752738230143752,0.01766221446829632,0.024227857153783297,-0.014209910545835928,0.04820017504652221,0.014655306355210309,0.04845913323581363
9.116000175476074,direct_px4_equiv,1,1,14,0,0,1,0,1,0.004656970500946045,0.09445665031671524,1.509946882724762,0.002312704222276807,-0.013651254586875439,-0.004898202605545521,-0.08927368333572097,-0.04416574177483286,-6.69558605612109,-0.044169610093296834,-0.0067696948535740376,0.0010020914304355933,1.5,0.0,0.008058044121021247,0.0,0.0,0.7921378702980623,0.0,0.0,0.0,-5.937107500558976,-0.4342584100960007,1.9181852487919608,43.91859675570811,-0.20488740759517896,-0.04143036489705876,0.18235343450650335,18.674518533911545,19.36363825074221,5.935470656854415,0.012,0.012,fixed_switch,0.32983431220054626,0.32983431220054626,0.3237306475639343,0.3237306475639343,0.6815719604492188,0.0009474463295191526,-0.008194915018975735,-0.015772532671689987,-0.01635506935417652,0.32598406076431274,0.32598406076431274,0.32653194665908813,0.32653194665908813,0.6855752468109131,0.0031931076664477587,-0.005864894483238459,0.0028543833177536726,0.002845099428668618,7.51200008392334,0.0,0.004000186920166016,0,0,0.0710645392537117,-0.014287834987044334,-0.0005555882235057652,3,-0.6887057802962303,,4.0,3.5,8.0,3.8,3.2,4.0,0.15,0.12,3.0,0.7650243800738276,-0.0015631873059671268,0.0007605074441911552,0.013238448458067525,0.0710645392537117,-0.014287834987044334,-0.0005555882235057652,-0.016289851044409987,0.0037035438072706515,0.020646945232795734,-0.20488740759517896,0.04143036489705876,-0.18235343450650335,1.0,0.9999984890369575,0.0,roll,0.0,0.0,0.0,0.0,0,4.020000219345093,a_to_b,1.2,0.016834754998853896,1,-0.016763128041671297,0.05143240114741345,0.01716951633232913,0.028143996124887955,-0.02646022604303685,-0.051380963528813564,0.003059170790067402,-0.04955087465393948
9.140000104904175,direct_px4_equiv,1,1,14,0,0,1,0,1,0.004706741310656071,0.0941338837146759,1.509899914264679,0.002430424327030778,-0.01313869934529066,-0.014508023858070374,0.14316167945371872,0.03817320638872955,-6.6787992433763055,0.0381764026097819,-0.0067696948535740376,0.0015074164937506657,1.5,0.0,0.03743002496350212,0.0,0.0,1.6366011814272676,0.0,0.0,0.0,-5.937107500558976,-1.0004263286816495,6.3743340748658905,44.07022063527604,-0.5740985123471061,-0.17063143575426878,0.11884117970375026,18.440670443888656,20.394340498736614,5.778590622466649,0.016,0.016,fixed_switch,0.3387641906738281,0.3387641906738281,0.321633905172348,0.321633905172348,0.6725043654441833,-0.004922471474856138,-0.011602351441979408,-0.04994926229119301,-0.0552922785282135,0.3355553448200226,0.3355553448200226,0.3212745487689972,0.3212745487689972,0.6754936575889587,-0.0007019960321485996,-0.009898979216814041,-0.027249490842223167,-0.029655443504452705,7.53600001335144,0.0,0.003999948501586914,0,0,0.18739348649978638,-0.052190281450748444,-0.010451482608914375,3,-0.6887057802962303,,4.0,3.5,8.0,3.8,3.2,4.0,0.15,0.12,3.0,0.7563925508436266,0.002502901653286999,-0.000650061467196191,0.012945695907084996,0.18739348649978638,-0.052190281450748444,-0.010451482608914375,-0.01626722712944616,0.0037017656910517042,0.02096192079227566,-0.5740985123471061,0.17063143575426878,-0.11884117970375026,1.0,0.9999966564516586,0.0,roll,0.0,0.0,0.0,0.0,0,4.044000148773193,a_to_b,1.2,0.0005620410011033528,1,-0.024725963029771245,-0.10433933339066649,0.009194516448957546,-0.10976455195373117,-0.037462357585358964,-0.17370581835172622,-0.015893966231118023,-0.15692024095018295
9.164000034332275,direct_px4_equiv,1,1,14,0,0,1,0,1,0.004817676264792681,0.09415934979915619,1.5096636414527893,0.004731816239655018,0.019878139719367027,-0.007461315952241421,0.22448865959381972,0.06646812087873138,-6.604613113114548,0.06647261963198166,-0.0067696948535740376,0.0029500807578780952,1.5,0.0,0.08572507791902931,0.0,0.0,2.369865176276243,0.0,0.0,0.0,-5.937107500558976,-1.4610819790854934,9.994774271597574,43.92468623870132,-0.1162501990877616,-0.032773892156986076,-0.19228799478164602,19.288055051581587,20.030590955300905,5.930200386448038,0.012,0.012,fixed_switch,0.3356390595436096,0.3356390595436096,0.32917022705078125,0.32917022705078125,0.6812692880630493,-0.016323601827025414,-0.007302133832126856,-0.08026223629713058,-0.08342339843511581,0.33913493156433105,0.33913493156433105,0.32408052682876587,0.32408052682876587,0.67069411277771,-0.008563417010009289,-0.011844798922538757,-0.06517982482910156,-0.07128250598907471,7.559999942779541,0.0,0.003999948501586914,0,0,0.03240370750427246,-0.008272320032119751,-0.060307539999485016,3,-0.6887057802962303,,4.0,3.5,8.0,3.8,3.2,4.0,0.15,0.12,3.0,0.7074958190996898,0.003924754078369784,-0.0011372428262091104,0.011652355899058107,0.03240370750427246,-0.008272320032119751,-0.060307539999485016,-0.01618386075283555,0.0036755290390677532,0.021256949073452405,-0.1162501990877616,0.032773892156986076,0.19228799478164602,1.0,0.9999916514917366,0.0,roll,0.0,0.0,0.0,0.0,0,4.068000078201294,a_to_b,1.2,0.00458916999923531,1,-0.026812770050447087,-0.17995991645673973,0.002694217344580225,-0.17422656115120055,-0.023577561750455386,-0.26208232448023433,-0.052706608876864534,-0.2521512451853887
9.187999963760376,direct_px4_equiv,1,1,14,0,0,1,0,1,0.004949409514665604,0.0952104702591896,1.5096765160560608,0.007796812802553177,0.06777025759220123,0.002344178268685937,0.1952625981039848,0.04172121371604085,-6.4465557830214255,0.04172286181575071,-0.0067696948535740376,0.0057526721965711364,1.5,0.0,0.15033202656693706,0.0,0.0,2.996729812501974,0.0,0.0,0.0,-5.937107500558976,-1.8131146456443532,13.087330398740502,43.73942393061694,0.09369581629214574,0.10146999891472365,-0.5404809349415711,19.828220059161172,20.120949303634955,6.073522784442296,0.016,0.016,fixed_switch,0.3364180028438568,0.3364180028438568,0.33388808369636536,0.33388808369636536,0.6894526481628418,-0.028124235570430756,-0.0014502555131912231,-0.10543718934059143,-0.10705474764108658,0.33736497163772583,0.33736497163772583,0.33057960867881775,0.33057960867881775,0.6812241077423096,-0.017636600881814957,-0.008184032514691353,-0.0902005285024643,-0.09393620491027832,7.583999872207642,0.0,0.003999948501586914,0,0,-0.03700127452611923,0.03279523923993111,-0.11275699734687805,3,-0.6887057802962303,,4.0,3.5,8.0,3.8,3.2,4.0,0.15,0.12,3.0,0.5472458747323544,0.0034111769114294065,-0.0007130132673147483,0.008892751021376646,-0.03700127452611923,0.03279523923993111,-0.11275699734687805,-0.016100611349457918,0.003656546199951502,0.021501202623390645,0.09369581629214574,-0.10146999891472365,0.5404809349415711,1.0,0.9999939277419143,0.0,roll,0.0,0.0,0.0,0.0,0,4.0920000076293945,a_to_b,1.2,0.008757342999160755,1,-0.022865215889239406,-0.2271113783804098,-0.007732166031456672,-0.23773343635308178,-0.004682670891145615,-0.3363224121637491,-0.09080919192970185,-0.3312406904161771
9.208000183105469,direct_px4_equiv,1,1,14,0,0,1,0,1,0.005089674144983292,0.09665323793888092,1.5097182393074036,0.010506443679332733,0.10887647420167923,0.0006225474644452333,0.125744464268866,0.01922451826991272,-6.240129830602808,0.019224785243373135,-0.0067696948535740376,0.00938949840269785,1.5,0.0,0.21482839590348704,0.0,0.0,3.4413083591982674,0.0,0.0,0.0,-5.937107500558976,-2.0555125488297996,15.460572699787924,43.77743527774054,0.21092843795894306,-0.0297821238173038,-0.9399021173867745,20.47157971514962,20.586382709013055,5.903936173225832,0.016,0.016,fixed_switch,0.34040287137031555,0.34040287137031555,0.339424192905426,0.339424192905426,0.6797589659690857,-0.039909087121486664,0.006475933827459812,-0.12253066152334213,-0.1232542172074318,0.3374499976634979,0.3374499976634979,0.33473333716392517,0.33473333716392517,0.6893358826637268,-0.028883881866931915,-0.0018057457637041807,-0.11004750430583954,-0.11186299473047256,7.604000091552734,0.0,0.004000186920166016,0,0,-0.07370460778474808,-0.009094341658055782,-0.1719425916671753,3,-0.6887057802962303,,4.0,3.5,8.0,3.8,3.2,4.0,0.15,0.12,3.0,0.328658602588633,0.002195533927791619,-0.0003297263509868263,0.005289094593543832,-0.07370460778474808,-0.009094341658055782,-0.1719425916671753,-0.016047325147579644,0.0036429715817403474,0.021637717175987135,0.21092843795894306,0.0297821238173038,0.9399021173867745,1.0,0.9999975354555676,0.0,roll,0.0,0.0,0.0,0.0,0,4.112000226974487,a_to_b,1.2,0.008426184002019,1,-0.018274958904215988,-0.2924047693521688,-0.030274255787232446,-0.3055346363882562,0.020909878460807645,-0.38721453480584433,-0.12886082535515164,-0.38494141565277057
9.23200011253357,direct_px4_equiv,1,1,14,0,0,1,0,1,0.005372947547584772,0.10024794936180115,1.5098748803138733,0.013538516126573086,0.18525376915931702,0.004741162993013859,0.0029134871194613134,-0.052554794551552576,-5.895161805528972,-0.05255480411824271,-0.0067696948535740376,0.015581393485169974,1.5,0.0,0.30294111141716745,0.0,0.0,3.8855729579623257,0.0,0.0,0.0,-5.937107500558976,-2.1867850463029916,17.607078509559162,43.73011994264008,0.24033794242585843,0.14337541927302008,-1.3915088160706484,20.804018611168985,20.993420752288,6.120428878606357,0.02,0.02,fixed_switch,0.3438510298728943,0.3438510298728943,0.3422507345676422,0.3422507345676422,0.6921098828315735,-0.0522775761783123,0.01668425463140011,-0.1377411186695099,-0.13908104598522186,0.3414869010448456,0.3414869010448456,0.3403528928756714,0.3403528928756714,0.6798418164253235,-0.040548138320446014,0.006409733090549707,-0.12666086852550507,-0.12752865254878998,7.628000020980835,0.0,0.003999948501586914,0,0,-0.08070044219493866,0.04271703585982323,-0.23411628603935242,3,-0.6887057802962303,,4.0,3.5,8.0,3.8,3.2,4.0,0.15,0.12,3.0,0.06730573223917545,5.118575111710556e-05,0.0009172354430065961,-0.0007321165726825327,-0.08070044219493866,0.04271703585982323,-0.23411628603935242,-0.01602314831023303,0.003651064337657948,0.02168415268486677,0.24033794242585843,-0.14337541927302008,1.3915088160706484,1.0,0.999999578029565,0.0,roll,0.0,0.0,0.0,0.0,0,4.136000156402588,a_to_b,1.2,0.012561014998937026,1,-0.01074819772298052,-0.3531146935146812,-0.0458084533331021,-0.35578290817045427,0.05387110972219592,-0.4369360132956912,-0.16879693073926347,-0.43272648955710374
9.25600004196167,direct_px4_equiv,1,1,14,0,0,0,0,0,0.005756034981459379,0.10612387210130692,1.5101495385169983,0.016568338498473167,0.2777629494667053,0.006502740550786257,-0.15736098304768795,-0.20055909615254075,-5.4406627098765545,-0.20056661364975922,-0.0067696948535740376,0.024006911083152883,1.5,0.0,0.40059295626044567,0.0,0.0,4.2370381337619385,0.0,0.0,0.0,-5.937107500558976,-2.1463685265858423,19.203498197556623,43.744808807263375,0.4377767641650597,0.47300971031553884,-2.129114540032616,21.291816559874572,21.118379875796773,6.551770928780985,0.012,0.012,fixed_switch,0.3449028730392456,0.3449028730392456,0.34635764360427856,0.34635764360427856,0.7160831689834595,-0.0714186578989029,0.03515884280204773,-0.15024034678936005,-0.14891815185546875,0.34362921118736267,0.34362921118736267,0.3431064784526825,0.3431064784526825,0.6960465908050537,-0.06332030892372131,0.028173182159662247,-0.1379031389951706,-0.13833938539028168,7.6519999504089355,0.0,0.003999948501586914,0,0,-0.1443784236907959,0.1405046582221985,-0.3399856984615326,3,-0.6887057802962303,,4.0,3.5,8.0,3.8,3.2,4.0,0.15,0.12,3.0,0.5578261130897737,-0.0027312714509737665,0.003512276934717803,-0.008659740896320225,-0.1443784236907959,0.1405046582221985,-0.3399856984615326,-0.016057574037413595,0.0037027882158491765,0.021559134289955033,0.4377767641650597,-0.47300971031553884,2.129114540032616,1.0,0.9999901020329126,0.0,roll,0.0,0.0,0.0,0.0,0,4.1600000858306885,a_to_b,1.2,0.016508756001712754,1,-0.00024429890140023126,-0.39456226267673267,-0.06476728175402749,-0.41332928547383746,0.11352294882443242,-0.46784017706928593,-0.23060077751584804,-0.47199397541674776
9.27999997138977,direct_px4_equiv,1,1,14,0,0,0,0,0,0.0063776420429348946,0.1181255355477333,1.5108547806739807,0.01964518055319786,0.4198002815246582,0.011478228494524956,-0.33397302287804703,-0.3484873113561585,-4.892494193694589,-0.3485452088028131,-0.0067696948535740376,0.03486872434395034,1.5,0.0,0.5056143501537194,0.0,0.0,4.500503844254089,0.0,0.0,0.0,-5.937107500558976,-1.9486340862353084,19.614553758555846,43.69350466643731,0.4450687441932421,0.36077390548939947,-2.7038687614238595,21.550321428411678,21.422016808089147,6.402158195506187,0.008,0.016,fixed_switch,0.34744587540626526,0.34744587540626526,0.34851500391960144,0.34851500391960144,0.7078599333763123,-0.08347123116254807,0.050619810819625854,-0.15136706829071045,-0.15039193630218506,0.3470161259174347,0.3470161259174347,0.34683865308761597,0.34683865308761597,0.7160723805427551,-0.07521789520978928,0.040878184139728546,-0.1484132558107376,-0.1483658105134964,7.675999879837036,0.0,0.003999948501586914,0,0,-0.14134038984775543,0.10068074613809586,-0.41485098004341125,3,-0.6887057802962303,,4.0,3.5,8.0,3.8,3.2,4.0,0.15,0.12,3.0,1.1498128237169007,-0.005773206636660836,0.006135098311976361,-0.01821380101045478,-0.14134038984775543,0.10068074613809586,-0.41485098004341125,-0.016164056686717894,0.0038251010793185665,0.021220258796716702,0.4450687441932421,-0.36077390548939947,2.7038687614238595,1.0,0.9999645153271163,0.0,roll,0.0,0.0,0.0,0.0,0,4.184000015258789,a_to_b,1.2,0.000931472000957001,1,0.04985216252946335,-0.4473245325566926,-0.11113702926907254,-0.4799920120698186,0.16344424066509014,-0.47247021514619275,-0.26951684364341055,-0.4755336554127238
9.300000190734863,direct_px4_equiv,1,1,14,0,0,0,0,0,0.006921468768268824,0.13079138100147247,1.511343538761139,0.02096603438258171,0.534312903881073,0.012002547271549702,-0.507892472168279,-0.4201939094277071,-4.385293169971437,-0.4203480534037872,-0.0067696948535740376,0.04589257090050293,1.5,0.0,0.5972773923862309,0.0,0.0,4.656301499506027,0.0,0.0,0.0,-5.937107500558976,-1.7673831629818413,19.77768803852444,43.72694840040998,0.5832173100669964,0.270252625535255,-2.9606216429187038,21.905423068519955,21.417527505645573,6.292075717112533,0.016,0.016,fixed_switch,0.3474084138870239,0.3474084138870239,0.35145753622055054,0.35145753622055054,0.7017478346824646,-0.08874347060918808,0.057402536273002625,-0.15276655554771423,-0.14908722043037415,0.3485237956047058,0.3485237956047058,0.3494844138622284,0.3494844138622284,0.7080435752868652,-0.08399970084428787,0.05119204521179199,-0.15439863502979279,-0.1535041183233261,7.696000099182129,0.0,0.004000186920166016,0,0,-0.18165312707424164,0.06960048526525497,-0.43743014335632324,3,-0.6887057802962303,,4.0,3.5,8.0,3.8,3.2,4.0,0.15,0.12,3.0,1.6842915264893743,-0.008764183365022925,0.007453043825683593,-0.02705049454919772,-0.18165312707424164,0.06960048526525497,-0.43743014335632324,-0.016318254943673036,0.003963964302291788,0.020750888805035415,0.5832173100669964,-0.270252625535255,2.9606216429187038,1.0,0.9999338206162907,0.0,roll,0.0,0.0,0.0,0.0,0,4.204000234603882,a_to_b,1.2,0.0007706410033279099,1,0.07505780101530807,-0.46531118025052626,-0.1402174802415845,-0.5034295561859873,0.18534469834096146,-0.46837131459046105,-0.2865401530000116,-0.4799302977413451
9.324000120162964,direct_px4_equiv,1,1,14,0,0,0,0,0,0.007301079574972391,0.14091257750988007,1.5115538239479065,0.02132519893348217,0.6146103143692017,0.011563804000616074,-0.6942461624924215,-0.49976957142465045,-3.748590329582229,-0.5001343205925751,-0.0067696948535740376,0.06158104157105898,1.5,0.0,0.710557082580228,0.0,0.0,4.770900523533672,0.0,0.0,0.0,-5.937107500558976,-1.5710898923791086,20.832599444779273,43.80340796848849,0.41145204918395817,0.36378812955686135,-3.2641964063589337,21.97853682327287,21.96972705074817,6.427466576914467,0.012,0.012,fixed_switch,0.3519878387451172,0.3519878387451172,0.3520604372024536,0.3520604372024536,0.7092576622962952,-0.09316202998161316,0.06709803640842438,-0.15723392367362976,-0.15716522932052612,0.35230523347854614,0.35230523347854614,0.3525111675262451,0.3525111675262451,0.7036352753639221,-0.09054780006408691,0.06192052736878395,-0.15914879739284515,-0.15895138680934906,7.7200000286102295,0.0,0.003999948501586914,0,0,-0.12004077434539795,0.09685598313808441,-0.46258556842803955,3,-0.6887057802962303,,4.0,3.5,8.0,3.8,3.2,4.0,0.15,0.12,3.0,2.346915022352875,-0.011947907146977804,0.00895224107893347,-0.03814061017781112,-0.12004077434539795,0.09685598313808441,-0.46258556842803955,-0.01657537999913652,0.0041634630060145795,0.019946829366464035,0.41145204918395817,-0.36378812955686135,3.2641964063589337,1.0,0.9998885524470054,0.0,roll,0.0,0.0,0.0,0.0,0,4.228000164031982,a_to_b,1.2,0.004404184001032263,1,0.10447990048136661,-0.4756253409780565,-0.16301165262549427,-0.5238656037582897,0.21665009894211365,-0.4937491094060273,-0.30080707769604653,-0.4939649434253391
9.348000049591064,direct_px4_equiv,1,1,14,0,0,0,0,0,0.007880659773945808,0.15932691097259521,1.5118959546089172,0.021016888320446014,0.7362160086631775,0.0032248899806290865,-0.861550030134189,-0.5007337320639381,-3.1172183269143643,-0.5013406819935128,-0.0067696948535740376,0.08001396362558053,1.5,0.0,0.8256847496458062,0.0,0.0,4.811100017912655,0.0,0.0,0.0,-5.937107500558976,-1.342315916471905,20.791688115554077,43.99741874674891,0.39545096240379357,0.15283185407985558,-3.3794071476473513,22.193433561405897,22.180012962125215,6.183498979940645,0.016,0.016,fixed_switch,0.3537166118621826,0.3537166118621826,0.353826642036438,0.353826642036438,0.6956667900085449,-0.09293510019779205,0.07089141011238098,-0.15527863800525665,-0.15517650544643402,0.35382917523384094,0.35382917523384094,0.3538616895675659,0.3538616895675659,0.7098351120948792,-0.09386582672595978,0.06869756430387497,-0.1620883196592331,-0.1620565503835678,7.74399995803833,0.0,0.003999948501586914,0,0,-0.10788469016551971,0.030824335291981697,-0.4561658501625061,3,-0.6887057802962303,,4.0,3.5,8.0,3.8,3.2,4.0,0.15,0.12,3.0,2.9871962396136236,-0.014817011342486015,0.009106517890929592,-0.04914384058868659,-0.10788469016551971,0.030824335291981697,-0.4561658501625061,-0.01690546022331951,0.0043899061188152925,0.018877123441299465,0.39545096240379357,-0.15283185407985558,3.3794071476473513,1.0,0.9998487637577336,0.0,roll,0.0,0.0,0.0,0.0,0,4.252000093460083,a_to_b,1.2,0.008560384994780179,1,0.1320897726333641,-0.49943025852474093,-0.1861054063808967,-0.5231075934506781,0.2288983699454087,-0.4875013899689773,-0.3000743434250706,-0.4878222183706674
9.371999979019165,direct_px4_equiv,1,1,14,0,0,0,0,0,0.008259100839495659,0.17316849529743195,1.5118170380592346,0.020697062835097313,0.8208380341529846,-0.014008247293531895,-1.0520016770680485,-0.37976743506076743,-2.5108571073255774,-0.38044746013302677,-0.0067696948535740376,0.10121472223326877,1.5,0.0,0.9409324094444267,0.0,0.0,4.7816999402999585,0.0,0.0,0.0,-5.937107500558976,-1.2298228936607543,21.178769622912185,44.38104898819761,0.48387992275919745,-0.17362281085666662,-3.461556426021342,22.753600359866468,22.500050513602545,5.813263504923918,0.02,0.02,fixed_switch,0.3563319742679596,0.3563319742679596,0.35839083790779114,0.35839083790779114,0.674518883228302,-0.09279634803533554,0.07184182107448578,-0.1559763103723526,-0.15408729016780853,0.35457029938697815,0.35457029938697815,0.3546387255191803,0.3546387255191803,0.6957281231880188,-0.09339957684278488,0.07153844088315964,-0.15744821727275848,-0.1573837846517563,7.767999887466431,0.0,0.003999948501586914,0,0,-0.12885473668575287,-0.0680786743760109,-0.4452148675918579,3,-0.6887057802962303,,4.0,3.5,8.0,3.8,3.2,4.0,0.15,0.12,3.0,3.600813099565252,-0.018154186017983253,0.0071738305899315,-0.05972677107371411,-0.12885473668575287,-0.0680786743760109,-0.4452148675918579,-0.017307552599712162,0.004584696791626556,0.01754805813311392,0.48387992275919745,0.17362281085666662,3.461556426021342,1.0,0.9998094808419727,0.0,roll,0.0,0.0,0.0,0.0,0,4.276000022888184,a_to_b,1.2,0.012742824001179542,1,0.14709792566907648,-0.5115791073565857,-0.20512149851262176,-0.5457352521901232,0.23196711188106622,-0.48407949252498456,-0.29962634196906224,-0.4900140312385268
9.396000146865845,direct_px4_equiv,1,1,14,0,0,0,0,0,0.008770990185439587,0.19737105071544647,1.5114455819129944,0.018572760745882988,0.9487471580505371,-0.02841038629412651,-1.2196105489383025,-0.19500030290385845,-1.9518839730373057,-0.19547294513020805,-0.0067696948535740376,0.1251668649027977,1.5,0.0,1.054688394069577,0.0,0.0,4.68749900658736,0.0,0.0,0.0,-5.937107500558976,-1.1109497891080755,20.3866315632354,44.6925774168618,0.42914077447642196,-0.4020442935388395,-3.2695853412202984,22.712701426287598,22.52582975496036,5.560772416090045,0.012,0.012,fixed_switch,0.35654184222221375,0.35654184222221375,0.35805949568748474,0.35805949568748474,0.6597079038619995,-0.08604574203491211,0.06765188276767731,-0.14947374165058136,-0.14814616739749908,0.35395193099975586,0.35395193099975586,0.35692617297172546,0.35692617297172546,0.6644288301467896,-0.08803064376115799,0.06895806640386581,-0.144743874669075,-0.14223670959472656,7.79200005531311,0.0,0.004000186920166016,0,0,-0.10415656119585037,-0.13382543623447418,-0.3895822763442993,3,-0.6887057802962303,,4.0,3.5,8.0,3.8,3.2,4.0,0.15,0.12,3.0,4.17017079631607,-0.021154584583029566,0.0041412655965695575,-0.06950101523879688,-0.10415656119585037,-0.13382543623447418,-0.3895822763442993,-0.017784252640705066,0.0047158524543312935,0.015976224002771114,0.42914077447642196,0.4020442935388395,3.2695853412202984,1.0,0.9997676667456987,0.0,roll,0.0,0.0,0.0,0.0,0,4.300000190734863,a_to_b,1.2,0.016583083997829817,1,0.15828270659694113,-0.5203835643696694,-0.2197114526957242,-0.5454799909472906,0.21843840167681483,-0.4654149260702703,-0.27782958361136606,-0.46958559106198533
9.420000076293945,direct_px4_equiv,1,1,14,0,0,0,0,0,0.009052200242877007,0.21550649404525757,1.5109823346138,0.01658247783780098,1.035986065864563,-0.03511040285229683,-1.3960281570422173,-0.003234414738836253,-1.4396017222764699,-0.003244404977886565,-0.0067696948535740376,0.15181588682127162,1.5,0.0,1.1654528447347092,0.0,0.0,4.533299085759425,0.0,0.0,0.0,-5.937107500558976,-1.0407190687074435,20.11729146425771,44.88170837881335,0.6002403107462799,-0.4277136018618961,-3.159126109977817,22.945203448880466,22.272838022964255,5.55440368013044,0.016,0.016,fixed_switch,0.3544771075248718,0.3544771075248718,0.3599390685558319,0.3599390685558319,0.6593300104141235,-0.08372408896684647,0.06453393399715424,-0.1491502970457077,-0.144446462392807,0.35351985692977905,0.35351985692977905,0.35728561878204346,0.35728561878204346,0.6583951115608215,-0.0845000147819519,0.06616532057523727,-0.14199404418468475,-0.13889649510383606,7.815999984741211,0.0,0.003999948501586914,0,0,-0.15615299344062805,-0.13682422041893005,-0.34972137212753296,3,-0.6887057802962303,,4.0,3.5,8.0,3.8,3.2,4.0,0.15,0.12,3.0,4.709045482654234,-0.024343706214885723,0.0010124273740987283,-0.07846962465464807,-0.15615299344062805,-0.13682422041893005,-0.34972137212753296,-0.018338298461857368,0.004768725320151339,0.01418001858277368,0.6002403107462799,0.4277136018618961,3.159126109977817,1.0,0.9997031794612296,0.0,roll,0.0,0.0,0.0,0.0,0,4.324000120162964,a_to_b,1.2,0.0006731280009262264,1,0.1732702189816874,-0.5249589178056856,-0.2377648218979488,-0.5390298258390676,0.2083709906966952,-0.4537919374323354,-0.2703332930800901,-0.46856948420691297
9.444000005722046,direct_px4_equiv,1,1,14,0,0,0,0,0,0.009457963518798351,0.2682429552078247,1.5093160271644592,0.00984640046954155,1.2544516324996948,-0.04900201037526131,-1.5621231517452718,0.1726575184115358,-0.9804144139209495,0.17330561376933276,-0.0067696948535740376,0.18107342408915425,1.5,0.0,1.2718445144267918,0.0,0.0,4.323899513594203,0.0,0.0,0.0,-5.937107500558976,-0.8613477474757067,16.707034446559778,45.15486832551277,0.5309791223970096,-0.40132722735023096,-2.8493165937827776,22.236829981182087,21.548311969975234,5.629046067765183,0.012,0.012,fixed_switch,0.34849828481674194,0.34849828481674194,0.35418227314949036,0.35418227314949036,0.6637454032897949,-0.07475149631500244,0.058759260922670364,-0.12671811878681183,-0.12258441001176834,0.35197198390960693,0.35197198390960693,0.3551698327064514,0.3551698327064514,0.6654809713363647,-0.08073405176401138,0.06453762203454971,-0.13431888818740845,-0.13183200359344482,7.8399999141693115,0.0,0.003999948501586914,0,0,-0.12891994416713715,-0.12321650981903076,-0.27800050377845764,3,-0.6887057802962303,,4.0,3.5,8.0,3.8,3.2,4.0,0.15,0.12,3.0,5.201984071907722,-0.02736810887791807,-0.0018314260169352654,-0.08651654994219102,-0.12891994416713715,-0.12321650981903076,-0.27800050377845764,-0.01896667491564375,0.0047530187408860915,0.012181998198426785,0.5309791223970096,0.40132722735023096,2.8493165937827776,1.0,0.999623816248578,0.0,roll,0.0,0.0,0.0,0.0,0,4.3480000495910645,a_to_b,1.2,0.004501556999457534,1,0.1785592769701236,-0.5134062636645508,-0.24043262034521914,-0.5320836493339709,0.18972537960458252,-0.3851102720074121,-0.24136204168124767,-0.39809669279989707
9.468000173568726,direct_px4_equiv,1,1,14,0,0,0,0,0,0.009465986862778664,0.3047504127025604,1.5079191327095032,0.005161316599696875,1.3813812732696533,-0.059800028800964355,-1.6937224744756916,0.34391607044406897,-0.5929350820823481,0.34541750738101,-0.0067696948535740376,0.2128194209113754,1.5,0.0,1.3725971836884567,0.0,0.0,4.064097432420766,0.0,0.0,0.0,-5.937107500558976,-0.7903148988753514,14.898351476649207,45.3831322796658,0.3858750429233963,-0.3893700711771498,-2.597776706948615,21.767416854176943,21.375603482901475,5.6769632308223406,0.016,0.016,fixed_switch,0.34705832600593567,0.34705832600593567,0.3503168225288391,0.3503168225288391,0.6665644645690918,-0.0674833431839943,0.053888317197561264,-0.11330533772706985,-0.1111777275800705,0.3493143916130066,0.3493143916130066,0.35491037368774414,0.35491037368774414,0.663530170917511,-0.07550577819347382,0.05941695347428322,-0.129118412733078,-0.12497054785490036,7.864000082015991,0.0,0.004000186920166016,0,0,-0.07709121704101562,-0.11421256512403488,-0.21907953917980194,3,-0.6887057802962303,,4.0,3.5,8.0,3.8,3.2,4.0,0.15,0.12,3.0,5.621326355884892,-0.029807487670849557,-0.004617204410780216,-0.09331761185705988,-0.07709121704101562,-0.11421256512403488,-0.21907953917980194,-0.019655072742713747,0.0046707176025747345,0.010008775236717544,0.3858750429233963,0.3893700711771498,2.597776706948615,1.0,0.9995450975367618,0.0,roll,0.0,0.0,0.0,0.0,0,4.372000217437744,a_to_b,1.2,0.008873991995642427,1,0.18165079256437142,-0.5073329477596215,-0.23963620830361992,-0.5302892921935531,0.17399778193699122,-0.3492751359461355,-0.2178941994157964,-0.3559592160999154
9.492000102996826,direct_px4_equiv,1,1,14,0,0,0,0,0,0.009264212101697922,0.34473907947540283,1.5061524510383606,0.000132656074129045,1.5045475959777832,-0.07634540647268295,-1.8425570922737753,0.5277953381713,-0.26730155773433495,0.5303899357402486,-0.0067696948535740376,0.2469038320841068,1.5,0.0,1.4665568520245036,0.0,0.0,3.7586980013998668,0.0,0.0,0.0,-5.937107500558976,-0.7609050928248187,12.791382242252237,45.71595817630787,0.47447344823211546,-0.42105469418468316,-2.3305909111631764,21.689384880402,20.93837202726632,5.68170240327818,0.016,0.016,fixed_switch,0.3433866500854492,0.3433866500854492,0.3496702313423157,0.3496702313423157,0.6668426394462585,-0.061159368604421616,0.047266945242881775,-0.0988079309463501,-0.0952785313129425,0.34543564915657043,0.34543564915657043,0.3522375822067261,0.3522375822067261,0.6641415357589722,-0.06314544379711151,0.048195723444223404,-0.11655793339014053,-0.11203034222126007,7.888000011444092,0.0,0.003999948501586914,0,0,-0.10240188986063004,-0.11895861476659775,-0.1602499932050705,3,-0.6887057802962303,,4.0,3.5,8.0,3.8,3.2,4.0,0.15,0.12,3.0,5.992787208806969,-0.0325731441856788,-0.007608843236973563,-0.09905050866539293,-0.10240188986063004,-0.11895861476659775,-0.1602499932050705,-0.02041033402915271,0.004519692590417084,0.00768714000493191,0.47447344823211546,0.42105469418468316,2.3305909111631764,1.0,0.9994405478501646,0.0,roll,0.0,0.0,0.0,0.0,0,4.396000146865845,a_to_b,1.2,0.01238710900361184,1,0.17912323734261432,-0.49072876363901535,-0.2357764619734975,-0.5013241579422234,0.15261830900516224,-0.2993263280636768,-0.19747498233337568,-0.31041425873298956
9.516000032424927,direct_px4_equiv,1,1,14,0,0,0,0,0,0.008967144414782524,0.3736759126186371,1.5046642422676086,-0.003436074126511812,1.5833473205566406,-0.08093327283859253,-1.9619092329470835,0.6733287164133607,-0.014139390921277252,0.6769422177496833,-0.0067696948535740376,0.2831512821977014,1.5,0.0,1.5526877603530447,0.0,0.0,3.4124988396960636,0.0,0.0,0.0,-5.937107500558976,-0.7583345303024784,11.391119219704116,45.831757826199436,0.42796990749087244,-0.410516313009361,-1.7900458623668782,21.38900747650437,20.677897402970228,5.711261261180296,0.012,0.012,fixed_switch,0.34118106961250305,0.34118106961250305,0.34717029333114624,0.34717029333114624,0.6685749888420105,-0.04836076870560646,0.03512215614318848,-0.08882417529821396,-0.0857960432767868,0.3408135771751404,0.3408135771751404,0.34693244099617004,0.34693244099617004,0.6730918884277344,-0.052473586052656174,0.039526861160993576,-0.08738408237695694,-0.08434168249368668,7.911999940872192,0.0,0.003999948501586914,0,0,-0.08401528745889664,-0.11132176220417023,-0.05797773599624634,3,-0.6887057802962303,,4.0,3.5,8.0,3.8,3.2,4.0,0.15,0.12,3.0,6.2862305677610895,-0.03480084582218041,-0.009965348512699554,-0.10351326645654735,-0.08401528745889664,-0.11132176220417023,-0.05797773599624634,-0.021224142527535867,0.004305491947708685,0.005244414005007094,0.42796990749087244,0.410516313009361,1.7900458623668782,1.0,0.9993447964584241,0.0,roll,0.0,0.0,0.0,0.0,0,4.420000076293945,a_to_b,1.2,0.0167458389987587,1,0.17440634803428934,-0.4654298126311423,-0.22848520411239542,-0.48015419716604796,0.11340448919503147,-0.2695362170006143,-0.15615011255798428,-0.2790493668075773
9.539999961853027,direct_px4_equiv,1,1,14,0,0,0,0,0,0.007707107346504927,0.45173293352127075,1.5002477765083313,-0.013857548125088215,1.7656441926956177,-0.11141882836818695,-2.0744454662035148,0.861740253100499,0.17202995706951354,0.8666612323502463,-0.0067696948535740376,0.32136259210436197,1.5,0.0,1.6300683173395152,0.0,0.0,3.0302999049663537,0.0,0.0,0.0,-5.937107500558976,-0.7192276724140992,7.045601762722308,46.407341682996226,0.401949570072137,-0.5100501853198615,-1.444443730912804,21.217943715045944,20.372246530178973,5.661080275231935,0.016,0.016,fixed_switch,0.33857518434524536,0.33857518434524536,0.3457387387752533,0.3457387387752533,0.6656313538551331,-0.0394371934235096,0.02710634097456932,-0.05532071739435196,-0.053094640374183655,0.34016117453575134,0.34016117453575134,0.34630298614501953,0.34630298614501953,0.6674965620040894,-0.044954944401979446,0.031976960599422455,-0.07531283050775528,-0.07269295305013657,7.935999870300293,0.0,0.003999948501586914,0,0,-0.07225104421377182,-0.1369195133447647,0.00845611933618784,3,-0.6887057802962303,,4.0,3.5,8.0,3.8,3.2,4.0,0.15,0.12,3.0,6.523283321610496,-0.03695277515498377,-0.013087087522813515,-0.10682545665407321,-0.07225104421377182,-0.1369195133447647,0.00845611933618784,-0.022091127848958985,0.004020153526149768,0.0027116989424795382,0.401949570072137,0.5100501853198615,1.444443730912804,1.0,0.9992316102451515,0.0,roll,0.0,0.0,0.0,0.0,0,4.444000005722046,a_to_b,1.2,0.0006757039955118671,1,0.15792476636607244,-0.39983874446637463,-0.2151278573837896,-0.42952378607105457,0.08752255681376313,-0.16680173246120933,-0.1273371358739141,-0.1737951577011327
9.56000018119812,direct_px4_equiv,1,1,14,0,0,0,0,0,0.007707107346504927,0.45173293352127075,1.5002477765083313,-0.013857548125088215,1.7656441926956177,-0.11141882836818695,-2.1499106157973396,0.9496593023283162,0.267456497160723,0.9552537963543933,-0.0067696948535740376,0.3545478922327033,1.5,0.0,1.687283330852599,0.0,0.0,2.687758996778633,0.0,0.0,0.0,-5.937107500558976,-0.7754793189457748,7.017301882733617,46.41682888131178,0.3781887174131641,-0.3090768412781208,-1.029482325506615,21.01005103659922,20.214557745035627,5.922768478690924,0.016,0.016,fixed_switch,0.3372231125831604,0.3372231125831604,0.3439911901950836,0.3439911901950836,0.6808422803878784,-0.030346982181072235,0.01753298193216324,-0.055530451238155365,-0.053407568484544754,0.3379823565483093,0.3379823565483093,0.3453659117221832,0.3453659117221832,0.6695989966392517,-0.03565845638513565,0.023180915042757988,-0.05561727285385132,-0.05330866947770119,7.956000089645386,0.0,0.004000186920166016,0,0,-0.06229199841618538,-0.07154040783643723,0.08293715119361877,3,-0.6887057802962303,,4.0,3.5,8.0,3.8,3.2,4.0,0.15,0.12,3.0,6.651027874408667,-0.038361373320448464,-0.014516785640455693,-0.10852488991749483,-0.06229199841618538,-0.07154040783643723,0.08293715119361877,-0.022846901915232705,0.0037407849653654564,0.0005543344654062555,0.3781887174131641,0.3090768412781208,1.029482325506615,1.0,0.9991588339304653,0.0,roll,0.0,0.0,0.0,0.0,0,4.464000225067139,a_to_b,1.2,0.000552453006093856,1,0.14835582049831972,-0.35977428449913845,-0.19892818047558844,-0.37978867855714704,0.056611528383381286,-0.1677848191013141,-0.09798612771103145,-0.17445405210252596
9.58400011062622,direct_px4_equiv,1,1,14,0,0,0,0,0,0.005480801220983267,0.5376793146133423,1.494859755039215,-0.02584998309612274,1.9222162961959839,-0.1228799819946289,-2.2264141672017033,1.045853954725949,0.30191408463130165,1.052083754835974,-0.0067696948535740376,0.39577541211922707,1.5,0.0,1.7466101849646711,0.0,0.0,2.2520267474346443,0.0,0.0,0.0,-5.937107500558976,-0.6707683755509523,2.5111345684593127,46.657155634059755,0.373429960956766,-0.32230029537708316,-0.4473852621176974,20.915369839100997,19.907645139681467,5.940157421738659,0.012,0.012,fixed_switch,0.3345763683319092,0.3345763683319092,0.343192458152771,0.343192458152771,0.6818409562110901,-0.01580147258937359,0.0050805904902517796,-0.020089011639356613,-0.019119907170534134,0.3356553912162781,0.3356553912162781,0.34326303005218506,0.34326303005218506,0.6814367175102234,-0.02645462192595005,0.014753767289221287,-0.034380052238702774,-0.03291027992963791,7.980000019073486,0.0,0.003999948501586914,0,0,-0.058805886656045914,-0.07279211282730103,0.18313302099704742,3,-0.6887057802962303,,4.0,3.5,8.0,3.8,3.2,4.0,0.15,0.12,3.0,6.724846614381707,-0.039789757717596456,-0.016108450071772782,-0.10916670948543986,-0.058805886656045914,-0.07279211282730103,0.18313302099704742,-0.023788117952604392,0.0033700159609852125,-0.002063228150587909,0.373429960956766,0.32230029537708316,0.4473852621176974,1.0,0.9990786464245236,0.0,roll,0.0,0.0,0.0,0.0,0,4.488000154495239,a_to_b,1.2,0.0048207029976765625,1,0.13189571645658651,-0.31613197284931766,-0.18058826190267277,-0.3220084272867194,0.01640451104031566,-0.06006695719592887,-0.051020725942143096,-0.06311149123543873
9.608000040054321,direct_px4_equiv,1,1,14,0,0,0,0,0,0.0035805583465844393,0.5926179885864258,1.4912155270576477,-0.033969540148973465,2.0003108978271484,-0.12623679637908936,-2.241306437546028,1.1104998038780227,0.2635230195301038,1.1170330860789592,-0.0067696948535740376,0.4382990165977834,1.5,0.0,1.795201098697848,0.0,0.0,1.7938946607235435,0.0,0.0,0.0,-5.937107500558976,-0.5960769563171675,-0.2989547633614982,46.744035484462344,0.1829552400697525,-0.23653414115263477,-0.05028105990340236,20.62444003711229,20.06056601818882,6.064812203229893,0.016,0.016,fixed_switch,0.33589765429496765,0.33589765429496765,0.34072670340538025,0.34072670340538025,0.6889581084251404,-0.005777955055236816,-0.0033316384069621563,0.00237184576690197,0.0023069982416927814,0.3344918489456177,0.3344918489456177,0.34320884943008423,0.34320884943008423,0.6815978288650513,-0.015993811190128326,0.004910815507173538,-0.018928730860352516,-0.018005207180976868,8.003999948501587,0.0,0.003999948501586914,0,0,0.00537157291546464,-0.04435746371746063,0.2490067034959793,3,-0.6887057802962303,,4.0,3.5,8.0,3.8,3.2,4.0,0.15,0.12,3.0,6.705786892814675,-0.04010463654532319,-0.017234060998903834,-0.1085213522310543,0.00537157291546464,-0.04435746371746063,0.2490067034959793,-0.024752762856568897,0.00296678593124915,-0.004678175576861208,0.1829552400697525,0.23653414115263477,0.05028105990340236,1.0,0.9990473026256593,0.0,roll,0.0,0.0,0.0,0.0,0,4.51200008392334,a_to_b,1.2,0.008471298999211285,1,0.112557291527485,-0.2604457245295278,-0.15908986781083528,-0.2711669218816675,-0.010757390731851557,0.007247648423646856,-0.018656203460468184,0.0074513732460010995
9.631999969482422,direct_px4_equiv,1,1,14,0,0,0,0,0,0.002143844263628125,0.6299579739570618,1.488791048526764,-0.03913699463009834,2.04593563079834,-0.12530522048473358,-2.240408774905249,1.1276604055646549,0.1283678259527447,1.134007005317308,-0.0067696948535740376,0.48185505353493696,1.5,0.0,1.8325760768586314,0.0,0.0,1.3181626943023088,0.0,0.0,0.0,-5.937107500558976,-0.5230991702373029,-2.4714653099004376,46.73450359972327,0.199458943218138,-0.1981724703624009,0.359551097268827,20.713449836453012,19.99926933537953,6.114629542776927,0.02,0.02,fixed_switch,0.33536863327026367,0.33536863327026367,0.341482937335968,0.341482937335968,0.6917819380760193,0.00439453823491931,-0.012080708518624306,0.019680550321936607,0.01900116167962551,0.3358706831932068,0.3358706831932068,0.34074142575263977,0.34074142575263977,0.6888841986656189,-0.0057266452349722385,-0.003463329514488578,0.003199702361598611,0.00311147328466177,8.027999877929688,0.0,0.003999948501586914,0,0,-7.978238863870502e-05,-0.03173445910215378,0.3128989040851593,3,-0.6887057802962303,,4.0,3.5,8.0,3.8,3.2,4.0,0.15,0.12,3.0,6.583499045015788,-0.040084422544995106,-0.017581197856742746,-0.10617197777871433,-7.978238863870502e-05,-0.03173445910215378,0.3128989040851593,-0.025716773641215097,0.002546801779716268,-0.007252334501224787,0.199458943218138,0.1981724703624009,-0.359551097268827,1.0,0.9990420702450333,0.0,roll,0.0,0.0,0.0,0.0,0,4.53600001335144,a_to_b,1.2,0.012631997000426054,1,0.09242448569066536,-0.2134250313916795,-0.13646002092068174,-0.22209025197189114,-0.03900690646411068,0.05969391211793955,0.014189345254294593,0.061828274757445775
9.652000188827515,direct_px4_equiv,1,1,14,0,0,0,0,0,-0.000396668998291716,0.6876435875892639,1.4851413369178772,-0.04771412909030914,2.105283737182617,-0.11819639056921005,-2.238404913501227,1.100033900080672,-0.04623101144125782,1.105872218310871,-0.0067696948535740376,0.518743645952595,1.5,0.0,1.8548877714167524,0.0,0.0,0.911732267404067,0.0,0.0,0.0,-5.937107500558976,-0.33301090669833,-5.305502534563789,46.63427213347889,0.15920692405379103,-0.09156291072765343,0.7414440256301397,20.75217443884604,20.04933542191145,6.24279131534532,0.02,0.02,fixed_switch,0.33580076694488525,0.33580076694488525,0.3418114185333252,0.3418114185333252,0.6989941596984863,0.014918256551027298,-0.019422605633735657,0.04223981872200966,0.04080120101571083,0.33536863327026367,0.33536863327026367,0.341482937335968,0.341482937335968,0.6917819380760193,0.00439453823491931,-0.012080708518624306,0.019680550321936607,0.01900116167962551,8.04800009727478,0.0,0.004000186920166016,0,0,0.013877546414732933,0.0007344575715251267,0.3703916668891907,3,-0.6887057802962303,,4.0,3.5,8.0,3.8,3.2,4.0,0.15,0.12,3.0,6.416423522809434,-0.039997992429062934,-0.01716263113676494,-0.10312008508728593,0.013877546414732933,0.0007344575715251267,0.3703916668891907,-0.026517340139895113,0.0021991329907809667,-0.009341025271439648,0.15920692405379103,0.09156291072765343,-0.7414440256301397,1.0,0.9990528022959937,0.0,roll,0.0,0.0,0.0,0.0,0,4.556000232696533,a_to_b,1.2,0.012907272001029924,1,0.07111283238162341,-0.16638867647651812,-0.11235820902091444,-0.1730779454214365,-0.06271285922417238,0.12818075892924669,0.04816894952737251,0.13270030064424826
9.676000118255615,direct_px4_equiv,1,1,14,0,0,0,0,0,-0.002304251305758953,0.726789653301239,1.482800304889679,-0.05342649295926094,2.1385319232940674,-0.11084921658039093,-2.210134016906435,1.0012401501330648,-0.3195605432326338,1.0060707614401323,-0.0067696948535740376,0.5634759855641047,1.5,0.0,1.8708357156247488,0.0,0.0,0.4162003373657293,0.0,0.0,0.0,-5.937107500558976,-0.10920717227496057,-7.703779204257437,46.503882787307454,0.10892960827133577,0.10885925287143276,1.243550725885986,20.77647736316039,20.146921055878977,6.4893982474631215,0.012,0.012,fixed_switch,0.3366415500640869,0.3366415500640869,0.34201744198799133,0.34201744198799133,0.7126665115356445,0.028694430366158485,-0.02945476397871971,0.06123466044664383,0.05935699865221977,0.3359542787075043,0.3359542787075043,0.34230005741119385,0.34230005741119385,0.7074989080429077,0.02365700714290142,-0.025443384423851967,0.05672423541545868,0.05467919260263443,8.07200002670288,0.0,0.003999948501586914,0,0,0.031375523656606674,0.06039424240589142,0.4440751075744629,3,-0.6887057802962303,,4.0,3.5,8.0,3.8,3.2,4.0,0.15,0.12,3.0,6.136459049046024,-0.03938006333056399,-0.015560425730842785,-0.09832007038049226,0.031375523656606674,0.06039424240589142,0.4440751075744629,-0.027471004843762463,0.0018075032513362266,-0.011751089612526007,0.10892960827133577,-0.10885925287143276,-1.243550725885986,1.0,0.9991035419102448,0.0,roll,0.0,0.0,0.0,0.0,0,4.580000162124634,a_to_b,1.2,0.0165633569995407,1,0.048642616549018164,-0.11236203460550381,-0.0867277053450925,-0.12079488861202914,-0.09510528116350153,0.18647550940741214,0.0926502726209516,0.19237435628212446
9.700000047683716,direct_px4_equiv,1,1,14,0,0,0,0,0,-0.007828662171959877,0.8264725804328918,1.477574646472931,-0.06795814633369446,2.192971706390381,-0.08388333767652512,-2.2221675827719016,0.8377828640294749,-0.6570229715941862,0.8413524549083635,-0.0067696948535740376,0.6084478631638952,1.5,0.0,1.8748333294078932,0.0,-0.0,-0.08333153672393696,-0.0,0.0,0.0,-5.937107500558976,0.4064050464678083,-11.78975276051054,46.05874867511627,0.22763552714622148,0.265635365628955,1.5262714296902262,21.230082986613738,20.176679528398083,6.641205776489265,0.016,0.016,fixed_switch,0.3368975520133972,0.3368975520133972,0.3458405137062073,0.3458405137062073,0.7209540605545044,0.04049289599061012,-0.03208804875612259,0.09437493234872818,0.08956091850996017,0.33788952231407166,0.33788952231407166,0.3420133590698242,0.3420133590698242,0.7151910662651062,0.03274037688970566,-0.030845779925584793,0.07358697801828384,0.07184334844350815,8.095999956130981,0.0,0.003999948501586914,0,0,-0.006577091757208109,0.10510653257369995,0.47797176241874695,3,-0.6887057802962303,,4.0,3.5,8.0,3.8,3.2,4.0,0.15,0.12,3.0,5.804023145639171,-0.03941289019189191,-0.012817393446205447,-0.09238569979955046,-0.006577091757208109,0.10510653257369995,0.47797176241874695,-0.028416517916059512,0.001471113655292863,-0.014029927010511877,0.22763552714622148,-0.265635365628955,-1.5262714296902262,1.0,0.9991411692909369,0.0,roll,0.0,0.0,0.0,0.0,0,4.604000091552734,a_to_b,1.2,0.000866991002112627,1,0.006688713896602952,0.031174275155075058,-0.03167650927784127,0.024789894561424778,-0.10360779406013598,0.2813639220794916,0.13074585811017733,0.2964875920899249
9.723999977111816,direct_px4_equiv,1,1,14,0,0,0,0,0,-0.011610768735408783,0.8867372274398804,1.4750993847846985,-0.07638869434595108,2.201225757598877,-0.06289093941450119,-2.1735315743893646,0.6119050143734489,-1.0594270544468574,0.6141288949327643,-0.0067696948535740376,0.6533717804812408,1.5,0.0,1.8668422137137557,0.0,-0.0,-0.5820633972079688,-0.0,0.0,0.0,-5.937107500558976,0.8955694795956566,-14.527980769645028,45.68319636400634,0.06861048692133084,0.49785769300985694,1.8732429085533517,21.208310893153044,20.60622879773219,6.900176481749371,0.012,0.012,fixed_switch,0.340571790933609,0.340571790933609,0.34565794467926025,0.34565794467926025,0.734876275062561,0.05303501710295677,-0.03724518418312073,0.11467321217060089,0.11127597093582153,0.3386259078979492,0.3386259078979492,0.3461267054080963,0.3461267054080963,0.7213506102561951,0.04448038712143898,-0.03406451269984245,0.0994512140750885,0.09517600387334824,8.119999885559082,0.0,0.003999948501586914,0,0,0.04721720144152641,0.17051094770431519,0.5197796821594238,3,-0.6887057802962303,,4.0,3.5,8.0,3.8,3.2,4.0,0.15,0.12,3.0,5.385214417595011,-0.03835247780191754,-0.009053975000162081,-0.08529173136703855,0.04721720144152641,0.17051094770431519,0.5197796821594238,-0.029347691575837147,0.0012161822251614918,-0.016150046053346176,0.06861048692133084,-0.49785769300985694,-1.8732429085533517,1.0,0.9992235564866022,0.0,roll,0.0,0.0,0.0,0.0,0,4.628000020980835,a_to_b,1.2,0.004408622997289058,1,-0.0104661093741873,0.09441322798925383,-0.00017975259963812072,0.1067785225700395,-0.12025945223258268,0.34958377276873304,0.17124260020187895,0.36025652555366006
9.748000144958496,direct_px4_equiv,1,1,14,0,0,0,0,0,-0.014303896576166153,0.9267957806587219,1.4737866520881653,-0.08169920742511749,2.1961350440979004,-0.04610554128885269,-2.0874017604845205,0.35271607803696725,-1.5210653044819789,0.35376626916419696,-0.0067696948535740376,0.6979611403951251,1.5,0.0,1.8469389117878086,0.0,-0.0,-1.0752001415585049,-0.0,0.0,0.0,-5.937107500558976,1.39151668472644,-16.82745142475581,45.36907186730805,-0.0127206133857743,0.5258457046637784,2.116495435339778,21.42731335809968,21.072196295893587,6.902064977415562,0.016,0.016,fixed_switch,0.34451448917388916,0.34451448917388916,0.3474900722503662,0.3474900722503662,0.7349768280982971,0.06299445033073425,-0.039571598172187805,0.1307401806116104,0.1284463256597519,0.34141597151756287,0.34141597151756287,0.34638962149620056,0.34638962149620056,0.7354944348335266,0.054900553077459335,-0.03718400001525879,0.11850520223379135,0.11506811529397964,8.144000053405762,0.0,0.004000186920166016,0,0,0.07176437228918076,0.17149412631988525,0.541621208190918,3,-0.6887057802962303,,4.0,3.5,8.0,3.8,3.2,4.0,0.15,0.12,3.0,4.902815379879663,-0.03663993666900478,-0.004746896858954808,-0.07715430259211746,0.07176437228918076,0.17149412631988525,0.541621208190918,-0.03024369282712201,0.0010603132543752932,-0.018085127976779723,-0.0127206133857743,-0.5258457046637784,-2.116495435339778,1.0,0.9993174910463795,0.0,roll,0.0,0.0,0.0,0.0,0,4.652000188827515,a_to_b,1.2,0.008729911998671014,1,-0.02613495212994868,0.17393918781860485,0.027832434979238447,0.16526345624521468,-0.12777111789716875,0.403526011542547,0.20340021315501433,0.4107323887411694
9.772000074386597,direct_px4_equiv,1,1,14,0,0,0,0,0,-0.0185683760792017,0.9862774610519409,1.472335398197174,-0.08946020901203156,2.1727075576782227,-0.02290605939924717,-1.9825182751301296,0.06751120620379217,-2.0376183790482743,0.06766786126159557,-0.0067696948535740376,0.7419312427757442,1.5,0.0,1.8153158194696362,0.0,-0.0,-1.557931974703995,-0.0,0.0,0.0,-5.937107500558976,2.028513683088988,-19.301953748576206,44.94741789070056,-0.11114842830019508,0.654255592181185,2.415805768910716,21.628671881034077,21.600592491955073,7.022243366170221,0.02,0.02,fixed_switch,0.34893304109573364,0.34893304109573364,0.3491663336753845,0.3491663336753845,0.7413479089736938,0.07566740363836288,-0.04247117042541504,0.14743368327617645,0.14722733199596405,0.3450382947921753,0.3450382947921753,0.3479682505130768,0.3479682505130768,0.735237717628479,0.06400611251592636,-0.039560042321681976,0.13279277086257935,0.13049717247486115,8.167999982833862,0.0,0.003999948501586914,0,0,0.10273455828428268,0.20296569168567657,0.5705974698066711,3,-0.6887057802962303,,4.0,3.5,8.0,3.8,3.2,4.0,0.15,0.12,3.0,4.3759047609333015,-0.03461979108876735,-2.497726437102248e-07,-0.06805596898009318,0.10273455828428268,0.20296569168567657,0.5705974698066711,-0.031097437809823783,0.0010083383949322105,-0.01981124639190488,-0.11114842830019508,-0.654255592181185,-2.415805768910716,1.0,0.9994007350841251,0.0,roll,0.0,0.0,0.0,0.0,0,4.676000118255615,a_to_b,1.2,0.01275614900077926,1,-0.04349139378720099,0.23908082316409543,0.05698183895298417,0.2339550487072512,-0.1371334316309576,0.4625283076714983,0.24431938882648435,0.4631765627526641
9.796000003814697,direct_px4_equiv,1,1,14,0,0,0,0,0,-0.02156580425798893,1.0253087282180786,1.4717774987220764,-0.09493701159954071,2.1469781398773193,0.002951789414510131,-1.8501953288201505,-0.18946883239670795,-2.604560041121687,-0.1897897703141081,-0.0067696948535740376,0.7850047112088969,1.5,0.0,1.7722799960109719,0.0,-0.0,-2.0254638735894424,-0.0,0.0,0.0,-5.937107500558976,2.638968933583419,-21.48399259701926,44.4706555663597,-0.07952508645348384,0.4903833457787887,2.6225671585460764,22.126269476177338,22.084212431778173,6.7543677196139695,0.012,0.012,fixed_switch,0.3529300391674042,0.3529300391674042,0.3532755672931671,0.3532755672931671,0.7270703911781311,0.0860602855682373,-0.0426284596323967,0.16169409453868866,0.1613573580980301,0.3503974676132202,0.3503974676132202,0.3490787148475647,0.3490787148475647,0.7438844442367554,0.08142790198326111,-0.04231391102075577,0.1559532731771469,0.15720342099666595,8.191999912261963,0.0,0.003999948501586914,0,0,0.0860433354973793,0.1446755975484848,0.582177996635437,3,-0.6887057802962303,,4.0,3.5,8.0,3.8,3.2,4.0,0.15,0.12,3.0,3.8136105814825125,-0.03218075665098266,0.0042439644243927625,-0.05809469895888407,0.0860433354973793,0.1446755975484848,0.582177996635437,-0.031893973820993946,0.0010717441811530966,-0.02130719770235726,-0.07952508645348384,-0.4903833457787887,-2.6225671585460764,1.0,0.9994731938417091,0.0,roll,0.0,0.0,0.0,0.0,0,4.700000047683716,a_to_b,1.2,0.016561083000851795,1,-0.05261207852216282,0.30220027994299076,0.08887220919610808,0.3019335539759314,-0.137641292870019,0.5069191060956426,0.277876547375432,0.5079769667033988
9.820000171661377,direct_px4_equiv,1,1,14,0,0,0,0,0,-0.02940642461180687,1.1193733215332031,1.4716327786445618,-0.10589591413736343,2.04350209236145,0.026169776916503906,-1.6607709501781724,-0.3902570281983338,-3.2163837967538034,-0.39069742725424556,-0.0067696948535740376,0.8269128889647481,1.5,0.0,1.7182532484751891,0.0,-0.0,-2.4730002111654508,-0.0,0.0,0.0,-5.937107500558976,3.407760064736516,-23.388455598338503,44.064589467058134,-0.2753093942870757,0.4133406951254026,2.8446856119958164,22.267901207405732,22.846735802050695,6.6117340312198705,0.016,0.016,fixed_switch,0.3591442108154297,0.3591442108154297,0.3544366955757141,0.3544366955757141,0.7193526029586792,0.09645048528909683,-0.04273023083806038,0.17104168236255646,0.17599481344223022,0.35586634278297424,0.35586634278297424,0.3534378111362457,0.3534378111362457,0.7255460023880005,0.08929035812616348,-0.04268693923950195,0.16483387351036072,0.16727010905742645,8.216000080108643,0.0,0.004000186920166016,0,0,0.14461453258991241,0.11410234868526459,0.5943169593811035,3,-0.6887057802962303,,4.0,3.5,8.0,3.8,3.2,4.0,0.15,0.12,3.0,3.2064721385440658,-0.028814883735565473,0.007496735662337988,-0.04737717820252677,0.14461453258991241,0.11410234868526459,0.5943169593811035,-0.032618939072504266,0.0012208716990528914,-0.022552737018912847,-0.2753093942870757,-0.4133406951254026,-2.8446856119958164,1.0,0.9995567507065246,0.0,roll,0.0,0.0,0.0,0.0,0,4.7240002155303955,a_to_b,1.2,0.0010690489943954162,1,-0.07765105894301894,0.4126394717421237,0.14766063068513383,0.4103038789979215,-0.13796989839463153,0.5529040021159277,0.31142503007409433,0.5373433153458087
9.844000101089478,direct_px4_equiv,1,1,14,0,0,0,0,0,-0.03269066661596298,1.1552143096923828,1.4720852971076965,-0.11058569699525833,1.990229606628418,0.04713832214474678,-1.4904005773261642,-0.5673427129473037,-3.853830674317923,-0.5677178926720859,-0.0067696948535740376,0.8673973948197693,1.5,0.0,1.6537742506095796,0.0,-0.0,-2.895732098352812,-0.0,0.0,0.0,-5.937107500558976,4.04255569947264,-25.212658215985623,43.68266634068663,-0.2862902889662537,0.40026662578273037,2.9962304323009685,22.632863698947695,23.32990453948298,6.553315755068883,0.012,0.012,fixed_switch,0.36302822828292847,0.36302822828292847,0.35741186141967773,0.35741186141967773,0.7161676287651062,0.1055418848991394,-0.041620418429374695,0.18170839548110962,0.1880446970462799,0.3617632985115051,0.3617632985115051,0.35669711232185364,0.35669711232185364,0.720274031162262,0.10031016916036606,-0.042424123734235764,0.17674069106578827,0.1822630614042282,8.240000009536743,0.0,0.003999948501586914,0,0,0.14294187724590302,0.10509994626045227,0.5935744047164917,3,-0.6887057802962303,,4.0,3.5,8.0,3.8,3.2,4.0,0.15,0.12,3.0,2.6176652251801724,-0.02582705258928055,0.010372345494903765,-0.03622575718866119,0.14294187724590302,0.10509994626045227,0.5935744047164917,-0.033267126108022266,0.0014429679977515,-0.023534527593596987,-0.2862902889662537,-0.40026662578273037,-2.9962304323009685,1.0,0.9996126889050378,0.0,roll,0.0,0.0,0.0,0.0,0,4.748000144958496,a_to_b,1.2,0.004558694003208075,1,-0.08590687707269876,0.4671132052124559,0.17550763416891815,0.4593671680354644,-0.13438647095492542,0.5907598167759159,0.340779888878623,0.5708537810907317
9.868000030517578,direct_px4_equiv,1,1,14,0,0,0,0,0,-0.03772683069109917,1.2065283060073853,1.4732871651649475,-0.11607696861028671,1.896856665611267,0.061212725937366486,-1.3092291087510515,-0.7132032922586208,-4.514779594694169,-0.7134230207214775,-0.0067696948535740376,0.9062153895799564,1.5,0.0,1.5794953146118929,0.0,-0.0,-3.2888641306257416,-0.0,0.0,0.0,-5.937107500558976,4.719029487256884,-26.678244262392884,43.420271180768,-0.28088020828159427,0.3327067266333118,3.1354574037542853,23.00477381215718,23.80479284180001,6.44106968003679,0.016,0.016,fixed_switch,0.36680668592453003,0.36680668592453003,0.3604191243648529,0.3604191243648529,0.7100077867507935,0.11426236480474472,-0.039620209485292435,0.18933509290218353,0.19688552618026733,0.3649248480796814,0.3649248480796814,0.35904544591903687,0.35904544591903687,0.7167333364486694,0.1081886738538742,-0.04139420762658119,0.18536996841430664,0.19214843213558197,8.263999938964844,0.0,0.003999948501586914,0,0,0.134916752576828,0.08006640523672104,0.5898607969284058,3,-0.6887057802962303,,4.0,3.5,8.0,3.8,3.2,4.0,0.15,0.12,3.0,2.054857770282008,-0.022693168258248048,0.012729497359680186,-0.024679365243415394,0.134916752576828,0.08006640523672104,0.5898607969284058,-0.03384250259815521,0.001725348649713047,-0.02424280214640202,-0.28088020828159427,-0.3327067266333118,-3.1354574037542853,1.0,0.9996614900214692,0.0,roll,0.0,0.0,0.0,0.0,0,4.772000074386597,a_to_b,1.2,0.008676953002577648,1,-0.09448838885087245,0.5073433568262831,0.2039743276163615,0.5095206512831213,-0.12792807857439817,0.6185341114773327,0.36893708664159874,0.5948137140025697
9.891999959945679,direct_px4_equiv,1,1,14,0,0,0,0,0,-0.0429016575217247,1.2549117803573608,1.474973738193512,-0.12203267216682434,1.7880833148956299,0.07893501222133636,-1.0643347327585884,-0.8217238321543163,-5.191122404903181,-0.8217934142659976,-0.0067696948535740376,0.9431406609230454,1.5,0.0,1.496184434233671,0.0,-0.0,-3.6475963503272384,-0.0,0.0,0.0,-5.937107500558976,5.392618153096212,-27.80310822085321,43.120628424261525,-0.5279986754538569,0.289006395117338,3.2817415263771386,22.95979072956153,24.48134741413942,6.354715755078086,0.02,0.02,fixed_switch,0.37212520837783813,0.37212520837783813,0.36005666851997375,0.36005666851997375,0.7052322626113892,0.12090660631656647,-0.03867677226662636,0.19222182035446167,0.20701639354228973,0.36781302094459534,0.36781302094459534,0.36125993728637695,0.36125993728637695,0.7102938890457153,0.1155388206243515,-0.039514053612947464,0.1909918338060379,0.19881196320056915,8.287999868392944,0.0,0.003999948501586914,0,0,0.20956873893737793,0.062335047870874405,0.5866259932518005,3,-0.6887057802962303,,4.0,3.5,8.0,3.8,3.2,4.0,0.15,0.12,3.0,1.5339818448379412,-0.01848164697323684,0.014461665124446065,-0.012885708893405061,0.20956873893737793,0.062335047870874405,0.5866259932518005,-0.034323848300283885,0.00205517998954282,-0.024669981546704793,-0.5279986754538569,-0.289006395117338,-3.2817415263771386,1.0,0.9997246444989715,0.0,roll,0.0,0.0,0.0,0.0,0,4.796000003814697,a_to_b,1.2,0.012522252000053413,1,-0.09817613379464937,0.5307866123931068,0.23305252941399981,0.5297271220139732,-0.1248818531626136,0.6503611893355403,0.390390403254332,0.6038826364633881
9.912000179290771,direct_px4_equiv,1,1,14,0,0,0,0,0,-0.046385258436203,1.284865140914917,1.4764547944068909,-0.12484792619943619,1.7107672691345215,0.09050867706537247,-0.9047110856756708,-0.900072070560399,-5.746311337838307,-0.9000769648113898,-0.0067696948535740376,0.9723167196938138,1.5,0.0,1.4204919259274176,0.0,-0.0,-3.9168028415661267,-0.0,0.0,0.0,-5.937107500558976,5.925268629849491,-28.817327418097022,42.90988671369341,-0.3426844770877479,0.30104496433946065,3.2336245050221306,23.393968498582602,24.5316136934899,6.350600209967896,0.008,0.02,fixed_switch,0.3725174069404602,0.3725174069404602,0.3635402023792267,0.3635402023792267,0.7050039172172546,0.12609565258026123,-0.03260694816708565,0.1998291164636612,0.21121297776699066,0.37069159746170044,0.37069159746170044,0.36242440342903137,0.36242440342903137,0.6999466419219971,0.12090660631656647,-0.03867677226662636,0.19222182035446167,0.20701639354228973,8.308000087738037,0.0,0.004000186920166016,0,0,0.14324012398719788,0.06500076502561569,0.5555768013000488,3,-0.6887057802962303,,4.0,3.5,8.0,3.8,3.2,4.0,0.15,0.12,3.0,1.28930404899687,-0.01576335814960382,0.01573483782481416,-0.0032057901433727165,0.14324012398719788,0.06500076502561569,0.5555768013000488,-0.034661873445568606,0.0023590772293355733,-0.02481126613200907,-0.3426844770877479,-0.30104496433946065,-3.2336245050221306,1.0,0.9997519657197032,0.0,roll,0.0,0.0,0.0,0.0,0,4.81600022315979,a_to_b,1.2,0.012221689998114016,1,-0.10041825339819634,0.571531482892249,0.2570695124349858,0.5629835982772391,-0.10528324089325652,0.6635451257096456,0.40714510370993623,0.627781662176888
9.936000108718872,direct_px4_equiv,1,1,14,0,0,0,0,0,-0.04990990087389946,1.3134621381759644,1.4780994057655334,-0.12770265340805054,1.6291015148162842,0.10006386786699295,-0.6895200847480308,-0.9810491175838033,-6.41189725431768,-0.9810827606962508,-0.0067696948535740376,1.0052521156107663,1.5,0.0,1.3229993591307352,0.0,-0.0,-4.20000165303452,-0.0,0.0,0.0,-5.937107500558976,6.57006866032773,-30.042151572242144,42.75865762364027,-0.4843741114136495,0.2562471491043824,3.353633984039338,23.586429363149286,25.168613094129178,6.282596998921808,0.012,0.012,fixed_switch,0.3774532079696655,0.3774532079696655,0.3650740087032318,0.3650740087032318,0.7012190818786621,0.13229236006736755,-0.03064170479774475,0.2035684734582901,0.21976396441459656,0.37291863560676575,0.37291863560676575,0.3635384142398834,0.3635384142398834,0.7047842144966125,0.13080647587776184,-0.03169257193803787,0.20083333551883698,0.21282356977462769,8.332000017166138,0.0,0.003999948501586914,0,0,0.18373285233974457,0.04816460981965065,0.5484127998352051,3,-0.6887057802962303,,4.0,3.5,8.0,3.8,3.2,4.0,0.15,0.12,3.0,1.2918616090719492,-0.01210472078835208,0.017072010811100834,0.008389196095600081,0.18373285233974457,0.04816460981965065,0.5484127998352051,-0.03499069550732868,0.0027604408066399244,-0.02472560108823264,-0.4843741114136495,-0.2562471491043824,-3.353633984039338,1.0,0.9997810111011508,0.0,roll,0.0,0.0,0.0,0.0,0,4.840000152587891,a_to_b,1.2,0.016733065000153147,1,-0.09533851063472974,0.5951564263937029,0.2830251766594778,0.6017492483162317,-0.0989377466109351,0.6904088714454619,0.4271533724139134,0.6395292389309777
9.960000038146973,direct_px4_equiv,1,1,14,0,0,0,0,0,-0.05870143696665764,1.3760182857513428,1.4829662442207336,-0.13161945343017578,1.4024417400360107,0.11548320204019547,-0.5127820051694748,-1.0058587067742981,-7.067392911484626,-1.0060543030008173,-0.0067696948535740376,1.0357706287772166,1.5,0.0,1.2192764362426463,0.0,-0.0,-4.435200716272678,-0.0,0.0,0.0,-5.937107500558976,7.0554282143597575,-29.355104428637315,42.398270067620594,-0.31863678696249487,0.09760908496922653,3.4060048455551333,23.49770697637359,24.86007116035985,6.035303002413609,0.016,0.016,fixed_switch,0.37507036328315735,0.37507036328315735,0.3643677234649658,0.3643677234649658,0.6872799396514893,0.13869769871234894,-0.02759663015604019,0.2010326236486435,0.21475331485271454,0.37456953525543213,0.37456953525543213,0.3640056550502777,0.3640056550502777,0.6878176331520081,0.134371817111969,-0.029004616662859917,0.20024283230304718,0.21372093260288239,8.355999946594238,0.0,0.003999948501586914,0,0,0.12172676622867584,-0.0011768287513405085,0.5303807258605957,3,-0.6887057802962303,,4.0,3.5,8.0,3.8,3.2,4.0,0.15,0.12,3.0,1.6007402854129114,-0.009122077577246623,0.017466019356238795,0.019804481138490194,0.12172676622867584,-0.0011768287513405085,0.5303807258605957,-0.03524027646748846,0.0031752946459101664,-0.024363463868194022,-0.31863678696249487,-0.09760908496922653,-3.4060048455551333,1.0,0.9998058629435744,0.0,roll,0.0,0.0,0.0,0.0,0,4.864000082015991,a_to_b,1.2,0.0006539930036524311,1,-0.09196732665041336,0.6540333524948825,0.3247252482341188,0.6297847004906572,-0.08910563237426447,0.674667425928305,0.44783533252459823,0.6315626291400597
9.983999967575073,direct_px4_equiv,1,1,14,0,0,0,0,0,-0.063970647752285,1.4077715873718262,1.4861729741096497,-0.1340995579957962,1.2555898427963257,0.12492579966783524,-0.3047227441777621,-1.0081070400159584,-7.705903900262883,-1.0085873973333672,-0.0067696948535740376,1.0637370157260753,1.5,0.0,1.1105327471557604,0.0,-0.0,-4.617600073623649,-0.0,0.0,0.0,-5.937107500558976,7.525463313615254,-29.351871136342158,42.21498308198355,-0.39756118928039164,0.11655762381562584,3.4089484532463747,23.314793941160136,24.96139253789378,6.042863290638357,0.012,0.012,fixed_switch,0.3758544921875,0.3758544921875,0.36290737986564636,0.36290737986564636,0.6877102851867676,0.1418478935956955,-0.023997856304049492,0.20006300508975983,0.21672746539115906,0.3776536285877228,0.3776536285877228,0.3666626811027527,0.3666626811027527,0.6919928193092346,0.14113561809062958,-0.025322798639535904,0.20560336112976074,0.22005890309810638,8.379999876022339,0.0,0.003999948501586914,0,0,0.1423395276069641,0.0044815135188400745,0.5044965744018555,3,-0.6887057802962303,,4.0,3.5,8.0,3.8,3.2,4.0,0.15,0.12,3.0,2.060866183859408,-0.005589139651268356,0.01751031409718086,0.030915574258181543,0.1423395276069641,0.0044815135188400745,0.5044965744018555,-0.035407557678096876,0.003594028373459324,-0.023732356407398125,-0.39756118928039164,-0.11655762381562584,-3.4089484532463747,1.0,0.99983107522057,0.0,roll,0.0,0.0,0.0,0.0,0,4.888000011444092,a_to_b,1.2,0.0048924669972620904,1,-0.0896859881660744,0.663291039845766,0.34776112379656543,0.6413483794539292,-0.07748569734932953,0.6808694009318197,0.4580068832003526,0.628516480972114
10.004000186920166,direct_px4_equiv,1,1,14,0,0,0,0,0,-0.06745821237564087,1.4258626699447632,1.4884524941444397,-0.13431470096111298,1.1530264616012573,0.12322041392326355,-0.1494738744074917,-0.9875495353922684,-8.219178915029865,-0.9883331203121712,-0.0067696948535740376,1.0850164718845323,1.5,0.0,1.0170286908169839,0.0,-0.0,-4.725804710839222,-0.0,0.0,0.0,-5.937107500558976,7.868005088588958,-29.443276867850688,42.24246751676278,-0.3452097299777144,0.03318791017620929,3.3870562525453485,23.444081674068862,25.024987670576724,5.943993583339346,0.012,0.012,fixed_switch,0.37634581327438354,0.37634581327438354,0.36394017934799194,0.36394017934799194,0.6820611357688904,0.14386503398418427,-0.020348316058516502,0.20019373297691345,0.21610450744628906,0.3777978718280792,0.3777978718280792,0.3645315170288086,0.3645315170288086,0.6881256699562073,0.14415796101093292,-0.02363426610827446,0.20248159766197205,0.2197810262441635,8.400000095367432,0.0,0.004000186920166016,0,0,0.11968761682510376,-0.02064407803118229,0.4796501696109772,3,-0.6887057802962303,,4.0,3.5,8.0,3.8,3.2,4.0,0.15,0.12,3.0,2.492226703136225,-0.002951419925833671,0.017180396084772974,0.03984799473090285,0.11968761682510376,-0.02064407803118229,0.4796501696109772,-0.03548418838724515,0.003940000144443132,-0.02300576064634341,-0.3452097299777144,-0.03318791017620929,-3.3870562525453485,1.0,0.9998480615624395,0.0,roll,0.0,0.0,0.0,0.0,0,4.908000230789185,a_to_b,1.2,0.004607914997905027,1,-0.08695989382026148,0.6850327293483539,0.36611521485190246,0.6342080446187325,-0.0657018462825787,0.6789123187811473,0.46451993421058424,0.6289271786778391
10.028000116348267,direct_px4_equiv,1,1,14,0,0,0,0,0,-0.07261902093887329,1.4494223594665527,1.4919167160987854,-0.13345907628536224,1.0003786087036133,0.12693436443805695,-0.003995046783533817,-0.9593939929405596,-8.791976176861581,-0.9605858949720775,-0.0067696948535740376,1.1080555121069164,1.5,0.0,0.9026041237199056,0.0,-0.0,-4.798937308959896,-0.0,0.0,0.0,-5.937107500558976,8.158526801770071,-28.946406553553732,42.12735591341652,-0.2439321710417988,0.03249167779867053,3.316686216177961,23.349282640383407,24.752132511400294,5.932282050884806,0.016,0.016,fixed_switch,0.37423327565193176,0.37423327565193176,0.3631831705570221,0.3631831705570221,0.6813888549804688,0.14574779570102692,-0.01599772274494171,0.1987977772951126,0.21280917525291443,0.3781599998474121,0.3781599998474121,0.3654676377773285,0.3654676377773285,0.6824048757553101,0.1461101472377777,-0.019950207322835922,0.20252923667430878,0.2190144658088684,8.424000024795532,0.0,0.003999948501586914,0,0,0.08190136402845383,-0.019572878256440163,0.4440383017063141,3,-0.6887057802962303,,4.0,3.5,8.0,3.8,3.2,4.0,0.15,0.12,3.0,3.011764922550998,-0.0004868194041261353,0.01673745401668425,0.049820540083605244,0.08190136402845383,-0.019572878256440163,0.4440383017063141,-0.03552054059620732,0.0043469948731054055,-0.021908284967993043,-0.2439321710417988,-0.03249167779867053,-3.316686216177961,1.0,0.9998598103241875,0.0,roll,0.0,0.0,0.0,0.0,0,4.932000160217285,a_to_b,1.2,0.00833551499817986,1,-0.08136577687468671,0.7035134805585247,0.3835786481864727,0.6479319039717546,-0.051654393272244234,0.6685597480589643,0.4705990987971956,0.624541652784587
10.052000045776367,direct_px4_equiv,1,1,14,0,0,0,0,0,-0.07598308473825455,1.4623303413391113,1.4942455887794495,-0.1311730295419693,0.8937419056892395,0.12086384743452072,0.12916081802603768,-0.8419287540027309,-9.328901782587169,-0.8434058458172112,-0.0067696948535740376,1.1283335678595325,1.5,0.0,0.7872115728975349,0.0,-0.0,-4.805670265534575,-0.0,0.0,0.0,-5.937107500558976,8.372647289816262,-28.825974000929726,42.234233679523875,-0.3116027740421153,-0.11519370507812172,3.2963119774720395,23.33465987663114,24.923097405412907,5.758446353757473,0.02,0.02,fixed_switch,0.3755583167076111,0.3755583167076111,0.36306625604629517,0.36306625604629517,0.6713311076164246,0.1450882852077484,-0.013642129488289356,0.19628304243087769,0.21192094683647156,0.375053346157074,0.375053346157074,0.3638719916343689,0.3638719916343689,0.6814553737640381,0.14670920372009277,-0.01590064913034439,0.19985167682170868,0.2141103297472,8.447999954223633,0.0,0.003999948501586914,0,0,0.09946005791425705,-0.06245269998908043,0.4184848368167877,3,-0.6887057802962303,,4.0,3.5,8.0,3.8,3.2,4.0,0.15,0.12,3.0,3.496161518938373,0.0018183613071987056,0.014754562759685765,0.05917114404937393,0.09946005791425705,-0.06245269998908043,0.4184848368167877,-0.03549817399441936,0.004724653309874672,-0.020580681881044473,-0.3116027740421153,0.11519370507812172,-3.2963119774720395,1.0,0.999889498221138,0.0,roll,0.0,0.0,0.0,0.0,0,4.956000089645386,a_to_b,1.2,0.01278606500272872,1,-0.07554974739966254,0.6908117214860217,0.395771156479624,0.6574451687760715,-0.044048513448272715,0.6657693029976148,0.46846964866785173,0.6166413870941989
10.075999975204468,direct_px4_equiv,1,1,14,0,0,0,0,0,-0.080881267786026,1.4774113893508911,1.4975853562355042,-0.1288323551416397,0.7351742386817932,0.1146593913435936,0.23191791600314765,-0.7223944065841846,-9.816432903612771,-0.7240531908623183,-0.0067696948535740376,1.1458469913788127,1.5,0.0,0.6725022243835355,0.0,-0.0,-4.741203622906281,-0.0,0.0,0.0,-5.937107500558976,8.390234621981678,-27.61295087421114,42.289715637200246,-0.22570617892391626,-0.20043551107555818,3.109538181020411,23.104977152394362,24.45620609319536,5.655471626679101,0.012,0.012,fixed_switch,0.3719289004802704,0.3719289004802704,0.3612251877784729,0.3612251877784729,0.6653015613555908,0.14152182638645172,-0.00863228365778923,0.19094592332839966,0.20386071503162384,0.37031716108322144,0.37031716108322144,0.36053264141082764,0.36053264141082764,0.6616274118423462,0.14201563596725464,-0.01149236410856247,0.18836615979671478,0.19995558261871338,8.471999883651733,0.0,0.003999948501586914,0,0,0.06748859584331512,-0.08520140498876572,0.3666539490222931,3,-0.6887057802962303,,4.0,3.5,8.0,3.8,3.2,4.0,0.15,0.12,3.0,3.9513595814894162,0.0036185836466307614,0.01273782828601649,0.06766708598797312,0.06748859584331512,-0.08520140498876572,0.3666539490222931,-0.03543086138456649,0.005051217762127758,-0.019040375336346182,-0.22570617892391626,0.20043551107555818,-3.109538181020411,1.0,0.9999123267957784,0.0,roll,0.0,0.0,0.0,0.0,0,4.980000019073486,a_to_b,1.2,0.016571793996263295,1,-0.06953372413125761,0.7075989665477856,0.39778775065419875,0.6499314432353331,-0.02787242879121553,0.6404473132331846,0.4569540365070193,0.5998743024429533
10.100000143051147,direct_px4_equiv,1,1,14,0,0,0,0,0,-0.08864639699459076,1.4916527271270752,1.5027990937232971,-0.12422022223472595,0.4674821197986603,0.09517571330070496,0.31798743630746,-0.5805901026832261,-10.27468769068406,-0.5822576519250278,-0.0067696948535740376,1.1606332792012288,1.5,0.0,0.560241365955525,0.0,-0.0,-4.600735634614116,-0.0,0.0,0.0,-5.937107500558976,7.977826821007708,-24.23294356257571,42.49932609974217,-0.12410964772313396,-0.2304871764223079,3.1043649149345507,22.310418733286422,23.48356348845014,5.638041368951521,0.016,0.016,fixed_switch,0.36425501108169556,0.36425501108169556,0.3547845482826233,0.3547845482826233,0.6642755270004272,0.1383868157863617,-0.011817936785519123,0.17256298661231995,0.18274417519569397,0.3674194812774658,0.3674194812774658,0.35573357343673706,0.35573357343673706,0.6642158031463623,0.1390870362520218,-0.01116847526282072,0.17833279073238373,0.19146667420864105,8.496000051498413,0.0,0.004000186920166016,0,0,0.03104844130575657,-0.09011383354663849,0.3467516005039215,3,-0.6887057802962303,,4.0,3.5,8.0,3.8,3.2,4.0,0.15,0.12,3.0,4.386184834060041,0.005162401379839211,0.010335892843210813,0.07565761984612035,0.03104844130575657,-0.09011383354663849,0.3467516005039215,-0.035320325202938894,0.005325989154307645,-0.017302719190472684,-0.12410964772313396,0.2304871764223079,-3.1043649149345507,1.0,0.9999332594690917,0.0,roll,0.0,0.0,0.0,0.0,0,5.004000186920166,a_to_b,1.2,0.0005329170016921125,1,-0.05852367915509476,0.6937363956959114,0.40406924164516345,0.6586275262018075,-0.03815845143872844,0.5741077534265648,0.44683152970352813,0.5421226140066885
10.124000072479248,direct_px4_equiv,1,1,14,0,0,0,0,0,-0.09158827364444733,1.493456482887268,1.504648745059967,-0.12181556224822998,0.3606923222541809,0.08805914968252182,0.4327318650471149,-0.41176571410469176,-10.700735941635664,-0.4131928098938681,-0.0067696948535740376,1.1727732769021395,1.5,0.0,0.45231282749332635,0.0,-0.0,-4.379469094093539,-0.0,0.0,0.0,-5.937107500558976,7.832852929048634,-22.95109943642757,42.622708614578606,-0.2788638907471966,-0.4028899423582711,3.042087106246348,21.88892492399385,23.43360545132899,5.42824648927193,0.012,0.012,fixed_switch,0.36385661363601685,0.36385661363601685,0.35132136940956116,0.35132136940956116,0.6517993211746216,0.13331338763237,-0.011513800360262394,0.16289545595645905,0.17565906047821045,0.3657192587852478,0.3657192587852478,0.3558103144168854,0.3558103144168854,0.6552839875221252,0.1378544121980667,-0.010450719855725765,0.1733618974685669,0.18405702710151672,8.519999980926514,0.0,0.003999948501586914,0,0,0.07828182727098465,-0.13946576416492462,0.3187185525894165,3,-0.6887057802962303,,4.0,3.5,8.0,3.8,3.2,4.0,0.15,0.12,3.0,4.799369828217424,0.007247339714186642,0.007494262268176514,0.0830888262524657,0.07828182727098465,-0.13946576416492462,0.3187185525894165,-0.03516715143288087,0.005537031447412519,-0.015382032609092698,-0.2788638907471966,0.4028899423582711,-3.042087106246348,1.0,0.9999456560397905,0.0,roll,0.0,0.0,0.0,0.0,0,5.028000116348267,a_to_b,1.2,0.004132565998588689,1,-0.05268618788348924,0.6736791261138857,0.40218399956336026,0.6443165939446626,-0.03717643804876736,0.551849208134022,0.43045016357842114,0.5117511769349482
10.148000001907349,direct_px4_equiv,1,1,14,0,0,0,0,0,-0.09581165760755539,1.4923712015151978,1.5070679783821106,-0.11866427212953568,0.20568408071994781,0.07188557088375092,0.5625761092662022,-0.23886222557578313,-11.094156586819512,-0.23983307673080542,-0.0067696948535740376,1.1823948239928566,1.5,0.0,0.3507122617191563,0.0,-0.0,-4.072603033715545,-0.0,0.0,0.0,-5.937107500558976,7.409480590489952,-20.36039283595448,42.87694326761859,-0.3241638764855737,-0.3830365920840912,3.0203782794181055,21.22820531456532,22.917095203741635,5.48161989426818,0.016,0.016,fixed_switch,0.3597123622894287,0.3597123622894287,0.3458247780799866,0.3458247780799866,0.6549959182739258,0.12857511639595032,-0.014496294781565666,0.14651858806610107,0.1592036932706833,0.3642957806587219,0.3642957806587219,0.35153454542160034,0.35153454542160034,0.651588499546051,0.13409176468849182,-0.012097563594579697,0.16295474767684937,0.17595326900482178,8.543999910354614,0.0,0.003999948501586914,0,0,0.08982788771390915,-0.1283469796180725,0.29875072836875916,3,-0.6887057802962303,,4.0,3.5,8.0,3.8,3.2,4.0,0.15,0.12,3.0,5.191950496587152,0.009621251596210547,0.004606389983796007,0.0899553728794879,0.08982788771390915,-0.1283469796180725,0.29875072836875916,-0.03495942872661741,0.005674570492278337,-0.013289998886266407,-0.3241638764855737,0.3830365920840912,-3.0203782794181055,1.0,0.9999431063465227,0.0,roll,0.0,0.0,0.0,0.0,0,5.052000045776367,a_to_b,1.2,0.008450298999377992,1,-0.05096531749445388,0.6599601184482682,0.4019815561236542,0.6174033375858282,-0.04680649464270821,0.5001531318794945,0.41515094186315465,0.46030172253924284
10.172000169754028,direct_px4_equiv,1,1,14,0,0,0,0,0,-0.09977799654006958,1.486822485923767,1.5090702176094055,-0.11337228119373322,0.05925428867340088,0.05521171912550926,0.7115403954345537,-0.03952694819242898,-11.434143826924691,-0.03970957169561577,-0.0067696948535740376,1.1896749660862722,1.5,0.0,0.2575507741229792,0.0,-0.0,-3.675333084413488,-0.0,0.0,0.0,-5.937107500558976,6.792222839086125,-17.338575129271504,43.144778609161186,-0.33001024368593185,-0.3614322850415107,2.805372614603362,20.580541743752736,22.20860535698813,5.535849630466232,0.008,0.008,fixed_switch,0.35395103693008423,0.35395103693008423,0.3403531610965729,0.3403531610965729,0.6582278609275818,0.11871024966239929,-0.014182426035404205,0.1276484578847885,0.1384039670228958,0.3548224866390228,0.3548224866390228,0.3406084179878235,0.3406084179878235,0.656907320022583,0.12047912180423737,-0.015429198741912842,0.1286436915397644,0.1399913877248764,8.568000078201294,0.0,0.004000186920166016,0,0,0.08782778680324554,-0.11575963348150253,0.24817201495170593,3,-0.6887057802962303,,4.0,3.5,8.0,3.8,3.2,4.0,0.15,0.12,3.0,5.542758293702884,0.012371276454741325,0.0012845719692480251,0.09589845255017967,0.08782778680324554,-0.11575963348150253,0.24817201495170593,-0.0346895111319022,0.005741574793354685,-0.011045682492872267,-0.33001024368593185,0.3614322850415107,-2.805372614603362,1.0,0.9999226506994481,0.0,roll,0.0,0.0,0.0,0.0,0,5.076000213623047,a_to_b,1.2,0.012607120996108279,1,-0.04885518197454266,0.6222464946337072,0.4022609348535513,0.5949196766875999,-0.04579305702055957,0.43480890178126186,0.38329866680300795,0.401019471519183
10.196000099182129,direct_px4_equiv,1,1,14,0,0,0,0,0,-0.10224726051092148,1.4810689687728882,1.5101616978645325,-0.1059734895825386,-0.032076139003038406,0.03988258168101311,0.8359444833070026,0.21453415512274307,-11.699658697785098,0.2156237332142348,-0.0067696948535740376,1.1948426147051605,1.5,0.0,0.175057415057335,0.0,-0.0,-3.1828671417836674,-0.0,0.0,0.0,-5.937107500558976,6.099719164784311,-14.717318741125014,43.406687172861325,-0.30537426255306765,-0.5583064285578507,2.5847810790506744,20.28058311805986,21.7312584571186,5.303890863114154,0.012,0.012,fixed_switch,0.35001733899116516,0.35001733899116516,0.3377898633480072,0.3377898633480072,0.644290030002594,0.10766912996768951,-0.014204722829163074,0.10996042937040329,0.11819373816251755,0.3513677716255188,0.3513677716255188,0.33889976143836975,0.33889976143836975,0.642234742641449,0.11101623624563217,-0.01507586520165205,0.1135338693857193,0.1222047433257103,8.592000007629395,0.0,0.003999948501586914,0,0,0.07528866827487946,-0.16973735392093658,0.19977234303951263,3,-0.6887057802962303,,4.0,3.5,8.0,3.8,3.2,4.0,0.15,0.12,3.0,5.828313949295351,0.014759591374995877,-0.0030061127380114636,0.10055755244914855,0.07528866827487946,-0.16973735392093658,0.19977234303951263,-0.034359144356654214,0.00571480266763609,-0.008676092460554577,-0.30537426255306765,0.5583064285578507,-2.5847810790506744,1.0,0.999886558869115,0.0,roll,0.0,0.0,0.0,0.0,0,5.1000001430511475,a_to_b,1.2,0.016636685002595186,1,-0.044832023774893905,0.584469278566812,0.38560503799198315,0.5525145077340912,-0.04586504771193038,0.37131657085854913,0.3476484609248613,0.34545087410171954
10.22000002861023,direct_px4_equiv,1,1,14,0,0,0,0,0,-0.10751507431268692,1.4582276344299316,1.5117693543434143,-0.08867040276527405,-0.2349148988723755,0.0196065716445446,0.9459361865679996,0.4435357302817997,-11.877786032785767,0.4459304851013242,-0.0067696948535740376,1.1981817425770853,1.5,0.0,0.10557359373104092,0.0,-0.0,-2.590401758642074,-0.0,0.0,0.0,-5.937107500558976,4.696852731035334,-9.346459131450446,43.665620621721864,-0.3240087949471139,-0.5286904135790639,2.161716316403118,19.441750036866836,20.790840443739324,5.354042701177103,0.008,0.008,fixed_switch,0.3421391248703003,0.3421391248703003,0.33051925897598267,0.33051925897598267,0.6473289728164673,0.08711749315261841,-0.015217638574540615,0.07216421514749527,0.077269047498703,0.34673309326171875,0.34673309326171875,0.3353241980075836,0.3353241980075836,0.6354779005050659,0.09886979311704636,-0.015971101820468903,0.09196757525205612,0.09834017604589462,8.615999937057495,0.0,0.003999948501586914,0,0,0.07896725833415985,-0.15369223058223724,0.12059462070465088,3,-0.6887057802962303,,4.0,3.5,8.0,3.8,3.2,4.0,0.15,0.12,3.0,6.03537035823263,0.01688833356124944,-0.006874976538967116,0.10369746427504538,0.07896725833415985,-0.15369223058223724,0.12059462070465088,-0.03397659215244577,0.0055878233936444656,-0.00621602119746738,-0.3240087949471139,0.5286904135790639,-2.161716316403118,1.0,0.9998337594594423,0.0,roll,0.0,0.0,0.0,0.0,0,5.124000072479248,a_to_b,1.2,0.0008912960038287565,1,-0.04278604849420308,0.478338463320678,0.3372889375633641,0.4465090992121335,-0.049135610364772334,0.2427478622404475,0.28129010670556714,0.2267105616620464
10.24399995803833,direct_px4_equiv,1,1,14,0,0,0,0,1,-0.10927689075469971,1.4465229511260986,1.5120564103126526,-0.08012188971042633,-0.30353522300720215,0.007926011458039284,1.051511647067624,0.6247175411495886,-11.966309743517606,0.6281920092635958,-0.0067696948535740376,1.200033838152413,1.5,0.0,0.05155688898171818,0.0,-0.0,-1.8931369773317406,-0.0,0.0,0.0,-5.937107500558976,3.7286486916337824,-5.726104990745286,43.819491848326585,-0.301616958872922,-0.437989956472825,1.8694120263487566,19.068261889227955,20.27601668807863,5.476630846024324,0.012,0.012,fixed_switch,0.33775070309638977,0.33775070309638977,0.32723164558410645,0.32723164558410645,0.6546977758407593,0.07314515113830566,-0.015911484137177467,0.045097313821315765,0.04797486960887909,0.33916884660720825,0.33916884660720825,0.33077138662338257,0.33077138662338257,0.6444675326347351,0.08039017766714096,-0.011917700991034508,0.06509140133857727,0.06838761270046234,8.639999866485596,0.0,0.003999948501586914,0,0,0.06884028762578964,-0.11998453736305237,0.06722260266542435,3,-0.6887057802962303,,4.0,3.5,8.0,3.8,3.2,4.0,0.15,0.12,3.0,6.157513037772903,0.01889979893828479,-0.009922647757386218,0.10527481310588499,0.06884028762578964,-0.11998453736305237,0.06722260266542435,-0.03354514882145785,0.005373793057649953,-0.003702999611809014,-0.301616958872922,0.437989956472825,-1.8694120263487566,1.0,0.9997721693329972,0.0,roll,0.0,0.0,0.0,0.0,0,5.148000001907349,a_to_b,1.2,0.004454598005395383,1,-0.0402688275488313,0.4081032353863628,0.3068158999869388,0.3885755341922563,-0.05137593792255048,0.15071749650489477,0.23617539006839458,0.1416773872299214
10.264000177383423,direct_px4_equiv,1,1,14,0,0,0,0,1,-0.11153795570135117,1.426567554473877,1.5122013688087463,-0.06959967315196991,-0.3915175795555115,0.002160724252462387,1.198707302463424,0.6982161333900095,-11.973450580973424,0.7021086870026546,-0.0067696948535740376,1.2007293677849744,1.5,0.0,0.020210454104230283,0.0,-0.0,-1.2285551797889247,-0.0,0.0,0.0,-5.937107500558976,2.662215310070943,-1.402443411284865,43.83368971078477,-0.44219434913126926,-0.2133263475302563,1.5395910194463012,18.43871385255103,20.03323577650804,5.752691639964976,0.012,0.012,fixed_switch,0.3356618583202362,0.3356618583202362,0.3216162919998169,0.3216162919998169,0.6709955930709839,0.05699734389781952,-0.016844013705849648,0.01114405132830143,0.01210820022970438,0.3372241258621216,0.3372241258621216,0.32646864652633667,0.32646864652633667,0.6541145443916321,0.07149802148342133,-0.01779724471271038,0.037766605615615845,0.04023166000843048,8.660000085830688,0.0,0.004000186920166016,0,0,0.11180635541677475,-0.0477222204208374,0.010898916982114315,3,-0.6887057802962303,,4.0,3.5,8.0,3.8,3.2,4.0,0.15,0.12,3.0,6.200662795268399,0.021533195417488514,-0.011067000016220286,0.10542492048157433,0.11180635541677475,-0.0477222204208374,0.010898916982114315,-0.03313647218630172,0.005159919874184392,-0.001593554038561046,-0.44219434913126926,0.2133263475302563,-1.5395910194463012,1.0,0.9997069215115377,0.0,roll,0.0,0.0,0.0,0.0,0,5.168000221252441,a_to_b,1.2,0.004483142001845408,1,-0.044383195233961566,0.3092175594075759,0.2940767489692624,0.3085872429512888,-0.054386949747516906,0.0380390328396497,0.18403639535620403,0.03501006938873354
10.288000106811523,direct_px4_equiv,1,1,14,0,0,0,0,1,-0.11326948553323746,1.4045045375823975,1.5120192170143127,-0.05209670215845108,-0.4547593891620636,-0.004016830585896969,1.372106802598579,0.7383345350933852,-11.85962700367566,0.7422961311039405,-0.0067696948535740376,1.2009443938404563,1.5,0.0,0.0013155655884951045,0.0,-0.0,-0.32669026739805906,-0.0,0.0,0.0,-5.937107500558976,1.3353473663640871,3.7817763865670453,43.81574344731275,-0.46491962747564647,-0.1554449558207489,1.0527387228474276,18.348686817570535,20.003783546403742,5.8030788321324085,0.016,0.016,fixed_switch,0.3354076147079468,0.3354076147079468,0.32080549001693726,0.32080549001693726,0.6739277839660645,0.03526629880070686,-0.015743868425488472,-0.030133718624711037,-0.032861147075891495,0.335066020488739,0.335066020488739,0.3209155797958374,0.3209155797958374,0.6706761717796326,0.04898856207728386,-0.01250898465514183,0.0018805742729455233,0.0020447964780032635,8.684000015258789,0.0,0.003999948501586914,0,0,0.11445792764425278,-0.028437774628400803,-0.0670202374458313,3,-0.6887057802962303,,4.0,3.5,8.0,3.8,3.2,4.0,0.15,0.12,3.0,6.132420826251571,0.02458040112813018,-0.011631045556071742,0.10346599366344333,0.11445792764425278,-0.028437774628400803,-0.0670202374458313,-0.032575563461569305,0.004883004852697627,0.0009147041108860329,-0.46491962747564647,0.1554449558207489,-1.0527387228474276,1.0,0.9996302613392554,0.0,roll,0.0,0.0,0.0,0.0,0,5.192000150680542,a_to_b,1.2,0.008581884998420719,1,-0.04451157479030975,0.203780456807275,0.2729006957573888,0.20196441187142158,-0.05083473447898847,-0.10323633287974557,0.11386990824757269,-0.09466786635415109
10.312000036239624,direct_px4_equiv,1,1,14,0,0,0,0,1,-0.11404392868280411,1.388910174369812,1.5118103623390198,-0.03765292838215828,-0.4805230498313904,-0.009712470695376396,1.4652296794364432,0.7057918620537397,-11.571016513042805,0.7092173193052216,-0.0067696948535740376,1.2009479137370362,1.5,0.0,0.0,0.0,0.0,0.0,0.0,0.0,0.0,-5.937107500558976,0.7478743967513678,5.927991696875943,43.85438470396266,-0.30957944029375173,-0.053391173347768474,0.3880472111760209,18.61454236751372,19.79427333181165,5.931133404065122,0.02,0.02,fixed_switch,0.3335935175418854,0.3335935175418854,0.32319414615631104,0.32319414615631104,0.6813228726387024,0.015227722004055977,-0.003606827463954687,-0.04784368723630905,-0.05090118199586868,0.33571678400039673,0.33571678400039673,0.3209806978702545,0.3209806978702545,0.6735987663269043,0.033917125314474106,-0.016784239560365677,-0.035730574280023575,-0.03899768739938736,8.70799994468689,0.0,0.003999948501586914,0,0,0.05990759655833244,0.0025106859393417835,-0.16782547533512115,3,-0.6887057802962303,,4.0,3.5,8.0,3.8,3.2,4.0,0.15,0.12,3.0,5.872436151330599,0.026146336259196115,-0.011045683805138767,0.09843807749748285,0.05990759655833244,0.0025106859393417835,-0.16782547533512115,-0.03195988203300567,0.004608582026094811,0.003334120377803591,-0.30957944029375173,0.053391173347768474,-0.3880472111760209,1.0,0.9995971809460237,0.0,roll,0.0,0.0,0.0,0.0,0,5.216000080108643,dwell_b,1.2,0.01250642299419269,1,-0.046026318039173064,0.09995053929949307,0.24815847732486176,0.09183027190610457,-0.011645937480117248,-0.15991077618975294,0.04916816897120122,-0.1503053721925863
10.335999965667725,direct_px4_equiv,1,1,14,0,0,0,0,1,-0.11458788067102432,1.364895224571228,1.511522114276886,-0.014256980270147324,-0.49526599049568176,-0.0010540119837969542,1.3210827480557146,0.5620881746236285,-11.076885843847078,0.5643572265814853,-0.0067696948535740376,1.2009479137370362,1.5,0.0,0.0,0.0,0.0,0.0,0.0,0.0,0.0,-5.937107500558976,0.44926834510460284,6.408743423517302,43.70022961902716,0.2474504022699491,0.310883382132826,-0.8755678327939251,19.241654251646366,18.721274733944508,6.37873599560083,0.012,0.012,fixed_switch,0.3241482973098755,0.3241482973098755,0.32876187562942505,0.32876187562942505,0.7065638899803162,-0.018514247611165047,0.025350308045744896,-0.054752167314291,-0.05325724929571152,0.32603713870048523,0.32603713870048523,0.32786670327186584,0.32786670327186584,0.6964388489723206,-0.007468989584594965,0.013353574089705944,-0.054682306945323944,-0.054086096584796906,8.73199987411499,0.0,0.003999948501586914,0,0,-0.12394949793815613,0.11104608327150345,-0.36118683218955994,3,-0.6887057802962303,,4.0,3.5,8.0,3.8,3.2,4.0,0.15,0.12,3.0,5.342634510667623,0.02347310993601471,-0.008765926783438651,0.08978192928083184,-0.12394949793815613,0.11104608327150345,-0.36118683218955994,-0.03136682282266854,0.004372790359220784,0.005581586631710947,0.2474504022699491,-0.310883382132826,0.8755678327939251,1.0,0.9996860858439546,0.0,roll,0.0,0.0,0.0,0.0,0,5.240000009536743,dwell_b,1.2,0.016658054999425076,1,-0.039649870052351766,0.03191081738608162,0.21398850119890536,0.020601996489902973,0.081852570236794,-0.16731258677351846,-0.0597798974431174,-0.1720090012152023
10.356000185012817,direct_px4_equiv,1,1,14,0,0,0,0,1,-0.11457705497741699,1.3489353656768799,1.5114246010780334,0.000693923095241189,-0.49725642800331116,0.00651306239888072,1.1848595251390408,0.39665984118863556,-10.537686951650102,0.3979418720301847,-0.0067696948535740376,1.2009479137370362,1.5,0.0,0.0,0.0,0.0,0.0,0.0,0.0,0.0,-5.937107500558976,0.35847090610265026,6.56812654830979,43.57109828221282,0.2834551949036089,0.39252120159135856,-1.5819711458663361,19.309307219218997,18.677790229652288,6.465730355010454,0.012,0.012,fixed_switch,0.32375988364219666,0.32375988364219666,0.3293570876121521,0.3293570876121521,0.7113656997680664,-0.03744588419795036,0.042059771716594696,-0.056259993463754654,-0.054401546716690063,0.3227382302284241,0.3227382302284241,0.3292401134967804,0.3292401134967804,0.7112699151039124,-0.02834485098719597,0.03136269375681877,-0.0571821853518486,-0.05498962849378586,8.752000093460083,0.0,0.004000186920166016,0,0,-0.13307271897792816,0.13154494762420654,-0.4584435820579529,3,-0.6887057802962303,,4.0,3.5,8.0,3.8,3.2,4.0,0.15,0.12,3.0,4.7711065069396525,0.02094039385636972,-0.006087060870131245,0.0803404461328002,-0.13307271897792816,0.13154494762420654,-0.4584435820579529,-0.030927584179260628,0.0042297398484956224,0.007266879523322386,0.2834551949036089,-0.39252120159135856,1.5819711458663361,1.0,0.9997622237917541,0.0,roll,0.0,0.0,0.0,0.0,0,5.260000228881836,dwell_b,1.2,0.016521739999006968,1,-0.027422888325933342,-0.007175337598161381,0.17536420129329347,-0.020975424901810275,0.1358050779669191,-0.17090750379302358,-0.12090748948236608,-0.176745980615475
10.380000114440918,direct_px4_equiv,1,1,14,0,0,0,0,1,-0.113245390355587,1.3092881441116333,1.5116363167762756,0.030172601342201233,-0.48918601870536804,0.02647809125483036,1.0651881134539367,0.03158823912935394,-9.779352415966505,0.03165940017663856,-0.0067696948535740376,1.2009479137370362,1.5,0.0,0.0,0.0,0.0,0.0,0.0,0.0,0.0,-5.937107500558976,0.17696677280619477,6.950674391233445,43.20172674044079,0.1742463405958776,0.8688835584584954,-2.2106872421937327,18.856810952130587,18.579537465740245,7.031684569897607,0.016,0.016,fixed_switch,0.3228806257247925,0.3228806257247925,0.32535606622695923,0.32535606622695923,0.7418460845947266,-0.05563453584909439,0.05778517946600914,-0.05989324674010277,-0.059002261608839035,0.32265663146972656,0.32265663146972656,0.3289744555950165,0.3289744555950165,0.7198308110237122,-0.046591486781835556,0.04690837487578392,-0.05886588245630264,-0.0566689558327198,8.776000022888184,0.0,0.003999948501586914,0,0,-0.09831854701042175,0.2700389623641968,-0.5332927703857422,3,-0.6887057802962303,,4.0,3.5,8.0,3.8,3.2,4.0,0.15,0.12,3.0,3.987518037447628,0.01859880388118912,7.224524865712244e-05,0.06704948184689942,-0.09831854701042175,0.2700389623641968,-0.5332927703857422,-0.03046241497317063,0.004165944798665168,0.009011907931239205,0.1742463405958776,-0.8688835584584954,2.2106872421937327,1.0,0.9998270396360752,0.0,roll,0.0,0.0,0.0,0.0,0,5.2840001583099365,dwell_b,1.2,0.0007638380047865212,1,0.039464042915289065,-0.06966035057256567,0.08703539990385892,-0.09076456616839562,0.18658020626245855,-0.18536106815656378,-0.17963607620125258,-0.18816018305461996
10.404000043869019,direct_px4_equiv,1,1,14,0,0,0,0,1,-0.11174146085977554,1.286423921585083,1.5119526982307434,0.04577247053384781,-0.4775713384151459,0.010102665051817894,0.9233243741661842,-0.24845443255934568,-8.957744489073761,-0.24880010472890682,-0.0067696948535740376,1.2009479137370362,1.5,0.0,0.0,0.0,0.0,0.0,0.0,0.0,0.0,-5.937107500558976,0.20119980579553057,7.014932749056406,43.49507739296101,0.2730911994011528,0.6437418046020617,-2.672132343205912,19.409390119259402,18.837659663399872,6.7793764997897386,0.012,0.012,fixed_switch,0.3251856565475464,0.3251856565475464,0.33023566007614136,0.33023566007614136,0.7284151911735535,-0.06657669693231583,0.06785818934440613,-0.05961541831493378,-0.057839468121528625,0.32399430871009827,0.32399430871009827,0.32439911365509033,0.32439911365509033,0.7470363974571228,-0.059127748012542725,0.0647854208946228,-0.059095196425914764,-0.05895059183239937,8.799999952316284,0.0,0.003999948501586914,0,0,-0.12470204383134842,0.19113102555274963,-0.5774591565132141,3,-0.6887057802962303,,4.0,3.5,8.0,3.8,3.2,4.0,0.15,0.12,3.0,3.166417332177043,0.01599495029024285,0.0047594359794439385,0.05267719503285413,-0.12470204383134842,0.19113102555274963,-0.5774591565132141,-0.030048236173400793,0.004239657099269861,0.01042062230812809,0.2730911994011528,-0.6437418046020617,2.672132343205912,1.0,0.9998607546646023,0.0,roll,0.0,0.0,0.0,0.0,0,5.308000087738037,dwell_b,1.2,0.00459982000029413,1,0.07887759322595424,-0.09249410353028048,0.03741150007009544,-0.10123320061378155,0.21910453364745072,-0.18170805179090216,-0.21496677256897442,-0.18728736128019302
10.42799997329712,direct_px4_equiv,1,1,14,0,0,0,0,1,-0.11047156900167465,1.2717283964157104,1.511850893497467,0.055135469883680344,-0.4696398675441742,-0.006821465212851763,0.7457651917279526,-0.3310499586257464,-8.14483060641347,-0.3312958393681407,-0.0067696948535740376,1.2009479137370362,1.5,0.0,0.0,0.0,0.0,0.0,0.0,0.0,0.0,-5.937107500558976,0.18537310843291277,6.987851730868228,43.819798562468804,0.37096424234978215,0.14638090070917778,-2.798562230074717,20.034713924337694,19.17978514548549,6.176683485277023,0.016,0.016,fixed_switch,0.32821667194366455,0.32821667194366455,0.33567461371421814,0.33567461371421814,0.6952832937240601,-0.06867407262325287,0.0685822144150734,-0.058311183005571365,-0.055796507745981216,0.32633066177368164,0.32633066177368164,0.33310773968696594,0.33310773968696594,0.703876793384552,-0.06681209057569504,0.06821446865797043,-0.05883471667766571,-0.05650913715362549,8.823999881744385,0.0,0.003999948501586914,0,0,-0.14610780775547028,0.03325670212507248,-0.5656090974807739,3,-0.6887057802962303,,4.0,3.5,8.0,3.8,3.2,4.0,0.15,0.12,3.0,2.3516385078297195,0.012902187840452882,0.0060274574121508455,0.03849107953692809,-0.14610780775547028,0.03325670212507248,-0.5656090974807739,-0.029708152951221128,0.004371126517845797,0.011485053902774604,0.37096424234978215,-0.14638090070917778,2.798562230074717,1.0,0.9998986016570095,0.0,roll,0.0,0.0,0.0,0.0,0,5.332000017166138,dwell_b,1.2,0.008401536993915215,1,0.10188359168485685,-0.10028174786237745,-0.012796587701740756,-0.10899514217611841,0.22144231586251778,-0.1752898964096941,-0.22173890463893697,-0.18318998253581809
10.452000141143799,direct_px4_equiv,1,1,14,0,0,0,0,1,-0.10822421312332153,1.25047767162323,1.5115652680397034,0.06598646193742752,-0.45771998167037964,-0.010525085031986237,0.6102460875053923,-0.36332906519721436,-7.400778732285228,-0.363447568696193,-0.0067696948535740376,1.2009479137370362,1.5,0.0,0.0,0.0,0.0,0.0,0.0,0.0,0.0,-5.937107500558976,0.08228447093831182,7.0370247407315505,43.90843518090575,0.25317128115785553,0.07575011339824012,-2.5098387820780763,19.847913480138004,19.35940371490518,6.0951957158849694,0.008,0.008,fixed_switch,0.3297971487045288,0.3297971487045288,0.33405888080596924,0.33405888080596924,0.6906816959381104,-0.061602454632520676,0.061346326023340225,-0.05817516893148422,-0.05672777071595192,0.3297984004020691,0.3297984004020691,0.33396387100219727,0.33396387100219727,0.6971333622932434,-0.0658886730670929,0.06509178876876831,-0.058448124676942825,-0.05702603608369827,8.848000049591064,0.0,0.004000186920166016,0,0,-0.10207296162843704,0.01124519295990467,-0.48594930768013,3,-0.6887057802962303,,4.0,3.5,8.0,3.8,3.2,4.0,0.15,0.12,3.0,1.6251307340532934,0.01056883718675121,0.006476706109009372,0.02551093550844735,-0.10207296162843704,0.01124519295990467,-0.48594930768013,-0.029431448017973108,0.004524923202289773,0.012224003703443558,0.25317128115785553,-0.07575011339824012,2.5098387820780763,1.0,0.999923175975439,0.0,roll,0.0,0.0,0.0,0.0,0,5.356000185012817,dwell_b,1.2,0.011882085003890097,1,0.12263362492216535,-0.11069985360916171,-0.04820465862098712,-0.12316145137973791,0.19807864701589276,-0.17821554575008391,-0.19890564748960488,-0.18276268729527992
10.4760000705719,direct_px4_equiv,1,1,14,0,0,0,0,1,-0.10646187514066696,1.2369728088378906,1.511299192905426,0.07260977476835251,-0.4492088258266449,-0.016080057248473167,0.48715541368897075,-0.32766493031479543,-6.763176764101014,-0.32769898056835434,-0.0067696948535740376,1.2009479137370362,1.5,0.0,0.0,0.0,0.0,0.0,0.0,0.0,0.0,-5.937107500558976,-0.0037768374715630437,7.027263088568302,44.02900934517653,0.23702974524692577,-0.04678239916764906,-2.232078609043067,19.867308735363725,19.440325911980757,5.950864087371594,0.012,0.012,fixed_switch,0.3305068016052246,0.3305068016052246,0.3342269957065582,0.3342269957065582,0.6824551820755005,-0.0551011748611927,0.053804922848939896,-0.057849038392305374,-0.056592345237731934,0.3305358290672302,0.3305358290672302,0.334588885307312,0.334588885307312,0.6863936185836792,-0.06019914895296097,0.058454882353544235,-0.058221235871315,-0.05684525519609451,8.871999979019165,0.0,0.003999948501586914,0,0,-0.09212072938680649,-0.025557177141308784,-0.4125613570213318,3,-0.6887057802962303,,4.0,3.5,8.0,3.8,3.2,4.0,0.15,0.12,3.0,1.0123078674084018,0.00846095940881702,0.005779915307421158,0.014393004222144956,-0.09212072938680649,-0.025557177141308784,-0.4125613570213318,-0.029207535946682548,0.004673096039097739,0.012676273422061183,0.23702974524692577,0.04678239916764906,2.232078609043067,1.0,0.9999475023758785,0.0,roll,0.0,0.0,0.0,0.0,0,5.380000114440918,dwell_b,1.2,0.0165945560002001,1,0.13271216246156328,-0.12104918057430883,-0.0711528207649095,-0.12595660443376325,0.17372851256618987,-0.17779009043625135,-0.17791392680752144,-0.18173811263480621
10.612393140792847,direct_px4_equiv,1,1,14,0,0,0,0,1,-0.1045946478843689,1.223844051361084,1.510949194431305,0.0784202441573143,-0.44025105237960815,-0.019771521911025047,0.42500361476621523,-0.2871348307055941,-6.493594035599693,-0.2871483664117367,-0.0067696948535740376,1.2009479137370362,1.5,0.0,0.0,0.0,0.0,0.0,0.0,0.0,0.0,-5.937107500558976,-0.12351278220037035,7.05070641188041,44.11139978033559,0.25286076971489285,-0.12411339635101219,-2.114220777169497,19.937444608807716,19.483515273622196,5.85952914748455,0.140393,0.140393,fixed_switch,0.3308849334716797,0.3308849334716797,0.3348342180252075,0.3348342180252075,0.6771976947784424,-0.053031694144010544,0.049797091633081436,-0.05791408196091652,-0.0565812774002552,0.3306039571762085,0.3306039571762085,0.33476850390434265,0.33476850390434265,0.6862879991531372,-0.061337441205978394,0.05968163162469864,-0.05794184282422066,-0.056535910815000534,9.008393049240112,0.0,0.02,0,0,-0.0950949639081955,-0.04842175915837288,-0.38148078322410583,3,-0.6887057802962303,,4.0,3.5,8.0,3.8,3.2,4.0,0.15,0.12,3.0,0.7560184588957367,0.007393248178131245,0.005047371342567126,0.009693798086648024,-0.0950949639081955,-0.04842175915837288,-0.38148078322410583,-0.028996370797605513,0.00481723152075526,0.012966005889495253,0.25286076971489285,0.12411339635101219,2.114220777169497,1.0,0.9999599319599775,0.0,roll,0.0,0.0,0.0,0.0,0,5.516393184661865,dwell_b,1.2,0.008560375004890375,1,0.14042096013865749,-0.12373862513715686,-0.09388966497763383,-0.1343245525856072,0.1607877978893582,-0.1777553248301338,-0.17123186894238804,-0.18194245391473357
10.636291027069092,direct_px4_equiv,1,1,14,0,0,0,0,1,-0.10153952240943909,1.2051618099212646,1.5103567242622375,0.08600213378667831,-0.4259077310562134,-0.01821371540427208,0.31752820944243465,-0.19655755510510306,-6.066076299804846,-0.1965580169969702,-0.0067696948535740376,1.2009479137370362,1.5,0.0,0.0,0.0,0.0,0.0,0.0,0.0,0.0,-5.937107500558976,-0.30797332458341903,7.044120738528419,44.11415175724287,0.2433315031323878,-0.28516720093927256,-1.3569527677241617,19.87068043162457,19.453033101387874,5.647353810600317,0.015938,0.015938,fixed_switch,0.33061808347702026,0.33061808347702026,0.33425620198249817,0.33425620198249817,0.6648238897323608,-0.03585578501224518,0.03016948699951172,-0.05795106291770935,-0.0567198283970356,0.3304620087146759,0.3304620087146759,0.3339482545852661,0.3339482545852661,0.6786251068115234,-0.04637756571173668,0.04356665164232254,-0.05785500258207321,-0.05667583644390106,9.032290935516357,0.0,0.003975868225097656,0,0,-0.08856012672185898,-0.09559454768896103,-0.2355242818593979,3,-0.6887057802962303,,4.0,3.5,8.0,3.8,3.2,4.0,0.15,0.12,3.0,0.3949067089044618,0.0055380326585021565,0.003436796201786676,0.0022414110191662402,-0.08856012672185898,-0.09559454768896103,-0.2355242818593979,-0.028844554171042504,0.004921376252485926,0.01308844388014009,0.2433315031323878,0.28516720093927256,1.3569527677241617,1.0,0.9999787593103457,0.0,roll,0.0,0.0,0.0,0.0,0,5.54029107093811,dwell_b,1.2,0.012781997000274714,1,0.14220186181014796,-0.1312115839397452,-0.10271615704325407,-0.13416010767982492,0.0974130242972026,-0.1781905926960047,-0.11577327441008708,-0.1820586282442387
10.66022515296936,direct_px4_equiv,1,1,14,0,0,0,0,1,-0.09825997054576874,1.1875369548797607,1.5096552968025208,0.09271737188100815,-0.41002848744392395,-0.019829213619232178,0.23685196156328484,-0.09663659042290754,-5.789380357166168,-0.09663689290068903,-0.0067696948535740376,1.2009479137370362,1.5,0.0,0.0,0.0,0.0,0.0,0.0,0.0,0.0,-5.937107500558976,-0.5030845889327604,7.015149619664452,44.17465787656934,0.1290866314261474,-0.21090194204780816,-0.8787920491401846,19.61666525800861,19.53820188859177,5.748890813180554,0.007986,0.007986,fixed_switch,0.33136314153671265,0.33136314153671265,0.33204808831214905,0.33204808831214905,0.6707739233970642,-0.02553674578666687,0.017338700592517853,-0.05745572969317436,-0.057223401963710785,0.3307667076587677,0.3307667076587677,0.3336033821105957,0.3336033821105957,0.6687878966331482,-0.03313441947102547,0.024856481701135635,-0.05781341716647148,-0.056852735579013824,9.056225061416626,0.0,0.003993988037109375,0,0,-0.04898116737604141,-0.06902004778385162,-0.1429334133863449,3,-0.6887057802962303,,4.0,3.5,8.0,3.8,3.2,4.0,0.15,0.12,3.0,0.29549906754933125,0.0041360126847528895,0.0016812919593102002,-0.002581801472258542,-0.04898116737604141,-0.06902004778385162,-0.1429334133863449,-0.02873256142156254,0.004980687079291294,0.013069495717960124,0.1290866314261474,0.21090194204780816,0.8787920491401846,1.0,0.9999900333276331,0.0,roll,0.0,0.0,0.0,0.0,0,5.564225196838379,dwell_b,1.2,0.01680588100134628,1,0.13666092167723257,-0.13189909130224045,-0.10980951234971957,-0.1409710336523802,0.0559842208558047,-0.17977262313739642,-0.08245455674259358,-0.18050249883195815
10.684198141098022,direct_px4_equiv,1,1,14,0,0,0,0,1,-0.09241551905870438,1.1605916023254395,1.5083425641059875,0.10183722525835037,-0.37573498487472534,-0.0245087631046772,0.1514942533571792,-0.0058863357443297275,-5.6526635250637645,-0.005886408321518048,-0.0067696948535740376,1.2009479137370362,1.5,0.0,0.0,0.0,0.0,0.0,0.0,0.0,0.0,-5.937107500558976,-0.7679825020123322,6.828667708715106,44.31311752216754,0.21563185846397206,-0.15756901704817008,-0.24870176963889748,19.730109215381546,19.366550361501616,5.832671716844291,0.011978,0.011978,fixed_switch,0.3298598825931549,0.3298598825931549,0.33303600549697876,0.33303600549697876,0.6756439208984375,-0.012363683432340622,-0.00011427897698013112,-0.056413065642118454,-0.05536285415291786,0.33172816038131714,0.33172816038131714,0.3329789340496063,0.3329789340496063,0.6650304198265076,-0.021620074287056923,0.011530440300703049,-0.057016484439373016,-0.05659706890583038,9.080198049545288,0.0,0.003982067108154297,0,0,-0.07589791715145111,-0.049510885030031204,-0.030491534620523453,3,-0.6887057802962303,,4.0,3.5,8.0,3.8,3.2,4.0,0.15,0.12,3.0,0.32233196307163225,0.002644319582555886,9.617236060725788e-05,-0.004964609739853388,-0.07589791715145111,-0.049510885030031204,-0.030491534620523453,-0.028652798161298374,0.004995871731307029,0.012970188011300319,0.21563185846397206,0.15756901704817008,0.24870176963889748,1.0,0.999996499162383,0.0,roll,0.0,0.0,0.0,0.0,0,5.588198184967041,dwell_b,1.2,0.0009090189996641129,1,0.11135724701578488,-0.16108295843126832,-0.1023308334152389,-0.14530642067586477,-0.0003689907128012135,-0.17392753105298683,-0.03992059187534288,-0.17722687735569376
10.70817518234253,direct_px4_equiv,1,1,14,0,0,0,0,1,-0.0899825245141983,1.1507513523101807,1.507777988910675,0.10497170686721802,-0.359101265668869,-0.02442682348191738,0.05196447948391046,0.06454095906649521,-5.637492846273247,0.06454183599223627,-0.0067696948535740376,1.2009479137370362,1.5,0.0,0.0,0.0,0.0,0.0,0.0,0.0,0.0,-5.937107500558976,-0.8922013936033776,6.637718283766125,44.340170496206056,0.2151022167659499,-0.1445856444138819,0.17070876242627392,19.7335416548452,19.337201553331237,5.851149076165033,0.007994,0.007994,fixed_switch,0.3296021819114685,0.3296021819114685,0.33306583762168884,0.33306583762168884,0.6767132878303528,-0.0030475077219307423,-0.011222947388887405,-0.05490361154079437,-0.05379016324877739,0.32956087589263916,0.32956087589263916,0.3335307240486145,0.3335307240486145,0.6736970543861389,-0.006078801583498716,-0.006834034342318773,-0.056075241416692734,-0.05477406829595566,9.104175090789795,0.0,0.0039980411529541016,0,0,-0.07303934544324875,-0.04321349412202835,0.04123421385884285,3,-0.6887057802962303,,4.0,3.5,8.0,3.8,3.2,4.0,0.15,0.12,3.0,0.3108331256969995,0.0009040026462263922,-0.0011288195054008443,-0.005228744159412086,-0.07303934544324875,-0.04321349412202835,0.04123421385884285,-0.028614343654295892,0.004979701050497244,0.012843861126081525,0.2151022167659499,0.1445856444138819,-0.17070876242627392,1.0,0.999998954272911,0.0,roll,0.0,0.0,0.0,0.0,0,5.612175226211548,dwell_b,1.2,0.0048709870025049895,1,0.09158567103734974,-0.16101696457905335,-0.09192841518311967,-0.1426545663974024,-0.03623731575764719,-0.1689867858865647,-0.00983997319404253,-0.1724847825314496
10.728177070617676,direct_px4_equiv,1,1,14,0,0,0,0,1,-0.08625175803899765,1.1370002031326294,1.5069625973701477,0.10945809632539749,-0.33161115646362305,-0.02497010864317417,-0.03240017140591198,0.09382096111021822,-5.698245593523789,0.09382176440311016,-0.0067696948535740376,1.2009479137370362,1.5,0.0,0.0,0.0,0.0,0.0,0.0,0.0,0.0,-5.937107500558976,-1.0217719055200358,6.338632823852056,44.38624818696911,0.21090208117554976,-0.0872374548536001,0.5075302943455111,19.72135902400832,19.297302027175082,5.929825188564886,0.008001,0.008001,fixed_switch,0.3292515277862549,0.3292515277862549,0.3329598903656006,0.3329598903656006,0.6812477111816406,0.00419944804161787,-0.020378654822707176,-0.05251593887805939,-0.05137670040130615,0.32866305112838745,0.32866305112838745,0.33343905210494995,0.33343905210494995,0.6811613440513611,0.0022280854173004627,-0.016634203493595123,-0.054848358035087585,-0.05331938713788986,9.124176979064941,0.0,0.004005908966064453,0,0,-0.0692208781838417,-0.024328215047717094,0.09583864361047745,3,-0.6887057802962303,,4.0,3.5,8.0,3.8,3.2,4.0,0.15,0.12,3.0,0.258688771277304,-0.0005689016329584017,-0.0016363019723582982,-0.004169387659322646,-0.0692208781838417,-0.024328215047717094,0.09583864361047745,-0.028615239526737054,0.0049508060366075125,0.012750493290093097,0.21090208117554976,0.0872374548536001,-0.5075302943455111,1.0,0.9999984994334158,0.0,roll,0.0,0.0,0.0,0.0,0,5.632177114486694,dwell_b,1.2,0.004466982005396858,1,0.07036492169208076,-0.16599840914256106,-0.07708553929979318,-0.13892320881223988,-0.06579980614335566,-0.16140465958954492,0.013559425414639246,-0.16498369193743667
10.752170085906982,direct_px4_equiv,1,1,14,0,0,0,0,1,-0.0837581530213356,1.1286619901657104,1.5063992142677307,0.11201892048120499,-0.31191855669021606,-0.023741185665130615,-0.14497409614181342,0.10457349592354011,-5.831333464650661,0.10457366196909819,-0.0067696948535740376,1.2009479137370362,1.5,0.0,0.0,0.0,0.0,0.0,0.0,0.0,0.0,-5.937107500558976,-1.100768400916338,6.056974440318162,44.393800350907085,0.2235643276217665,-0.028395274613288737,0.7666570171946067,19.722557102589537,19.22433648659028,6.006038716541017,0.012008,0.012008,fixed_switch,0.3286093771457672,0.3286093771457672,0.3329703211784363,0.3329703211784363,0.6856116652488708,0.009973031468689442,-0.027241399511694908,-0.05035439506173134,-0.049072060734033585,0.3275010287761688,0.3275010287761688,0.334522008895874,0.334522008895874,0.683468222618103,0.008122876286506653,-0.02413470484316349,-0.05263384059071541,-0.050492703914642334,9.148169994354248,0.0,0.00400090217590332,0,0,-0.07006429880857468,-0.005549020599573851,0.13427716493606567,3,-0.6887057802962303,,4.0,3.5,8.0,3.8,3.2,4.0,0.15,0.12,3.0,0.20777202336099837,-0.0025319572370988575,-0.0018228134810170898,-0.0018484111126718648,-0.07006429880857468,-0.005549020599573851,0.13427716493606567,-0.028659074443318673,0.004907823728242705,0.012681131860702898,0.2235643276217665,0.028395274613288737,-0.7666570171946067,1.0,0.9999951332715573,0.0,roll,0.0,0.0,0.0,0.0,0,5.656170129776001,dwell_b,1.2,0.008358147002581973,1,0.04791193014728836,-0.1487024455193773,-0.06218279085781545,-0.1373171149840451,-0.08795864057863624,-0.1541644284361186,0.032201514576400685,-0.15819300327012042
10.77219009399414,direct_px4_equiv,1,1,14,0,0,0,0,1,-0.07997755706310272,1.117153525352478,1.5055981278419495,0.11528737843036652,-0.280180424451828,-0.015550120733678341,-0.21928901606651924,0.08960284031546586,-5.9698328240307275,0.08960285647905668,-0.0067696948535740376,1.2009479137370362,1.5,0.0,0.0,0.0,0.0,0.0,0.0,0.0,0.0,-5.937107500558976,-1.174333528287761,5.65367734826221,44.28024823011623,0.2093726889194482,0.05036255155554265,0.922284600701138,19.606759130232604,19.115939549036902,6.09170647574773,0.012015,0.012015,fixed_switch,0.32765311002731323,0.32765311002731323,0.3319616913795471,0.3319616913795471,0.6904839873313904,0.013277004472911358,-0.03173457086086273,-0.04724449664354324,-0.046053383499383926,0.3282988667488098,0.3282988667488098,0.3334349989891052,0.3334349989891052,0.685638964176178,0.012495497241616249,-0.029732804745435715,-0.050252996385097504,-0.04874962568283081,9.168190002441406,0.0,0.003999948501586914,0,0,-0.06293424963951111,0.01862860471010208,0.15495170652866364,3,-0.6887057802962303,,4.0,3.5,8.0,3.8,3.2,4.0,0.15,0.12,3.0,0.2391151669579704,-0.003826865141524829,-0.001564954480277776,0.0005681726763790119,-0.06293424963951111,0.01862860471010208,0.15495170652866364,-0.028725710539439602,0.004873636356926783,0.01267276146546245,0.2093726889194482,-0.05036255155554265,-0.922284600701138,1.0,0.999991453010768,0.0,roll,0.0,0.0,0.0,0.0,0,5.676190137863159,dwell_b,1.2,0.008535990004020277,1,0.024601522821447366,-0.13654419935899423,-0.044011415288877705,-0.1283580984858548,-0.10246646076375537,-0.14468097283551137,0.04286957827726225,-0.1484229597292704
10.792204141616821,direct_px4_equiv,1,1,14,0,0,0,0,1,-0.0774553194642067,1.1102454662322998,1.5050941109657288,0.1170496940612793,-0.2586897313594818,-0.015555704943835735,-0.2777626296783862,0.050136663155310644,-6.113626525850487,0.05013689990445022,-0.0067696948535740376,1.2009479137370362,1.5,0.0,0.0,0.0,0.0,0.0,0.0,0.0,0.0,-5.937107500558976,-1.1966660624091623,5.358177635496636,44.30234815497879,0.13205745271613842,0.12982800161296412,0.987783225716529,19.446579314097736,19.16721444407981,6.197682573568813,0.011995,0.011995,fixed_switch,0.32810577750205994,0.32810577750205994,0.3305615782737732,0.3305615782737732,0.6964641809463501,0.01466438826173544,-0.03375261276960373,-0.044637780636548996,-0.043992381542921066,0.3278978765010834,0.3278978765010834,0.3317217230796814,0.3317217230796814,0.6909868121147156,0.014435505494475365,-0.03274914249777794,-0.04705074429512024,-0.045996516942977905,9.188204050064087,0.0,0.0039980411529541016,0,0,-0.03520594537258148,0.04218490794301033,0.16010208427906036,3,-0.6887057802962303,,4.0,3.5,8.0,3.8,3.2,4.0,0.15,0.12,3.0,0.33283892762740486,-0.004846513450228146,-0.0008825138526101407,0.0030787064090147215,-0.03520594537258148,0.04218490794301033,0.16010208427906036,-0.0288125226639379,0.004851841317552708,0.012714378624411358,0.13205745271613842,-0.12982800161296412,-0.987783225716529,1.0,0.9999878662384544,0.0,roll,0.0,0.0,0.0,0.0,0,5.69620418548584,dwell_b,1.2,0.00887866999983089,1,0.00391699156548444,-0.1334415646287053,-0.030165864681443614,-0.1353174991894355,-0.10898243407504796,-0.13820614259455286,0.04734924306766151,-0.14023372826708924
10.816204071044922,direct_px4_equiv,1,1,14,0,0,0,0,1,-0.07365483790636063,1.1009219884872437,1.5044263005256653,0.11875424534082413,-0.22494249045848846,-0.009328472428023815,-0.4035235111648356,-0.057479106415738446,-6.269934998238463,-0.057480076244647835,-0.0067696948535740376,1.2008920765251512,1.5,0.0,-0.008220338182108688,0.0,0.0,-0.799793918818944,0.0,0.0,0.0,-5.937107500558976,-0.7587617277754928,1.1258258610726029,44.19713543374537,0.47012836282545584,0.27831323022834575,0.8940340536162078,19.681419530860936,18.2512913719958,6.383808255280271,0.016018,0.016018,fixed_switch,0.31992611289024353,0.31992611289024353,0.3326123356819153,0.3326123356819153,0.7068447470664978,0.016564255580306053,-0.027332518249750137,-0.009818986058235168,-0.009105297736823559,0.3258891701698303,0.3258891701698303,0.33225175738334656,0.33225175738334656,0.6932953596115112,0.015163149684667587,-0.03206871449947357,-0.0384746715426445,-0.037051308900117874,9.212203979492188,0.0,0.00400090217590332,0,0,-0.14389339089393616,0.08573947846889496,0.13794226944446564,3,-0.6887057802962303,,4.0,3.5,8.0,3.8,3.2,4.0,0.15,0.12,3.0,0.5263491825586752,-0.007045682748915896,0.000982733541386344,0.005812422940787052,-0.14389339089393616,0.08573947846889496,0.13794226944446564,-0.02895164229200853,0.0048554102270941,0.01282746745525383,0.47012836282545584,-0.27831323022834575,-0.8940340536162078,1.0,0.999974696296273,0.0,roll,0.0,0.0,0.0,0.0,0,5.72020411491394,b_to_a,1.2,0.012904016002721619,1,-0.01157868178255963,-0.11930045685786109,-0.017428233184054988,-0.12088659621853216,-0.08825285224028342,-0.02860513717503248,0.05348364930270798,-0.030847253630415218
10.836220979690552,direct_px4_equiv,1,1,14,0,0,0,0,1,-0.07113708555698395,1.0954880714416504,1.5041187405586243,0.11951806396245956,-0.20329919457435608,-0.005534899886697531,-0.6331900280399212,-0.23123518796536033,-6.382045857599956,-0.23124215283525115,-0.0067696948535740376,1.2005184739544483,1.5,0.0,-0.03148132271855114,0.0,0.0,-1.5111278023044168,0.0,0.0,0.0,-5.937107500558976,-0.24655662185220453,-2.909947204411103,44.10087475725349,0.6386052444760574,0.5817214406046467,0.8372141811935467,19.791088458839855,17.735521222228172,6.773872632031449,0.016013,0.016013,fixed_switch,0.31522950530052185,0.31522950530052185,0.3335658609867096,0.3335658609867096,0.728119432926178,0.02008027210831642,-0.02185700461268425,0.026142651215195656,0.02342219278216362,0.3196526765823364,0.3196526765823364,0.3326632082462311,0.3326632082462311,0.7070785760879517,0.017578888684511185,-0.02666676789522171,-0.0031870424281805754,-0.002949681831523776,9.232220888137817,0.0,0.003994941711425781,0,0,-0.19268982112407684,0.1754828542470932,0.12405353039503098,3,-0.6887057802962303,,4.0,3.5,8.0,3.8,3.2,4.0,0.15,0.12,3.0,0.8083957766507772,-0.011066758713266713,0.003992811169563533,0.0077877871556900355,-0.19268982112407684,0.1754828542470932,0.12405353039503098,-0.029141904665843342,0.004909228998153553,0.012967766951936436,0.6386052444760574,-0.5817214406046467,-0.8372141811935467,1.0,0.9999307921563456,0.0,roll,0.0,0.0,0.0,0.0,0,5.74022102355957,b_to_a,1.2,0.012707267997029703,1,-0.018387917883019,-0.04186621828872752,-0.006633639506286263,-0.04360569100446756,-0.07057318597438883,0.07358298745770245,0.0648363706628561,0.08212956186329805
10.860223054885864,direct_px4_equiv,1,1,14,0,0,0,0,1,-0.06741303950548172,1.0882933139801025,1.5038562417030334,0.11878202110528946,-0.1892438679933548,-0.00032789044780656695,-0.8304650974270945,-0.41699924330797694,-6.519699603530364,-0.4170208051281901,-0.0067696948535740376,1.1992528805613787,1.5,0.0,-0.0769776852096687,0.0,0.0,-2.261645518745562,0.0,0.0,0.0,-5.937107500558976,0.3415390047817946,-7.325851091441403,43.94056187603775,0.48811649805534296,0.4664152878819942,0.8961754371913221,19.923770230384275,18.218043080605483,6.611982174158805,0.008003,0.008003,fixed_switch,0.3196253478527069,0.3196253478527069,0.33471593260765076,0.33471593260765076,0.7193660736083984,0.02656068466603756,-0.018784048035740852,0.06443872302770615,0.058855097740888596,0.31745874881744385,0.31745874881744385,0.33394676446914673,0.33394676446914673,0.7247907519340515,0.023963196203112602,-0.0193885937333107,0.05260979011654854,0.04764905199408531,9.25622296333313,0.0,0.004006862640380859,0,0,-0.13705836236476898,0.13376833498477936,0.127964049577713,3,-0.6887057802962303,,4.0,3.5,8.0,3.8,3.2,4.0,0.15,0.12,3.0,1.0984010712461112,-0.014530940996161045,0.0072040196322345545,0.010220514696463975,-0.13705836236476898,0.13376833498477936,0.127964049577713,-0.02945798185555276,0.005054074466880449,0.013187953298708945,0.48811649805534296,-0.4664152878819942,-0.8961754371913221,1.0,0.9998684769326294,0.0,roll,0.0,0.0,0.0,0.0,0,5.764223098754883,b_to_a,1.2,0.016900829003134277,1,-0.010892038728047804,0.04735613337634868,0.005214744789432646,0.048675528341768595,-0.06065104357369042,0.18489874771041273,0.08576070989859395,0.20244022367580103
10.880226135253906,direct_px4_equiv,1,1,14,0,0,0,0,1,-0.06496557593345642,1.0837708711624146,1.5036318898200989,0.11774026602506638,-0.1935444176197052,-0.011029382236301899,-0.8656475305021649,-0.45759344134243224,-6.66680104048687,-0.4576305369271697,-0.0067696948535740376,1.197223164564658,1.5,0.0,-0.12777409235401907,0.0,0.0,-2.805038482751665,0.0,0.0,0.0,-5.937107500558976,0.7395354746901784,-10.530360403965505,44.08461321048583,0.07763528999003413,0.1260817695486798,1.086993606123581,20.01661498302958,19.454297321821997,6.195812897035974,0.007999,0.007999,fixed_switch,0.3306291699409485,0.3306291699409485,0.33551841974258423,0.33551841974258423,0.6963590979576111,0.03341517597436905,-0.020497608929872513,0.08723647892475128,0.0847252830862999,0.32371652126312256,0.32371652126312256,0.3373449146747589,0.3373449146747589,0.7095828056335449,0.029960453510284424,-0.01847113110125065,0.07936137169599533,0.07314302027225494,9.276226043701172,0.0,0.004004001617431641,0,0,-5.3450101404450834e-05,0.025791168212890625,0.1538289189338684,3,-0.6887057802962303,,4.0,3.5,8.0,3.8,3.2,4.0,0.15,0.12,3.0,1.223199885066928,-0.01515868286672416,0.007889896117253874,0.01279533573191024,-5.3450101404450834e-05,0.025791168212890625,0.1538289189338684,-0.02976002534609836,0.00520889913252771,0.013422341739985683,0.07763528999003413,-0.1260817695486798,-1.086993606123581,1.0,0.9998539819295554,0.0,roll,0.0,0.0,0.0,0.0,0,5.784226179122925,b_to_a,1.2,0.016485202002513688,1,-0.012640563498071767,0.14267146912080375,0.019690335809263073,0.14636188006010772,-0.06618389152024648,0.2661723244363665,0.10789289968282935,0.27406147330964686
10.900227069854736,direct_px4_equiv,1,1,14,0,0,0,0,1,-0.06139263138175011,1.0772494077682495,1.5030418038368225,0.11419558525085449,-0.2188650220632553,-0.01482351217418909,-0.7886192411659342,-0.46193448648731406,-6.852420998618653,-0.46199343482859284,-0.0067696948535740376,1.194073881778265,1.5,0.0,-0.18871168542773278,0.0,0.0,-3.276727265552959,0.0,0.0,0.0,-5.937107500558976,1.0894223652655686,-13.121553183095592,44.14812402246902,-0.22526388383858847,0.03886244892931847,1.317813166441672,20.099218302196142,20.36257428272513,6.096980444781558,0.00801,0.00801,fixed_switch,0.33849239349365234,0.33849239349365234,0.3362308144569397,0.3362308144569397,0.6907828450202942,0.04095032438635826,-0.023692969232797623,0.10442161560058594,0.10584220290184021,0.33324840664863586,0.33324840664863586,0.33739525079727173,0.33739525079727173,0.6942899823188782,0.0371682271361351,-0.02125498838722706,0.0972478836774826,0.09486894309520721,9.296226978302002,0.0,0.003999948501586914,0,0,0.09840971231460571,-0.0020334930159151554,0.1852782964706421,3,-0.6887057802962303,,4.0,3.5,8.0,3.8,3.2,4.0,0.15,0.12,3.0,1.2957240652856439,-0.013827738634141188,0.00795186909335172,0.01603003657236782,0.09840971231460571,-0.0020334930159151554,0.1852782964706421,-0.030048674811707952,0.005370177047472011,0.013715943816573463,-0.22526388383858847,-0.03886244892931847,-1.317813166441672,1.0,0.9998727806991076,0.0,roll,0.0,0.0,0.0,0.0,0,5.804227113723755,b_to_a,1.2,0.016556624999793712,1,-0.017024961427556776,0.21107260773403727,0.03365471831473179,0.20359721198963535,-0.07650126107538613,0.33251308790200396,0.1322228324758253,0.32805017629977784
10.92421007156372,direct_px4_equiv,1,1,14,0,0,0,0,1,-0.05571247637271881,1.0652779340744019,1.5021119713783264,0.10692045092582703,-0.29371824860572815,-0.012119604274630547,-0.7175371235551259,-0.4104924646954874,-7.122225035884234,-0.4105802983050395,-0.0067696948535740376,1.1885577884990413,1.5,0.0,-0.2731870828872511,0.0,0.0,-3.7517754056089823,0.0,0.0,0.0,-5.937107500558976,1.3950637351626527,-15.228087651144358,44.11976649251726,-0.1654776001493683,-0.10881006859984063,1.5539482223623469,20.680204557645748,20.747966491122376,5.9062434872192275,0.011994,0.011994,fixed_switch,0.3417757451534271,0.3417757451534271,0.34120067954063416,0.34120067954063416,0.6798917651176453,0.049180883914232254,-0.02672220766544342,0.11960751563310623,0.1200190857052803,0.3402831554412842,0.3402831554412842,0.3402172327041626,0.3402172327041626,0.6829575300216675,0.0449354350566864,-0.024624638259410858,0.11400581896305084,0.11405064910650253,9.320209980010986,0.0,0.003994941711425781,0,0,0.07579633593559265,-0.04655549302697182,0.2142181694507599,3,-0.6887057802962303,,4.0,3.5,8.0,3.8,3.2,4.0,0.15,0.12,3.0,1.4470427066752318,-0.012596645974768443,0.007034392230842007,0.020728151796993173,0.07579633593559265,-0.04655549302697182,0.2142181694507599,-0.0303605547799202,0.005546868938472902,0.01416441340376448,-0.1654776001493683,0.10881006859984063,-1.5539482223623469,1.0,0.9998959209186105,0.0,roll,0.0,0.0,0.0,0.0,0,5.828210115432739,b_to_a,1.2,0.0014872210012981668,1,-0.03513448069183507,0.32285392596675805,0.06914023928320503,0.2992758094494198,-0.08628224213177427,0.37705107209039584,0.1587981465691876,0.3757580930139547
10.948202133178711,direct_px4_equiv,1,1,14,0,0,0,0,1,-0.05357564240694046,1.0597597360610962,1.50186687707901,0.10268744081258774,-0.3361954391002655,-0.004106120206415653,-0.6483355782107993,-0.3865436144849424,-7.44991077020096,-0.38667838887572353,-0.0067696948535740376,1.1808849155533743,1.5,0.0,-0.3679535378638616,0.0,0.0,-4.1327258426442794,0.0,0.0,0.0,-5.937107500558976,1.8301940458865014,-17.78595123539699,43.9700084247388,-0.13204291001917962,-0.06156742450495695,1.909342492224786,21.213791120977543,21.194091262465278,5.954585153041797,0.008004,0.008004,fixed_switch,0.3455386757850647,0.3455386757850647,0.34570392966270447,0.34570392966270447,0.6826685070991516,0.061711762100458145,-0.03186089172959328,0.13782857358455658,0.1376919448375702,0.3457645773887634,0.3457645773887634,0.34539034962654114,0.34539034962654114,0.6802942752838135,0.05774855241179466,-0.029952267184853554,0.13525985181331635,0.13556331396102905,9.344202041625977,0.0,0.004003047943115234,0,0,0.06278999149799347,-0.03104442171752453,0.2608668804168701,3,-0.6887057802962303,,4.0,3.5,8.0,3.8,3.2,4.0,0.15,0.12,3.0,1.6926047011314775,-0.011403540172354922,0.006596371333698012,0.026440222933622054,0.06278999149799347,-0.03104442171752453,0.2608668804168701,-0.030644591628270164,0.0057064152047008486,0.014739580683823724,-0.13204291001917962,0.06156742450495695,-1.909342492224786,1.0,0.9999132235747515,0.0,roll,0.0,0.0,0.0,0.0,0,5.8522021770477295,b_to_a,1.2,0.004679638994275592,1,-0.044508795533205116,0.36873507892198126,0.08848791910852885,0.35643358154760635,-0.10287433061377874,0.4325719960448884,0.19925857967138108,0.433001222690518
10.96821117401123,direct_px4_equiv,1,1,14,0,0,0,0,1,-0.05054324492812157,1.050141453742981,1.5017791390419006,0.0958707332611084,-0.41131237149238586,0.004031391814351082,-0.5479065361696035,-0.3997309658423738,-7.772237363787104,-0.3999360883469502,-0.0067696948535740376,1.1726775899041826,1.5,0.0,-0.4532386039417867,0.0,0.0,-4.381783998725526,0.0,0.0,0.0,-5.937107500558976,2.1584285403397625,-18.947591338227824,43.842807122610054,-0.21560433998660683,0.059185084612939524,2.2057999471918475,21.278298182961862,21.533242850797564,6.099791161913409,0.00801,0.00801,fixed_switch,0.3483728766441345,0.3483728766441345,0.3462444841861725,0.3462444841861725,0.6909420490264893,0.071444571018219,-0.036870818585157394,0.1450078785419464,0.14687906205654144,0.349152147769928,0.349152147769928,0.34669798612594604,0.34669798612594604,0.6974492073059082,0.06849530339241028,-0.03461933881044388,0.1477452665567398,0.1499488651752472,9.364211082458496,0.0,0.004002094268798828,0,0,0.0884179174900055,0.006049704737961292,0.29772600531578064,3,-0.6887057802962303,,4.0,3.5,8.0,3.8,3.2,4.0,0.15,0.12,3.0,1.9582291991126881,-0.009673173061547384,0.006822497376519528,0.0320604783554949,0.0884179174900055,0.006049704737961292,0.29772600531578064,-0.030849255866268726,0.005842978669890009,0.015335019053933205,-0.21560433998660683,-0.059185084612939524,-2.2057999471918475,1.0,0.9999299416278065,0.0,roll,0.0,0.0,0.0,0.0,0,5.872211217880249,b_to_a,1.2,0.004511414001171943,1,-0.05652618406990479,0.41746352123235325,0.11634916483003302,0.3910381037401908,-0.11905067297794825,0.4614342032327241,0.23068445305974547,0.45555568922536815
10.98821210861206,direct_px4_equiv,1,1,14,0,0,0,0,1,-0.04864684119820595,1.042667031288147,1.5018945336341858,0.09074068814516068,-0.4674493968486786,0.021909719333052635,-0.4480200085448465,-0.4344029123448222,-8.130005906092414,-0.4347212118560584,-0.0067696948535740376,1.1627223505691706,1.5,0.0,-0.5428704332871022,0.0,0.0,-4.571308175785461,0.0,0.0,0.0,-5.937107500558976,2.54995456750393,-20.304189959674623,43.534009634079375,-0.20937937400995726,0.16271589017054042,2.4552367786182647,21.461955600543234,21.758056773810225,6.1988768675246115,0.007995,0.007995,fixed_switch,0.3502393066883087,0.3502393066883087,0.3477790057659149,0.3477790057659149,0.6965312957763672,0.08131783455610275,-0.040159910917282104,0.15451768040657043,0.15683887898921967,0.352247953414917,0.352247953414917,0.34822767972946167,0.34822767972946167,0.6954059600830078,0.07739508152008057,-0.038551393896341324,0.1536610722541809,0.1574373096227646,9.384212017059326,0.0,0.003998994827270508,0,0,0.08417928963899612,0.037330012768507004,0.32514312863349915,3,-0.6887057802962303,,4.0,3.5,8.0,3.8,3.2,4.0,0.15,0.12,3.0,2.281585609795013,-0.00796299504501635,0.007430669478571538,0.038300036407723045,0.08417928963899612,0.037330012768507004,0.32514312863349915,-0.031018845660845226,0.005988183904851445,0.016050256278157093,-0.20937937400995726,-0.16271589017054042,-2.4552367786182647,1.0,0.9999406879320764,0.0,roll,0.0,0.0,0.0,0.0,0,5.892212152481079,b_to_a,1.2,0.004198579998046625,1,-0.06211230645792361,0.4631975941565519,0.13530681193642402,0.4161937766165633,-0.12967069972904774,0.4927238589932299,0.2625638329555657,0.48543160967230903
11.012212038040161,direct_px4_equiv,1,1,14,0,0,0,0,1,-0.04599430039525032,1.0294404029846191,1.5022140145301819,0.08377083390951157,-0.5606353878974915,0.019619116559624672,-0.3424841608069304,-0.4749603060665051,-8.600179116225567,-0.4754738256387864,-0.0067696948535740376,1.148360387580474,1.5,0.0,-0.6545746122608056,0.0,0.0,-4.72420792573671,0.0,0.0,0.0,-5.937107500558976,2.9563123313405035,-21.208095565911556,43.58958950180825,-0.1499667418427681,0.08955889272614644,2.7131368075963813,21.85355801709809,22.08180542343513,6.118202666740493,0.012001,0.012001,fixed_switch,0.35291025042533875,0.35291025042533875,0.35102927684783936,0.35102927684783936,0.6919839978218079,0.09065543115139008,-0.04280591383576393,0.15944191813468933,0.16126488149166107,0.3544623553752899,0.3544623553752899,0.35033535957336426,0.35033535957336426,0.6935133337974548,0.08689877390861511,-0.041582152247428894,0.16187074780464172,0.16597215831279755,9.408211946487427,0.0,0.004005908966064453,0,0,0.06089144945144653,0.013386886566877365,0.3494420647621155,3,-0.6887057802962303,,4.0,3.5,8.0,3.8,3.2,4.0,0.15,0.12,3.0,2.72806339769782,-0.006168431815696481,0.008148421537913621,0.04649934130321924,0.06089144945144653,0.013386886566877365,0.3494420647621155,-0.031182423536504744,0.006175737358070452,0.017082995873991792,-0.1499667418427681,-0.08955889272614644,-2.7131368075963813,1.0,0.9999477768407681,0.0,roll,0.0,0.0,0.0,0.0,0,5.91621208190918,b_to_a,1.2,0.00854636800067965,1,-0.07529182509511805,0.5022690895781416,0.1574041453307722,0.44250040056909545,-0.13821426781125176,0.5066285882663291,0.2927136185991104,0.500901542034017
11.032214164733887,direct_px4_equiv,1,1,14,0,0,0,0,1,-0.04435501992702484,1.0193003416061401,1.5025423169136047,0.07743292301893234,-0.6272531151771545,0.03494640439748764,-0.27029248982576254,-0.5384857407350692,-9.014898038506413,-0.5392635462194497,-0.0067696948535740376,1.13431702035439,1.5,0.0,-0.74984127817081,0.0,0.0,-4.7927914441643065,0.0,0.0,0.0,-5.937107500558976,3.354534926905683,-21.97860719016755,43.31741365024165,-0.13655183849232,0.26751576768121754,2.9012184374982923,21.881170297691106,22.170992736400645,6.3191848569653635,0.012007,0.012007,fixed_switch,0.35364261269569397,0.35364261269569397,0.35125732421875,0.35125732421875,0.7032579779624939,0.09937402606010437,-0.044651344418525696,0.16507427394390106,0.16748563945293427,0.3555052578449249,0.3555052578449249,0.3513234853744507,0.3513234853744507,0.7012561559677124,0.09447609633207321,-0.04404179006814957,0.16389183700084686,0.1680992841720581,9.428214073181152,0.0,0.004002094268798828,0,0,0.05572928488254547,0.06709703803062439,0.3640948534011841,3,-0.6887057802962303,,4.0,3.5,8.0,3.8,3.2,4.0,0.15,0.12,3.0,3.137443465480377,-0.004968132436280814,0.009268209441935096,0.053732541621414595,0.05572928488254547,0.06709703803062439,0.3640948534011841,-0.03129107841000247,0.006353393039060012,0.0180992938866946,-0.13655183849232,-0.26751576768121754,-2.9012184374982923,1.0,0.9999447089735868,0.0,roll,0.0,0.0,0.0,0.0,0,5.936214208602905,b_to_a,1.2,0.008353088000149,1,-0.08222110511507576,0.5277743354806186,0.18126401826006006,0.4701116961684532,-0.14417290561307175,0.5261716311798493,0.3208647251773408,0.5185961067967104
11.052224159240723,direct_px4_equiv,1,1,14,0,0,0,0,1,-0.04219638928771019,1.0014480352401733,1.5032694935798645,0.06795848906040192,-0.7337815761566162,0.03621260076761246,-0.1960732653656273,-0.623126119439376,-9.444897351334385,-0.6242955475518734,-0.0067696948535740376,1.1183511576464569,1.5,0.0,-0.8460075602340689,0.0,0.0,-4.8108359325096455,0.0,0.0,0.0,-5.937107500558976,3.661295998419979,-21.75295113486216,43.28900843303879,-0.15741749629232166,0.33781474810835,3.0729133643183215,21.755485941561926,22.212262307982183,6.4119082985135005,0.012008,0.012008,fixed_switch,0.35398098826408386,0.35398098826408386,0.3502180278301239,0.3502180278301239,0.7083987593650818,0.10577338188886642,-0.04661625996232033,0.16287940740585327,0.16664525866508484,0.3569266200065613,0.3569266200065613,0.35240793228149414,0.35240793228149414,0.6984027624130249,0.10241297632455826,-0.04528001323342323,0.16819041967391968,0.1728719174861908,9.448224067687988,0.0,0.003998994827270508,0,0,0.06119149923324585,0.08642210066318512,0.3753689229488373,3,-0.6887057802962303,,4.0,3.5,8.0,3.8,3.2,4.0,0.15,0.12,3.0,3.5691270466930014,-0.0037533289987276234,0.010765699800956548,0.061230529364149966,0.06119149923324585,0.08642210066318512,0.3753689229488373,-0.03137501499361721,0.006558353276775285,0.019264433455950837,-0.15741749629232166,-0.33781474810835,-3.0729133643183215,1.0,0.9999350061150851,0.0,roll,0.0,0.0,0.0,0.0,0,5.956224203109741,b_to_a,1.2,0.008264502001111396,1,-0.09440964987572688,0.5373160796533919,0.21211141900222888,0.4931123601780536,-0.1505173325999459,0.5235315078333969,0.34152735064108813,0.5117007549248505
11.076223134994507,direct_px4_equiv,1,1,14,0,0,0,0,1,-0.04088176041841507,0.9882009625434875,1.5038262009620667,0.06253581494092941,-0.8061946630477905,0.04379228502511978,-0.1289356831252081,-0.6880603930445466,-9.953955664798203,-0.6897546053839526,-0.0067696948535740376,1.0966647942238759,1.5,0.0,-0.9611016065722843,0.0,0.0,-4.769685668441505,0.0,0.0,0.0,-5.937107500558976,4.077390002477069,-22.34692815883147,43.14676600701481,-0.1458874509780569,0.16651363218933696,3.1210590123413837,21.952852889904705,22.4563707425495,6.176762201505973,0.016008,0.016008,fixed_switch,0.3559761345386505,0.3559761345386505,0.3518487513065338,0.3518487513065338,0.6952877044677734,0.10989106446504593,-0.04424120858311653,0.1657717525959015,0.1699756234884262,0.3562694787979126,0.3562694787979126,0.35215499997138977,0.35215499997138977,0.7009058594703674,0.10790060460567474,-0.04567035660147667,0.16645897924900055,0.1706671565771103,9.472223043441772,0.0,0.004004955291748047,0,0,0.05413768067955971,0.03098388761281967,0.36253780126571655,3,-0.6887057802962303,,4.0,3.5,8.0,3.8,3.2,4.0,0.15,0.12,3.0,4.078129264481532,-0.002669795884973884,0.011922596826990518,0.07010506303069908,0.05413768067955971,0.03098388761281967,0.36253780126571655,-0.03145083114591482,0.006835041925177554,0.020858486892082105,-0.1458874509780569,-0.16651363218933696,-3.1210590123413837,1.0,0.9999253619396384,0.0,roll,0.0,0.0,0.0,0.0,0,5.980223178863525,b_to_a,1.2,0.01310530199407367,1,-0.1016501226757597,0.557922534146928,0.2326584802323544,0.5154489122367225,-0.14284863220507885,0.533994162291293,0.3548227672880586,0.5207872995993661
11.09622597694397,direct_px4_equiv,1,1,14,0,0,0,0,1,-0.0392063669860363,0.9653804302215576,1.5047546029090881,0.05320202186703682,-0.9192692637443542,0.0427706316113472,-0.07259417422748173,-0.7133099155042673,-10.370227003579418,-0.7154501781849132,-0.0067696948535740376,1.0764906626894473,1.5,0.0,-1.0557468393255454,0.0,0.0,-4.686320148235551,0.0,0.0,0.0,-5.937107500558976,4.23126093573348,-21.53112257060543,43.14995233246131,-0.1570557900578893,0.08302887730809583,3.163758570254265,21.76494364784285,22.371303780682634,6.071235714409712,0.015995,0.015995,fixed_switch,0.35528209805488586,0.35528209805488586,0.35029634833335876,0.35029634833335876,0.689322829246521,0.11150924861431122,-0.043993059545755386,0.15980687737464905,0.1646958589553833,0.35678204894065857,0.35678204894065857,0.3525392413139343,0.3525392413139343,0.6954271197319031,0.11111149936914444,-0.04395652562379837,0.16758611798286438,0.17195802927017212,9.492225885391235,0.0,0.003999948501586914,0,0,0.05567493662238121,0.004087089095264673,0.3525848090648651,3,-0.6887057802962303,,4.0,3.5,8.0,3.8,3.2,4.0,0.15,0.12,3.0,4.491144480533878,-0.0017475400743283119,0.012391206178165977,0.07735959865536428,0.05567493662238121,0.004087089095264673,0.3525848090648651,-0.03149465288632342,0.007081438730698749,0.022348244107575382,-0.1570557900578893,-0.08302887730809583,-3.163758570254265,1.0,0.999921702058668,0.0,roll,0.0,0.0,0.0,0.0,0,6.000226020812988,b_to_a,1.2,0.012844415003200993,1,-0.1071932937220838,0.5584175747958399,0.2533267076287189,0.5386082907164748,-0.14204739511349096,0.5174073205400004,0.36004764273834106,0.5020480888123615
11.116230010986328,direct_px4_equiv,1,1,14,0,0,0,0,1,-0.03825514763593674,0.9484165906906128,1.505399763584137,0.04706846922636032,-0.9965012669563293,0.038599178194999695,-0.008992160950576105,-0.6996611994444686,-10.763784888069535,-0.7021508531379569,-0.0067696948535740376,1.0544414900704524,1.5,0.0,-1.1483087997274946,0.0,0.0,-4.561298883624413,0.0,0.0,0.0,-5.937107500558976,4.402097378576454,-21.236860824946344,43.22310097295098,-0.13881429455157546,-0.0343577244935437,3.0670171239617137,21.776118708468907,22.35175129915574,5.931463125601825,0.016006,0.016006,fixed_switch,0.3551223874092102,0.3551223874092102,0.35038885474205017,0.35038885474205017,0.681341826915741,0.11013851314783096,-0.03995583951473236,0.15757377445697784,0.16213415563106537,0.3559946119785309,0.3559946119785309,0.350881963968277,0.350881963968277,0.6894585490226746,0.11260687559843063,-0.04376857355237007,0.1613653600215912,0.1664307564496994,9.512229919433594,0.0,0.003993988037109375,0,0,0.04702341929078102,-0.032143618911504745,0.3199480175971985,3,-0.6887057802962303,,4.0,3.5,8.0,3.8,3.2,4.0,0.15,0.12,3.0,4.877157542298048,-0.0006709972756820929,0.012193876630069248,0.08421589960449752,0.04702341929078102,-0.032143618911504745,0.3199480175971985,-0.03151644092017693,0.007329817848209081,0.023979150694475846,-0.13881429455157546,0.0343577244935437,-3.0670171239617137,1.0,0.9999254295679482,0.0,roll,0.0,0.0,0.0,0.0,0,6.020230054855347,b_to_a,1.2,0.012745119005558081,1,-0.11199212384976694,0.5699199723402695,0.2703287428794001,0.5364522396102268,-0.12901177680765136,0.5093594793870401,0.3556217331288641,0.49503259417538764
11.140225172042847,direct_px4_equiv,1,1,14,0,0,0,0,1,-0.0370623916387558,0.9203698635101318,1.506338655948639,0.03862099349498749,-1.1112076044082642,0.035734377801418304,0.058456935400775636,-0.619711784534476,-11.197841601928511,-0.6223329006734464,-0.0067696948535740376,1.0255925112845496,1.5,0.0,-1.2554534189648325,0.0,0.0,-4.360297834403766,0.0,0.0,0.0,-5.937107500558976,4.405636619627618,-20.13418067622195,43.268172496859464,-0.18183883585149396,-0.2087825796669473,3.0351105338627735,21.547296898473967,22.264589273995373,5.710856708138433,0.007997,0.007997,fixed_switch,0.3544095754623413,0.3544095754623413,0.3484898507595062,0.3484898507595062,0.6685513257980347,0.10826438665390015,-0.03905187174677849,0.14934533834457397,0.15474042296409607,0.3521435856819153,0.3521435856819153,0.3480464816093445,0.3480464816093445,0.679524838924408,0.10994092375040054,-0.041196536272764206,0.14805807173252106,0.15174472332000732,9.536225080490112,0.0,0.004000186920166016,0,0,0.058397531509399414,-0.0844041183590889,0.2966572344303131,3,-0.6887057802962303,,4.0,3.5,8.0,3.8,3.2,4.0,0.15,0.12,3.0,5.297092484958497,0.0005228058464304622,0.0108513821999602,0.09177802324724349,0.058397531509399414,-0.0844041183590889,0.2966572344303131,-0.03151864878171574,0.00760712421963832,0.026107316878113674,-0.18183883585149396,0.2087825796669473,-3.0351105338627735,1.0,0.9999409870857263,0.0,roll,0.0,0.0,0.0,0.0,0,6.044225215911865,b_to_a,1.2,0.016534262998902705,1,-0.11472742907590698,0.569021949628231,0.2805800355430359,0.5500952092080492,-0.12609298953313908,0.486131383597494,0.34957044301895085,0.46918221182899306
11.164221048355103,direct_px4_equiv,1,1,14,0,0,0,0,1,-0.036497194319963455,0.8995744585990906,1.5069006085395813,0.0327252633869648,-1.1882108449935913,0.02794836275279522,0.11394225068515461,-0.5186593123995764,-11.57801235485137,-0.5211829675251788,-0.0067696948535740376,0.9942344963537031,1.5,0.0,-1.35715484352463,0.0,0.0,-4.10815422407547,0.0,0.0,0.0,-5.937107500558976,4.433889212382048,-19.536854661168924,43.41098989453046,-0.1533612147156585,-0.20347439838684697,2.877430294857783,21.461566210600505,22.085592159511013,5.73773745162525,0.011999,0.011999,fixed_switch,0.3529413938522339,0.3529413938522339,0.34777575731277466,0.34777575731277466,0.6701229214668274,0.1048198938369751,-0.034801263362169266,0.14583685994148254,0.15041762590408325,0.3521955609321594,0.3521955609321594,0.34691646695137024,0.34691646695137024,0.6703587174415588,0.10590796917676926,-0.03815386816859245,0.14243566989898682,0.1470029056072235,9.560220956802368,0.0,0.004004001617431641,0,0,0.04752533510327339,-0.07967223972082138,0.2541818916797638,3,-0.6887057802962303,,4.0,3.5,8.0,3.8,3.2,4.0,0.15,0.12,3.0,5.665311389070849,0.001540808935787196,0.009139165386217767,0.09840256082127893,0.04752533510327339,-0.07967223972082138,0.2541818916797638,-0.031492730189670984,0.007842955519304142,0.028404176821416816,-0.1533612147156585,0.20347439838684697,-2.877430294857783,1.0,0.9999570507846246,0.0,roll,0.0,0.0,0.0,0.0,0,6.068221092224121,b_to_a,1.2,0.0005712080019293353,1,-0.11550224617357024,0.556731212736198,0.28935513011671543,0.5519072298056513,-0.11236837941025143,0.4725508965496962,0.3384486785433329,0.45816002025926666
11.188209056854248,direct_px4_equiv,1,1,14,0,0,0,0,1,-0.03571770340204239,0.8417595028877258,1.5080047249794006,0.017747795209288597,-1.379479169845581,0.012061468325555325,0.19146409855246466,-0.397822442032881,-11.908294710305238,-0.39999257091788937,-0.0067696948535740376,0.9605246470615956,1.5,0.0,-1.4522103109111153,0.0,0.0,-3.809775698299691,0.0,0.0,0.0,-5.937107500558976,3.9500771782551585,-16.061549796471695,43.68165684009925,-0.18942022036735245,-0.30017471769396514,2.6648325035121867,20.776015001411942,21.478049977866796,5.640767560251981,0.007996,0.007996,fixed_switch,0.3479131758213043,0.3479131758213043,0.34201350808143616,0.34201350808143616,0.6644361019134521,0.09496230632066727,-0.033402878791093826,0.12198179215192795,0.12633012235164642,0.3491053283214569,0.3491053283214569,0.3442224860191345,0.3442224860191345,0.6680880188941956,0.09944082051515579,-0.03349345177412033,0.133051797747612,0.13698630034923553,9.584208965301514,0.0,0.003997087478637695,0,0,0.0570533312857151,-0.1063912883400917,0.2045302838087082,3,-0.6887057802962303,,4.0,3.5,8.0,3.8,3.2,4.0,0.15,0.12,3.0,5.986809402444384,0.0029754813764314328,0.007107913111437837,0.10415736702185502,0.0570533312857151,-0.1063912883400917,0.2045302838087082,-0.03143720544219564,0.008033895032673058,0.030847403517413833,-0.18942022036735245,0.30017471769396514,-2.6648325035121867,1.0,0.9999703120427795,0.0,roll,0.0,0.0,0.0,0.0,0,6.092209100723267,b_to_a,1.2,0.004625278001185507,1,-0.11368845140225842,0.5407634339716919,0.29219777191579976,0.5488710881436658,-0.10785319412308442,0.39687776142804243,0.3066199062297549,0.38321709412251886
11.20821213722229,direct_px4_equiv,1,1,14,0,0,0,0,1,-0.03572878614068031,0.8027045130729675,1.5083349347114563,0.008565067313611507,-1.4900182485580444,0.005526774097234011,0.2787268376031627,-0.2719889993711156,-12.143324338371116,-0.2735923985055728,-0.0067696948535740376,0.9307320409671398,1.5,0.0,-1.5256553476727315,0.0,0.0,-3.5290170955101385,0.0,0.0,0.0,-5.937107500558976,3.6163447147008854,-13.931671326877106,43.809272219617924,-0.2379809731986007,-0.3216420716531777,2.5440314149365504,20.345627717868375,21.175552892359516,5.624634580881425,0.008,0.008,fixed_switch,0.3453831076622009,0.3453831076622009,0.33834731578826904,0.33834731578826904,0.6634852886199951,0.0889195054769516,-0.0332186259329319,0.1066969484090805,0.11123134940862656,0.34877946972846985,0.34877946972846985,0.34208381175994873,0.34208381175994873,0.6622915267944336,0.09295891225337982,-0.030952302739024162,0.1235928013920784,0.12860698997974396,9.604212045669556,0.0,0.004002094268798828,0,0,0.07070773839950562,-0.10950054973363876,0.17436133325099945,3,-0.6887057802962303,,4.0,3.5,8.0,3.8,3.2,4.0,0.15,0.12,3.0,6.217751988065876,0.004600575555214886,0.005003463825747915,0.10825382469575646,0.07070773839950562,-0.10950054973363876,0.17436133325099945,-0.03135803168111876,0.00814926177806663,0.032981114481633926,-0.2379809731986007,0.3216420716531777,-2.5440314149365504,1.0,0.999976900024904,0.0,roll,0.0,0.0,0.0,0.0,0,6.112212181091309,b_to_a,1.2,0.0048628320000716485,1,-0.11119760224990186,0.5273454013856703,0.29258903313132056,0.5399330124906726,-0.10725826883502694,0.3494435788011378,0.2871085665021723,0.3351983584840882
11.228218078613281,direct_px4_equiv,1,1,14,0,0,0,0,1,-0.03587806969881058,0.7751589417457581,1.5083408951759338,0.0035335964057594538,-1.5612341165542603,-0.00608939491212368,0.40612131788307715,-0.12232593950018139,-12.33483782579281,-0.12309250954760478,-0.0067696948535740376,0.8995237048492419,1.5,0.0,-1.5932279967446192,0.0,0.0,-3.222123194707918,0.0,0.0,0.0,-5.937107500558976,3.328569141464773,-12.458025400552387,44.046683544782496,-0.3635201735071409,-0.37361373920158364,2.326999131945755,20.011132822754416,21.152062256037667,5.584602642184162,0.008002,0.008002,fixed_switch,0.34518587589263916,0.34518587589263916,0.3354710638523102,0.3354710638523102,0.6611199378967285,0.08041905611753464,-0.030364222824573517,0.09514885395765305,0.10075681656599045,0.34744954109191895,0.34744954109191895,0.3374004662036896,0.3374004662036896,0.6541476249694824,0.08445130288600922,-0.029927724972367287,0.10656610876321793,0.11308687180280685,9.624217987060547,0.0,0.004003047943115234,0,0,0.10884421318769455,-0.12153151631355286,0.12974987924098969,3,-0.6887057802962303,,4.0,3.5,8.0,3.8,3.2,4.0,0.15,0.12,3.0,6.411327393726263,0.006957955687986957,0.002527179836196376,0.11159514156699153,0.10884421318769455,-0.12153151631355286,0.12974987924098969,-0.03123539898434608,0.008217466750567183,0.035188337698588944,-0.3635201735071409,0.37361373920158364,-2.326999131945755,1.0,0.9999726001067045,0.0,roll,0.0,0.0,0.0,0.0,0,6.1322181224823,b_to_a,1.2,0.004631919997336809,1,-0.11082466677028799,0.4898936829306975,0.2934469532837076,0.510550394954949,-0.09804180032107834,0.3165368805567659,0.2596618117167286,0.29891893421626625
11.248224973678589,direct_px4_equiv,1,1,14,0,0,0,0,1,-0.03634975105524063,0.731018602848053,1.508043348789215,-0.0005152685334905982,-1.6598930358886719,-0.01429547555744648,0.5173629312294926,0.0657393045246728,-12.471521958122718,0.06616916028292459,-0.0067696948535740376,0.8670249534932435,1.5,0.0,-1.6544258290994387,0.0,0.0,-2.8918961554593094,0.0,0.0,0.0,-5.937107500558976,2.7741736099775056,-10.0664114604512,44.21639005254541,-0.32387143808529917,-0.5511663130933601,2.0295581953021182,19.854872833719924,20.832649621787446,5.367514823606781,0.008003,0.008003,fixed_switch,0.34249311685562134,0.34249311685562134,0.33411920070648193,0.33411920070648193,0.6481428742408752,0.06892940402030945,-0.0272546224296093,0.07767277210950851,0.081581711769104,0.3450259864330292,0.3450259864330292,0.3374538719654083,0.3374538719654083,0.6457067728042603,0.0770479217171669,-0.027359167113900185,0.09564521908760071,0.09999914467334747,9.644224882125854,0.0,0.004004955291748047,0,0,0.09229680150747299,-0.17140404880046844,0.07369942218065262,3,-0.6887057802962303,,4.0,3.5,8.0,3.8,3.2,4.0,0.15,0.12,3.0,6.5554664321010305,0.009080368438928333,-0.0006308671523439789,0.1139892379109585,0.09229680150747299,-0.17140404880046844,0.07369942218065262,-0.031070854924600873,0.008226431802029322,0.037451952413752536,-0.32387143808529917,0.5511663130933601,-2.0295581953021182,1.0,0.9999585744568087,0.0,roll,0.0,0.0,0.0,0.0,0,6.152225017547607,b_to_a,1.2,0.004528536999714561,1,-0.10963399763368648,0.4646856285778898,0.27979694452633846,0.46575369650772613,-0.0880013377333887,0.25629649994062326,0.22256334255922952,0.24401621804913082
11.268229961395264,direct_px4_equiv,1,1,14,0,0,0,0,1,-0.03676844760775566,0.7001839876174927,1.5077384114265442,-0.0032682905439287424,-1.7205138206481934,-0.022943466901779175,0.6249971420022946,0.20298326805074735,-12.545049704745232,0.20434072846747955,-0.0067696948535740376,0.8333725903180291,1.5,0.0,-1.7088019054812131,0.0,0.0,-2.54116498965546,0.0,0.0,0.0,-5.937107500558976,2.371398399653628,-8.370798665656942,44.387611441180375,-0.30196133246948886,-0.3949724908296861,1.726886950263803,19.61285151330561,20.48859160964209,5.58719751585143,0.008013,0.008013,fixed_switch,0.3395693898200989,0.3395693898200989,0.3320148289203644,0.3320148289203644,0.6612735390663147,0.05906979739665985,-0.023148000240325928,0.0654851421713829,0.06845403462648392,0.3415335714817047,0.3415335714817047,0.33296164870262146,0.33296164870262146,0.6589811444282532,0.06508374214172363,-0.0240398608148098,0.07764460891485214,0.08165944367647171,9.66422986984253,0.0,0.00400090217590332,0,0,0.08232121914625168,-0.1185472309589386,0.019198276102542877,3,-0.6887057802962303,,4.0,3.5,8.0,3.8,3.2,4.0,0.15,0.12,3.0,6.641601801015828,0.01109423088844816,-0.002908109711111338,0.11528383450361453,0.08232121914625168,-0.1185472309589386,0.019198276102542877,-0.030864294092330116,0.008185109003097888,0.0397497306256529,-0.30196133246948886,0.3949724908296861,-1.726886950263803,1.0,0.9999342304694068,0.0,roll,0.0,0.0,0.0,0.0,0,6.172230005264282,b_to_a,1.2,0.0045596249983645976,1,-0.10519674487274627,0.43403125405167775,0.2680049635092223,0.41916247249560296,-0.074741631632638,0.21505468874570133,0.19072805573075946,0.20572763404428673
11.28823208808899,direct_px4_equiv,1,1,14,0,0,0,0,1,-0.0375201478600502,0.6520261168479919,1.507132112979889,-0.005195789039134979,-1.8029981851577759,-0.024822119623422623,0.7278565753690381,0.3037284890110672,-12.551583477813274,0.3057636893246838,-0.0067696948535740376,0.7987088701057676,1.5,0.0,-1.7559731676618089,0.0,0.0,-2.1727329751319795,0.0,0.0,0.0,-5.937107500558976,1.7885102201446095,-5.835065738189034,44.426413273269524,-0.30473778608809216,-0.32093555079743263,1.377904130688794,19.286302440842697,20.15698085158964,5.678918694093299,0.007998,0.007998,fixed_switch,0.33672812581062317,0.33672812581062317,0.3291548192501068,0.3291548192501068,0.6666792631149292,0.04647938907146454,-0.019401153549551964,0.04623475670814514,0.04833785817027092,0.3388931453227997,0.3388931453227997,0.33093759417533875,0.33093759417533875,0.6669732332229614,0.053530629724264145,-0.018554946407675743,0.06446671485900879,0.06755491346120834,9.684231996536255,0.0,0.003997087478637695,0,0,0.08048569411039352,-0.09245020896196365,-0.04030769318342209,3,-0.6887057802962303,,4.0,3.5,8.0,3.8,3.2,4.0,0.15,0.12,3.0,6.663193483107587,0.012988018003277502,-0.004559261907003085,0.1154111690049842,0.08048569411039352,-0.09245020896196365,-0.04030769318342209,-0.030618902451619332,0.008106304553588291,0.04205914357010276,-0.30473778608809216,0.32093555079743263,-1.377904130688794,1.0,0.9999052622554837,0.0,roll,0.0,0.0,0.0,0.0,0,6.192232131958008,b_to_a,1.2,0.004587978000927251,1,-0.09787261211258795,0.3899885638785554,0.2526638866793791,0.37016662620452806,-0.06264358972241502,0.15185785689787482,0.15007539534540762,0.1452507750616547
11.312220096588135,direct_px4_equiv,1,1,14,0,0,0,0,1,-0.03812319040298462,0.6184759736061096,1.5065563321113586,-0.005841278936713934,-1.8512094020843506,-0.033483151346445084,0.8129767556128874,0.4242156126565348,-12.468528002862966,0.42698676609829106,-0.0067696948535740376,0.7560052316381984,1.5,0.0,-1.8025975198027426,0.0,0.0,-1.711382706418485,0.0,0.0,0.0,-5.937107500558976,1.2844279554693672,-3.870626413818448,44.583147920608596,-0.24291442563938567,-0.3478378913940002,1.0587602180822988,19.29278735728508,19.97625946135645,5.656814309091032,0.011991,0.011991,fixed_switch,0.33516982197761536,0.33516982197761536,0.3292118310928345,0.3292118310928345,0.6653805375099182,0.03506704419851303,-0.015527256764471531,0.030886517837643623,0.031984344124794006,0.33518314361572266,0.33518314361572266,0.33015331625938416,0.33015331625938416,0.6642524003982544,0.04043874889612198,-0.014374482445418835,0.044632814824581146,0.04597131907939911,9.7082200050354,0.0,0.004002094268798828,0,0,0.057548876851797104,-0.09732642769813538,-0.09105446934700012,3,-0.6887057802962303,,4.0,3.5,8.0,3.8,3.2,4.0,0.15,0.12,3.0,6.598389738931254,0.014587628825709112,-0.006583440295152466,0.11398187800446459,0.057548876851797104,-0.09732642769813538,-0.09105446934700012,-0.030286073550852884,0.007966584159558218,0.04481081530670837,-0.24291442563938567,0.3478378913940002,-1.0587602180822988,1.0,0.9998719296977383,0.0,roll,0.0,0.0,0.0,0.0,0,6.216220140457153,b_to_a,1.2,0.00822386599611491,1,-0.09391690528665965,0.3511922708219679,0.2335416379713833,0.33328565956390244,-0.05013532365295905,0.10048178567147094,0.11322654829479266,0.09703285541941249
11.332221984863281,direct_px4_equiv,1,1,14,0,0,0,0,1,-0.039027851074934006,0.5671504139900208,1.505597174167633,-0.006040615029633045,-1.9144396781921387,-0.032855015248060226,0.8723264009076775,0.48480556867311697,-12.317145025799975,0.48782673231218826,-0.0067696948535740376,0.719633881413515,1.5,0.0,-1.8328682332902284,0.0,0.0,-1.3136947043635654,0.0,0.0,0.0,-5.937107500558976,0.6825036334330217,-1.2610338574789717,44.566352287987044,-0.18244767201704387,-0.21950108336811489,0.5662271825431395,19.143325872736188,19.675857304414247,5.8112333603448025,0.012006,0.012006,fixed_switch,0.3325639069080353,0.3325639069080353,0.3278949558734894,0.3278949558734894,0.6744011044502258,0.018896929919719696,-0.008364378474652767,0.010202053003013134,0.010485956445336342,0.33476221561431885,0.33476221561431885,0.32848718762397766,0.32848718762397766,0.6676925420761108,0.02741321548819542,-0.008922751992940903,0.02904687076807022,0.03013669326901436,9.728221893310547,0.0,0.004002809524536133,0,0,0.03561454638838768,-0.055452022701501846,-0.16838206350803375,3,-0.6887057802962303,,4.0,3.5,8.0,3.8,3.2,4.0,0.15,0.12,3.0,6.4611858731740375,0.01567193891271181,-0.007600855217061529,0.1113552265257454,0.03561454638838768,-0.055452022701501846,-0.16838206350803375,-0.029981368708445658,0.007821283870707076,0.047061195950670584,-0.18244767201704387,0.21950108336811489,-0.5662271825431395,1.0,0.99984830867005,0.0,roll,0.0,0.0,0.0,0.0,0,6.2362220287323,b_to_a,1.2,0.00845428700267803,1,-0.0877091658527982,0.3064334256131229,0.21277365605704926,0.28123372051881046,-0.027007401126583317,0.032942602996640195,0.061015524203218235,0.032050694481082
11.356209993362427,direct_px4_equiv,1,1,14,0,0,0,0,1,-0.039678893983364105,0.5318971872329712,1.5048840641975403,-0.004473370034247637,-1.9496374130249023,-0.03733917325735092,0.9339004460074449,0.5108917397821199,-12.044970367687027,0.5138082135243365,-0.0067696948535740376,0.6753356425754431,1.5,0.0,-1.858544170048751,0.0,0.0,-0.825311891827547,0.0,0.0,0.0,-5.937107500558976,0.18132626071344982,0.9324547990056403,44.63346995781441,-0.2875690798403359,0.004403121539478271,-0.06317280551086805,18.81781346820076,19.72477965663552,6.1030880474632845,0.015995,0.015995,fixed_switch,0.3329896628856659,0.3329896628856659,0.32500898838043213,0.32500898838043213,0.6911287307739258,-7.936520705698058e-05,0.0030684589873999357,-0.007524474989622831,-0.00788720604032278,0.3327028453350067,0.3327028453350067,0.3277958631515503,0.3277958631515503,0.6717638373374939,0.012284761294722557,-0.003038864815607667,0.007846551947295666,0.00807615090161562,9.752209901809692,0.0,0.003994941711425781,0,0,0.0679614245891571,0.015568158589303493,-0.2638929784297943,3,-0.6887057802962303,,4.0,3.5,8.0,3.8,3.2,4.0,0.15,0.12,3.0,6.203946947708214,0.016751175316910324,-0.008035395456415106,0.10661982401014809,0.0679614245891571,0.015568158589303493,-0.2638929784297943,-0.029593535538675355,0.007626670614862254,0.04966915215010201,-0.2875690798403359,-0.004403121539478271,0.06317280551086805,1.0,0.9998274152643739,0.0,roll,0.0,0.0,0.0,0.0,0,6.260210037231445,b_to_a,1.2,0.012841839001339395,1,-0.07894348693751436,0.24922019746873159,0.1796106311665995,0.23421467433394788,0.009907622001263359,-0.02477838946969404,-0.0002562590793654812,-0.02363883558339255
11.380208015441895,direct_px4_equiv,1,1,14,0,0,0,0,1,-0.04065544530749321,0.47821173071861267,1.5039320588111877,-0.00431562215089798,-1.9925832748413086,-0.02961363084614277,0.9897466180155592,0.44281677800400787,-11.686015059677937,0.4450551215829292,-0.0067696948535740376,0.6305441307900421,1.5,0.0,-1.872403135297297,0.0,0.0,-0.3287708546743243,0.0,0.0,0.0,-5.937107500558976,-0.3365414333278018,3.8072721306956425,44.472834026663584,-0.19254973856908975,0.1277486591471036,-0.46912409473962957,18.85746122602861,19.599237011386073,6.232797390524731,0.008,0.008,fixed_switch,0.3318960666656494,0.3318960666656494,0.32536184787750244,0.32536184787750244,0.6984344124794006,-0.013961690478026867,0.008957171812653542,-0.030965643003582954,-0.03218779340386391,0.3313141465187073,0.3313141465187073,0.3261711299419403,0.3261711299419403,0.6942151784896851,-0.008118107914924622,0.003892777254804969,-0.02755441516637802,-0.0284059327095747,9.77620792388916,0.0,0.0040018558502197266,0,0,0.03398212045431137,0.05190179497003555,-0.3178609311580658,3,-0.6887057802962303,,4.0,3.5,8.0,3.8,3.2,4.0,0.15,0.12,3.0,5.853939437827073,0.01763981584324069,-0.006852329873194963,0.10035745871726474,0.03398212045431137,0.05190179497003555,-0.3178609311580658,-0.029180517406146165,0.007449929744966117,0.05214282757666102,-0.19254973856908975,-0.1277486591471036,0.46912409473962957,1.0,0.9998209412377446,0.0,roll,0.0,0.0,0.0,0.0,0,6.284208059310913,b_to_a,1.2,0.015205267998680938,1,-0.06393903487018096,0.1818876469548114,0.15042349512249165,0.1760354086714464,0.028921445273768796,-0.1011209394033167,-0.04508033081363548,-0.09728143749456783
11.404201984405518,direct_px4_equiv,1,1,14,0,0,0,0,1,-0.0422576367855072,0.3869835436344147,1.50231271982193,-0.00039262796053662896,-2.0315163135528564,-0.028267351910471916,1.041654876863358,0.34259597929487695,-11.250895720415617,0.3440746287470808,-0.0067696948535740376,0.5855710265080857,1.5,0.0,-1.874299302269457,0.0,-0.0,0.17084365749931477,-0.0,0.0,0.0,-5.937107500558976,-0.9911722031013328,7.48686918844513,44.43239322554575,-0.1595165805959143,0.17652397666034214,-0.922048559743131,19.079781251563492,19.912372032551904,6.279635925490675,0.012001,0.012001,fixed_switch,0.3346172571182251,0.3346172571182251,0.3273335099220276,0.3273335099220276,0.7010537981987,-0.030018366873264313,0.014928453601896763,-0.060199011117219925,-0.06285987049341202,0.3339577913284302,0.3339577913284302,0.3255727291107178,0.3255727291107178,0.7005156874656677,-0.019515732303261757,0.010091320611536503,-0.04416339471936226,-0.046412914991378784,9.800201892852783,0.0,0.003997802734375,0,0,0.02113029547035694,0.06411334872245789,-0.37659934163093567,3,-0.6887057802962303,,4.0,3.5,8.0,3.8,3.2,4.0,0.15,0.12,3.0,5.428719091125599,0.018437596320470043,-0.005130013107838426,0.09275991125662761,0.02113029547035694,0.06411334872245789,-0.37659934163093567,-0.028744078244360417,0.0073103798295529685,0.05444698371777801,-0.1595165805959143,-0.17652397666034214,0.922048559743131,1.0,0.9998168689980823,0.0,roll,0.0,0.0,0.0,0.0,0,6.308202028274536,b_to_a,1.2,0.0009555770011502318,1,-0.033827095879697684,0.032347603385351385,0.0912277176950094,0.05563568255776901,0.04820187237355674,-0.1974800981401041,-0.0969250787724982,-0.1891207679633294
11.424206972122192,direct_px4_equiv,1,1,14,0,0,0,0,1,-0.04283754527568817,0.35036689043045044,1.5017123818397522,0.0020040213130414486,-2.0334572792053223,-0.025047479197382927,1.0351284947716868,0.26436554429129155,-10.833149086575991,0.26533368738328467,-0.0067696948535740376,0.5481376324698432,1.5,0.0,-1.8667212861029507,0.0,-0.0,0.5863474100972551,-0.0,0.0,0.0,-5.937107500558976,-1.28571252241082,9.465531828096916,44.360130882186006,-0.10803454900675954,0.12510933365603966,-1.1719301053056947,19.35281630713966,20.144999207095033,6.197930836793536,0.011998,0.011998,fixed_switch,0.33662500977516174,0.33662500977516174,0.3297393023967743,0.3297393023967743,0.6964781284332275,-0.03835044428706169,0.018707403913140297,-0.07548774033784866,-0.07864081859588623,0.3351791203022003,0.3351791203022003,0.3276642858982086,0.3276642858982086,0.7010225653648376,-0.03147357702255249,0.015379524789750576,-0.0641854926943779,-0.06711594015359879,9.820206880569458,0.0,0.003997802734375,0,0,0.004668563138693571,0.04567284882068634,-0.4016229212284088,3,-0.6887057802962303,,4.0,3.5,8.0,3.8,3.2,4.0,0.15,0.12,3.0,5.01351066043542,0.018246691720403514,-0.0038379876924122497,0.0854639743343397,0.004668563138693571,0.04567284882068634,-0.4016229212284088,-0.028374656287307162,0.007221663231313744,0.056216426245266106,-0.10803454900675954,-0.12510933365603966,1.1719301053056947,1.0,0.9998261640366696,0.0,roll,0.0,0.0,0.0,0.0,0,6.328207015991211,b_to_a,1.2,0.001005870995868463,1,-0.01734146687737528,-0.028561152021124657,0.05332012206098049,-0.019058342985847805,0.06040356880226458,-0.2470574224301047,-0.12382817882547371,-0.23715172271678756
11.448206186294556,direct_px4_equiv,1,1,14,0,0,0,0,1,-0.04364916309714317,0.2956380248069763,1.500850260257721,0.005241479724645615,-2.023773431777954,-0.01359486673027277,0.97283058113995,0.13459660531237377,-10.280194686728336,0.1349842090358185,-0.0067696948535740376,0.5035541641703819,1.5,0.0,-1.8467169438861153,0.0,-0.0,1.0793955599659306,-0.0,0.0,0.0,-5.937107500558976,-1.5942244235996914,11.957504517059233,44.1535002451107,0.03100546216949642,0.28755189483777294,-1.5756404199702767,19.697123417454904,20.244368424628252,6.375740576160729,0.008002,0.008002,fixed_switch,0.3374791145324707,0.3374791145324707,0.33274903893470764,0.33274903893470764,0.7063979506492615,-0.05122468248009682,0.026273366063833237,-0.09542930871248245,-0.09816668927669525,0.3358568847179413,0.3358568847179413,0.3333829343318939,0.3333829343318939,0.698377788066864,-0.04670346900820732,0.024690134450793266,-0.08493669331073761,-0.08619530498981476,9.844206094741821,0.0,0.004001140594482422,0,0,-0.04121479392051697,0.09225645661354065,-0.4470435380935669,3,-0.6887057802962303,,4.0,3.5,8.0,3.8,3.2,4.0,0.15,0.12,3.0,4.453805936855675,0.01705569806142257,-0.0017040266218656377,0.07580017502783931,-0.04121479392051697,0.09225645661354065,-0.4470435380935669,-0.02795366956750486,0.007155188839502289,0.05813397159916781,0.03100546216949642,-0.28755189483777294,1.5756404199702767,1.0,0.999853099733931,0.0,roll,0.0,0.0,0.0,0.0,0,6.352206230163574,b_to_a,1.2,0.004572760000883136,1,-0.004045345049743454,-0.09505400262043052,0.023525282176331676,-0.08723410791348678,0.08483299890091224,-0.30839976003330766,-0.16539728656789737,-0.2998000245252852
11.472190141677856,direct_px4_equiv,1,1,14,0,0,0,0,1,-0.04413555562496185,0.25957411527633667,1.5004354119300842,0.007890614680945873,-2.007528305053711,-0.014855112880468369,0.888950791740792,-0.01948175428110695,-9.681062784969058,-0.01952342017024969,-0.0067696948535740376,0.45961958070102804,1.5,0.0,-1.8150193493944013,0.0,-0.0,1.561700637034491,-0.0,0.0,0.0,-5.937107500558976,-1.7733934600606702,14.166627576700787,44.17732183956944,0.12271192197547973,0.33284639843183156,-1.8718981098062855,20.164116004150735,20.583478608703775,6.434864859045297,0.011991,0.011991,fixed_switch,0.34037816524505615,0.34037816524505615,0.33678948879241943,0.33678948879241943,0.7096657156944275,-0.06003538519144058,0.032038476318120956,-0.11182479560375214,-0.11425454169511795,0.33807337284088135,0.33807337284088135,0.3347431421279907,0.3347431421279907,0.708846390247345,-0.05596128851175308,0.029804840683937073,-0.10255196690559387,-0.10461635142564774,9.868190050125122,0.0,0.003991127014160156,0,0,-0.06963638216257095,0.10166177153587341,-0.4723478853702545,3,-0.6887057802962303,,4.0,3.5,8.0,3.8,3.2,4.0,0.15,0.12,3.0,3.847908586817926,0.015495574905873643,0.0008466459435922027,0.06532811717574688,-0.06963638216257095,0.10166177153587341,-0.4723478853702545,-0.02756569704527574,0.007148497341532397,0.05980688293458184,0.12271192197547973,-0.33284639843183156,1.8718981098062855,1.0,0.9998795851793927,0.0,roll,0.0,0.0,0.0,0.0,0,6.376190185546875,b_to_a,1.2,0.007872549002058804,1,0.01314658603439891,-0.16148742356390622,-0.00955815410457549,-0.15418340160807212,0.10344772436490139,-0.3589412232743041,-0.19384580141044058,-0.3513079605950154
11.49618911743164,direct_px4_equiv,1,1,14,0,0,0,0,1,-0.044779807329177856,0.20640581846237183,1.500012457370758,0.011251015588641167,-1.9690641164779663,-0.00470972154289484,0.7222763761121774,-0.17515367056668893,-9.049084589076747,-0.1754123071665494,-0.0067696948535740376,0.41655599022572376,1.5,0.0,-1.7718966117548902,0.0,-0.0,2.0290747967505585,-0.0,0.0,0.0,-5.937107500558976,-1.9142446031168252,16.387459139044363,44.02672712085377,0.34974945427712295,0.36437534707098157,-2.1721610109110645,20.81726624489878,20.74590638749774,6.452921345799881,0.016002,0.016002,fixed_switch,0.34175828099250793,0.34175828099250793,0.3423629105091095,0.3423629105091095,0.7106606960296631,-0.06961792707443237,0.03786764293909073,-0.12924031913280487,-0.12877137959003448,0.3410564959049225,0.3410564959049225,0.33832401037216187,0.33832401037216187,0.7109804153442383,-0.0632457435131073,0.03466218709945679,-0.11655543744564056,-0.1184796616435051,9.892189025878906,0.0,0.004004955291748047,0,0,-0.14067140221595764,0.10619432479143143,-0.496888667345047,3,-0.6887057802962303,,4.0,3.5,8.0,3.8,3.2,4.0,0.15,0.12,3.0,3.1983993924221576,0.01251834645795496,0.0033981188642296734,0.05428717491739052,-0.14067140221595764,0.10619432479143143,-0.496888667345047,-0.027233703874628538,0.007203117274051954,0.06122105605942495,0.34974945427712295,-0.36437534707098157,2.1721610109110645,1.0,0.9999158718939438,0.0,roll,0.0,0.0,0.0,0.0,0,6.400189161300659,b_to_a,1.2,0.01289980800356716,1,0.029626860997911807,-0.22592256140179703,-0.042495377034336985,-0.21531767296489449,0.12226928484987168,-0.4045472252187426,-0.2247864815724992,-0.4060204482358431
11.516191005706787,direct_px4_equiv,1,1,14,0,0,0,0,1,-0.04510863497853279,0.1718975305557251,1.4997838139533997,0.013332203961908817,-1.934090495109558,0.003038675058633089,0.5635367015645087,-0.2816146358403824,-8.509238365605729,-0.2818985762964939,-0.0067696948535740376,0.3815458238912779,1.5,0.0,-1.727541146483725,0.0,-0.0,2.4035018147374627,-0.0,0.0,0.0,-5.937107500558976,-1.9797088967335326,18.098079438381916,43.926938764869035,0.3673730692188654,0.29851454485527035,-2.3103176701689616,21.18272075045441,21.154824654961985,6.352544732781513,0.016004,0.016004,fixed_switch,0.3452090620994568,0.3452090620994568,0.3454432487487793,0.3454432487487793,0.7051118016242981,-0.07341363281011581,0.04071521759033203,-0.14069469273090363,-0.14049634337425232,0.3424091339111328,0.3424091339111328,0.3429505228996277,0.3429505228996277,0.7108792662620544,-0.07028218358755112,0.03846565634012222,-0.1314649134874344,-0.13103756308555603,9.912190914154053,0.0,0.003998994827270508,0,0,-0.14111855626106262,0.08261788636445999,-0.4980127811431885,3,-0.6887057802962303,,4.0,3.5,8.0,3.8,3.2,4.0,0.15,0.12,3.0,2.6467994167161226,0.009722709060951925,0.005134548424732664,0.04486354383268333,-0.14111855626106262,0.08261788636445999,-0.4980127811431885,-0.02701748988372982,0.007292050109015937,0.06219385530023428,0.3673730692188654,-0.29851454485527035,2.3103176701689616,1.0,0.9999395526675278,0.0,roll,0.0,0.0,0.0,0.0,0,6.420191049575806,b_to_a,1.2,0.01281666400609538,1,0.046068612285396854,-0.2616688626705532,-0.07553683609778007,-0.2822298057356254,0.13146370020989526,-0.44138228340773894,-0.23704228640476882,-0.44200540448525866
11.540189027786255,direct_px4_equiv,1,1,14,0,0,0,0,1,-0.0455029234290123,0.1217164546251297,1.499599039554596,0.01600542850792408,-1.8703237771987915,0.007219059858471155,0.36696370558909214,-0.42080965689213995,-7.858658690964824,-0.42104642559588257,-0.0067696948535740376,0.3408219591968963,1.5,0.0,-1.6646859486431709,0.0,-0.0,2.8304574407658003,-0.0,0.0,0.0,-5.937107500558976,-1.9881698265237104,20.02637083733712,43.91250577834735,0.4700853563159947,0.3434210716868811,-2.448879234269497,21.70928846691981,21.49907884028778,6.408827009972098,0.007999,0.007999,fixed_switch,0.34808841347694397,0.34808841347694397,0.34983524680137634,0.34983524680137634,0.7082285284996033,-0.07738766074180603,0.043820835649967194,-0.15421521663665771,-0.1525951772928238,0.3482489287853241,0.3482489287853241,0.3467640280723572,0.3467640280723572,0.7073110938072205,-0.07577146589756012,0.04352009668946266,-0.14815755188465118,-0.14949218928813934,9.93618893623352,0.0,0.003999948501586914,0,0,-0.1699196994304657,0.09232160449028015,-0.4944842457771301,3,-0.6887057802962303,,4.0,3.5,8.0,3.8,3.2,4.0,0.15,0.12,3.0,1.9997231587947955,0.006280619021274721,0.007450820551899098,0.033511905777466044,-0.1699196994304657,0.09232160449028015,-0.4944842457771301,-0.026829567642499955,0.007446567925433379,0.06311157633926989,0.4700853563159947,-0.3434210716868811,2.448879234269497,1.0,0.9999525195485558,0.0,roll,0.0,0.0,0.0,0.0,0,6.444189071655273,b_to_a,1.2,0.016771025999332778,1,0.058218880471370825,-0.31838422872578787,-0.10145172681873937,-0.33449512949905746,0.14149131014883437,-0.47939187573746944,-0.2498738420021754,-0.4844814055118086
11.560189962387085,direct_px4_equiv,1,1,14,0,0,0,0,1,-0.04568072035908699,0.08957000821828842,1.4996290802955627,0.01740015111863613,-1.8186651468276978,0.019355013966560364,0.18668660315290847,-0.5169260811209468,-7.3183474008558465,-0.5170763343738258,-0.0067696948535740376,0.30811545409306107,1.5,0.0,-1.6046981366207556,0.0,-0.0,3.164473915403659,-0.0,0.0,0.0,-5.937107500558976,-1.9554172451244678,21.531363829237765,43.754151400149055,0.4657276021718714,0.33125868496995287,-2.5439644707853684,22.00311830905596,21.866913976104655,6.371942988035092,0.008,0.008,fixed_switch,0.3511396050453186,0.3511396050453186,0.3522628843784332,0.3522628843784332,0.7061875462532043,-0.07949948310852051,0.04660520702600479,-0.1638537347316742,-0.1627403199672699,0.3494563400745392,0.3494563400745392,0.3499731123447418,0.3499731123447418,0.7122814655303955,-0.07916917651891708,0.046414490789175034,-0.1593504697084427,-0.15885117650032043,9.95618987083435,0.0,0.00400090217590332,0,0,-0.16300220787525177,0.08586428314447403,-0.4882828891277313,3,-0.6887057802962303,,4.0,3.5,8.0,3.8,3.2,4.0,0.15,0.12,3.0,1.4857814952890867,0.0031492797243355144,0.009060637236454559,0.024091624536857325,-0.16300220787525177,0.08586428314447403,-0.4882828891277313,-0.026742598161025734,0.0076168678765749995,0.06366837722022677,0.4657276021718714,-0.33125868496995287,2.5439644707853684,1.0,0.9999539934441444,0.0,roll,0.0,0.0,0.0,0.0,0,6.4641900062561035,b_to_a,1.2,0.016794871000456624,1,0.07410921784714677,-0.3613630890152389,-0.12546556793885882,-0.3776112004614491,0.15048164457851496,-0.511263794870328,-0.256692628742157,-0.514761702211301
11.580193042755127,direct_px4_equiv,1,1,14,0,0,0,0,1,-0.04584242403507233,0.04369723051786423,1.4998374581336975,0.019204042851924896,-1.730296015739441,0.01757972501218319,-0.0009409874077622091,-0.5835718475712237,-6.790104487679428,-0.583636469222224,-0.0067696948535740376,0.27667079585281606,1.5,0.0,-1.5382456680411236,0.0,-0.0,3.475716155980499,-0.0,0.0,0.0,-5.937107500558976,-1.8821284109075318,22.685806775072507,43.85096352184446,0.5173969438110391,0.2610730522804258,-2.585161391601482,22.42544728194874,22.18840510464845,6.295132058169436,0.008002,0.008002,fixed_switch,0.3537854254245758,0.3537854254245758,0.3557239770889282,0.3557239770889282,0.7019182443618774,-0.07977546006441116,0.04783157631754875,-0.170802041888237,-0.16880446672439575,0.35309484601020813,0.35309484601020813,0.3533580005168915,0.3533580005168915,0.7002047896385193,-0.07927468419075012,0.047994378954172134,-0.16538579761981964,-0.16512228548526764,9.976192951202393,0.0,0.004003047943115234,0,0,-0.17398779094219208,0.06192683428525925,-0.47349047660827637,3,-0.6887057802962303,,4.0,3.5,8.0,3.8,3.2,4.0,0.15,0.12,3.0,1.0335195602971001,-9.223836414989532e-05,0.010184801044241867,0.014887358969756645,-0.17398779094219208,0.06192683428525925,-0.47349047660827637,-0.026718210009684534,0.0078115536680335934,0.06403936781205499,0.5173969438110391,-0.2610730522804258,2.585161391601482,1.0,0.9999481306574217,0.0,roll,0.0,0.0,0.0,0.0,0,6.4841930866241455,b_to_a,1.2,0.0165206479941844,1,0.08701926053228107,-0.4091420116852664,-0.14982384600359094,-0.41776965625031126,0.15444142294627694,-0.5303148849727963,-0.2575837325141021,-0.5365904339743048
11.604191064834595,direct_px4_equiv,1,1,14,0,0,0,0,1,-0.045876629650592804,-0.026025203987956047,1.5004010796546936,0.02061586081981659,-1.554223656654358,0.022074095904827118,-0.25612965209992866,-0.6408644528306452,-6.176783259533909,-0.6408699794249194,-0.0067696948535740376,0.24079029739993696,1.5,0.0,-1.4506845354306581,0.0,-0.0,3.815107636307792,-0.0,0.0,0.0,-5.937107500558976,-1.6830684573556818,23.135520424433494,43.85335206679286,0.5287983128320327,0.2025469769706769,-2.5914907052958456,22.593525917480154,22.30876594197897,6.222716585225361,0.012001,0.012001,fixed_switch,0.35477104783058167,0.35477104783058167,0.35709235072135925,0.35709235072135925,0.6978693604469299,-0.07824347913265228,0.049439720809459686,-0.17352047562599182,-0.1710931807756424,0.35521042346954346,0.35521042346954346,0.3568219840526581,0.3568219840526581,0.6990671157836914,-0.07981029897928238,0.04919632896780968,-0.17335055768489838,-0.17166338860988617,10.00019097328186,0.0,0.003998994827270508,0,0,-0.16976195573806763,0.042086079716682434,-0.4492958188056946,3,-0.6887057802962303,,4.0,3.5,8.0,3.8,3.2,4.0,0.15,0.12,3.0,0.7310536042043123,-0.004493615790189734,0.011175733969907673,0.004208054340570236,-0.16976195573806763,0.042086079716682434,-0.4492958188056946,-0.02678318922102832,0.008069980694842598,0.06424647418057902,0.5287983128320327,-0.2025469769706769,2.5914907052958456,1.0,0.9999274551907508,0.0,roll,0.0,0.0,0.0,0.0,0,6.508191108703613,b_to_a,1.2,0.0007355150009971112,1,0.10748793704549112,-0.4679540355737146,-0.18212829768140648,-0.4824410551377958,0.15963389222248012,-0.5375050633718986,-0.2526371822155327,-0.5451306542641039
11.624191999435425,direct_px4_equiv,1,1,14,0,0,0,0,1,-0.0458158515393734,-0.05132171884179115,1.5007537007331848,0.02092006243765354,-1.4761056900024414,0.020992878824472427,-0.45338877003205635,-0.6863209175735647,-5.68478481891422,-0.6863275485777705,-0.0067696948535740376,0.21255559948513836,1.5,0.0,-1.371815599150492,0.0,-0.0,4.06636625108512,-0.0,0.0,0.0,-5.937107500558976,-1.5611254135376076,24.090297937619702,43.94841219324482,0.5740966830043283,0.3253831324744564,-2.642695179459995,22.86910959788634,22.49016111468975,6.397492564875389,0.011999,0.011999,fixed_switch,0.35625144839286804,0.35625144839286804,0.35932499170303345,0.35932499170303345,0.7076019644737244,-0.07887130975723267,0.05159379914402962,-0.1799047589302063,-0.17657069861888885,0.35656899213790894,0.35656899213790894,0.35880047082901,0.35880047082901,0.6983982920646667,-0.07915906608104706,0.05073748528957367,-0.17769218981266022,-0.1753002107143402,10.02019190788269,0.0,0.003999948501586914,0,0,-0.1802423894405365,0.07899543642997742,-0.43751028180122375,3,-0.6887057802962303,,4.0,3.5,8.0,3.8,3.2,4.0,0.15,0.12,3.0,0.8595874819226398,-0.007886569086858024,0.011995789149572401,-0.004356352719637816,-0.1802423894405365,0.07899543642997742,-0.43751028180122375,-0.026915293344748018,0.008305912309021331,0.06422718678823537,0.5740966830043283,-0.3253831324744564,2.642695179459995,1.0,0.9998969515288709,0.0,roll,0.0,0.0,0.0,0.0,0,6.528192043304443,b_to_a,1.2,3.9924998418428004e-05,1,0.11940399260820046,-0.4947937765012738,-0.1915646447649146,-0.5113080319600437,0.1665891028630587,-0.5547131875855035,-0.25466435365721246,-0.5651874823608881
11.648192167282104,direct_px4_equiv,1,1,14,0,0,0,0,1,-0.045602649450302124,-0.08556132763624191,1.5012477040290833,0.021686691790819168,-1.3494839668273926,0.02188720554113388,-0.6614445811959999,-0.6898691365571982,-5.121045754328932,-0.6899390230977587,-0.0067696948535740376,0.18082897824520439,1.5,0.0,-1.2710130171221792,0.0,-0.0,4.325783654280346,-0.0,0.0,0.0,-5.937107500558976,-1.4013373265537172,24.721175889809896,44.00874875724824,0.448407791663542,0.0935774506661019,-2.6076422944336985,23.017742914721957,22.941220873805467,6.106994388728177,0.008,0.008,fixed_switch,0.35990697145462036,0.35990697145462036,0.3605235517024994,0.3605235517024994,0.6913498640060425,-0.07528145611286163,0.05208767578005791,-0.18111981451511383,-0.18044348061084747,0.36070114374160767,0.36070114374160767,0.36329808831214905,0.36329808831214905,0.6924692392349243,-0.07669547200202942,0.05026736482977867,-0.1869823932647705,-0.18405352532863617,10.04419207572937,0.0,0.004000186920166016,0,0,-0.1302899569272995,0.006983436644077301,-0.4085414707660675,3,-0.6887057802962303,,4.0,3.5,8.0,3.8,3.2,4.0,0.15,0.12,3.0,1.254139257114412,-0.011458074794145828,0.012122119744561786,-0.014172853188315949,-0.1302899569272995,0.006983436644077301,-0.4085414707660675,-0.027157599275196613,0.008596789304376257,0.06398462891755723,0.448407791663542,-0.0935774506661019,2.6076422944336985,1.0,0.9998608833616309,0.0,roll,0.0,0.0,0.0,0.0,0,6.552192211151123,b_to_a,1.2,0.004313775003538467,1,0.12736430643098576,-0.5248060620038351,-0.19871511917949303,-0.5477894141776879,0.16818376371582733,-0.566879894750557,-0.2430732145187009,-0.569004674766102
11.672190189361572,direct_px4_equiv,1,1,14,0,0,0,0,1,-0.0454152375459671,-0.10617443174123764,1.5015888810157776,0.02190481498837471,-1.259846568107605,0.01798209547996521,-0.8957108370156359,-0.6598413282971466,-4.585033173286736,-0.6600249784424096,-0.0067696948535740376,0.15159412105670844,1.5,0.0,-1.1645897781379624,0.0,-0.0,4.534745623390008,-0.0,0.0,0.0,-5.937107500558976,-1.2791245799162314,25.62945082894081,44.181624115194055,0.5245037237092431,-0.0035435659752953794,-2.6125079809690597,23.467409252725513,23.21019685720475,6.006369761483964,0.012,0.012,fixed_switch,0.3620697259902954,0.3620697259902954,0.3641262352466583,0.3641262352466583,0.6856305599212646,-0.07429523020982742,0.05253375694155693,-0.186179518699646,-0.18387475609779358,0.3610808849334717,0.3610808849334717,0.36414575576782227,0.36414575576782227,0.6926888227462769,-0.07530424743890762,0.051246799528598785,-0.18844638764858246,-0.18496741354465485,10.068190097808838,0.0,0.004000186920166016,0,0,-0.14814963936805725,-0.022748220711946487,-0.38730257749557495,3,-0.6887057802962303,,4.0,3.5,8.0,3.8,3.2,4.0,0.15,0.12,3.0,1.746934478036384,-0.015495719767749324,0.011699633520510025,-0.023506479968312555,-0.14814963936805725,-0.022748220711946487,-0.38730257749557495,-0.02748967989026568,0.008885132526644357,0.06351346046144284,0.5245037237092431,0.0035435659752953794,2.6125079809690597,1.0,0.9998115006244176,0.0,roll,0.0,0.0,0.0,0.0,0,6.576190233230591,b_to_a,1.2,0.008213166001951322,1,0.13428454954509061,-0.5478527792820238,-0.20266815657115422,-0.560533123776893,0.1696240984107217,-0.5776595863657432,-0.23988882316221674,-0.5849002156068491
11.696187973022461,direct_px4_equiv,1,1,14,0,0,0,0,1,-0.045064494013786316,-0.13366466760635376,1.5019479393959045,0.022523511201143265,-1.1179429292678833,0.011740138754248619,-1.1103857224576974,-0.5806444268207595,-4.068970522456977,-0.5809531927328051,-0.0067696948535740376,0.12496844752995417,1.5,0.0,-1.053806078878388,0.0,-0.0,4.6884774130943425,-0.0,0.0,0.0,-5.937107500558976,-1.128166683097896,25.65482489132614,44.375952515712704,0.5416820620193908,-0.09249135409069147,-2.6160041512051344,23.623029340871092,23.2966101429613,5.919788677735851,0.015999,0.015999,fixed_switch,0.36276188492774963,0.36276188492774963,0.36536499857902527,0.36536499857902527,0.680670976638794,-0.07277467846870422,0.05333932116627693,-0.18560592830181122,-0.1827133744955063,0.3631286025047302,0.3631286025047302,0.3667435944080353,0.3667435944080353,0.6819368600845337,-0.0746222585439682,0.052215952426195145,-0.19045524299144745,-0.18633021414279938,10.092187881469727,0.0,0.003999948501586914,0,0,-0.14708863198757172,-0.04830878600478172,-0.3666185140609741,3,-0.6887057802962303,,4.0,3.5,8.0,3.8,3.2,4.0,0.15,0.12,3.0,2.2447423555318675,-0.019211563635511738,0.010448210457489763,-0.03250356042471277,-0.14708863198757172,-0.04830878600478172,-0.3666185140609741,-0.027914062843131315,0.009147667343237883,0.06282291287568867,0.5416820620193908,0.09249135409069147,2.6160041512051344,1.0,0.9997608753683754,0.0,roll,0.0,0.0,0.0,0.0,0,6.6001880168914795,b_to_a,1.2,0.012851278006564826,1,0.13950512852444533,-0.5611964983277613,-0.20736761989279162,-0.5819308823917364,0.17222515741299535,-0.5740109851795469,-0.23497917555118886,-0.5830981990433899
11.720185995101929,direct_px4_equiv,1,1,14,0,0,0,0,1,-0.0447319820523262,-0.14911581575870514,1.502141535282135,0.022740568965673447,-1.0184385776519775,0.009603893384337425,-1.3315384135685604,-0.44465089888296394,-3.5745439766637617,-0.4450290924277075,-0.0067696948535740376,0.10103973337151784,1.5,0.0,-0.9400426724355135,0.0,-0.0,4.782183304436055,-0.0,0.0,0.0,-5.937107500558976,-1.0433314965434015,26.0107634376273,44.513444177501974,0.6054488855237158,-0.25171566657137856,-2.620496342666159,23.93504869378402,23.446924861140424,5.732942344097873,0.007999,0.007999,fixed_switch,0.363962858915329,0.363962858915329,0.36783647537231445,0.36783647537231445,0.6698428392410278,-0.07195669412612915,0.053421750664711,-0.18715672194957733,-0.18284866213798523,0.36249837279319763,0.36249837279319763,0.36614513397216797,0.36614513397216797,0.6747675538063049,-0.07312159985303879,0.05459250509738922,-0.18413454294204712,-0.18014107644557953,10.116185903549194,0.0,0.003999948501586914,0,0,-0.16090606153011322,-0.094317227602005,-0.34704893827438354,3,-0.6887057802962303,,4.0,3.5,8.0,3.8,3.2,4.0,0.15,0.12,3.0,2.7436680092127252,-0.02307411008283212,0.008237521563945038,-0.04113834456569619,-0.16090606153011322,-0.094317227602005,-0.34704893827438354,-0.028429700386796243,0.00936790352706491,0.061921193218033514,0.6054488855237158,0.25171566657137856,2.620496342666159,1.0,0.9996998643780659,0.0,roll,0.0,0.0,0.0,0.0,0,6.624186038970947,b_to_a,1.2,0.016602642004727386,1,0.14602116754681063,-0.573330758437699,-0.21207372585213558,-0.604232069256387,0.17249130705203441,-0.5744360078319545,-0.2323380384577247,-0.5879702033711943
11.74418306350708,direct_px4_equiv,1,1,14,0,0,0,0,1,-0.043783947825431824,-0.17928317189216614,1.5022028088569641,0.02310461364686489,-0.7621356844902039,-0.005588009487837553,-1.545550758476533,-0.30524334497432043,-3.0937571860551363,-0.30561955989459966,-0.0067696948535740376,0.07986277822520416,1.5,0.0,-0.8248033554396379,0.0,-0.0,4.8110628783955,-0.0,0.0,0.0,-5.937107500558976,-0.8272162097673752,23.73437522543402,44.81959479872599,0.5574820912516693,-0.25069761363565346,-2.663512369579292,23.448756393957783,22.958030198899685,5.779721754881144,0.011999,0.011999,fixed_switch,0.3600424826145172,0.3600424826145172,0.36397746205329895,0.36397746205329895,0.6725701689720154,-0.07072750478982925,0.055767565965652466,-0.17291705310344696,-0.16890974342823029,0.36189910769462585,0.36189910769462585,0.365391343832016,0.365391343832016,0.6696012020111084,-0.0716823861002922,0.05547409877181053,-0.17771384119987488,-0.1740460842847824,10.140182971954346,0.0,0.003998994827270508,0,0,-0.13882245123386383,-0.08990754932165146,-0.3343360126018524,3,-0.6887057802962303,,4.0,3.5,8.0,3.8,3.2,4.0,0.15,0.12,3.0,3.2469392814194498,-0.026833567255988025,0.005994606841415472,-0.04954421336082393,-0.13882245123386383,-0.08990754932165146,-0.3343360126018524,-0.02903687197960804,0.009533610186344984,0.06081559150919877,0.5574820912516693,0.25069761363565346,2.663512369579292,1.0,0.9996220121798485,0.0,roll,0.0,0.0,0.0,0.0,0,6.648183107376099,b_to_a,1.2,0.0009682099989731796,1,0.15424818741978388,-0.5919132601726889,-0.2200834895135154,-0.6089554013979019,0.18006561344675592,-0.5306456147086773,-0.22836916051635298,-0.5432349238339917
11.768181085586548,direct_px4_equiv,1,1,14,0,0,0,0,1,-0.04314003512263298,-0.1908538043498993,1.501902163028717,0.022946279495954514,-0.604179859161377,-0.01748555712401867,-1.727829719303177,-0.1622662483257658,-2.635724581909812,-0.16253598747655873,-0.0067696948535740376,0.06145230059965856,1.5,0.0,-0.7096922019642928,0.0,-0.0,4.770319775968215,-0.0,0.0,0.0,-5.937107500558976,-0.6972018725214375,22.55888817474266,45.08523877529075,0.5361242639559602,-0.29348074206716007,-2.6862475919485114,23.286228282650036,22.78123774136493,5.762556183349271,0.008,0.008,fixed_switch,0.35861456394195557,0.35861456394195557,0.36267879605293274,0.36267879605293274,0.6715706586837769,-0.06972821056842804,0.05689514800906181,-0.16487586498260498,-0.16095572710037231,0.3631093204021454,0.3631093204021454,0.3654519021511078,0.3654519021511078,0.6715461015701294,-0.0707782655954361,0.056739769876003265,-0.17708541452884674,-0.17462961375713348,10.164180994033813,0.0,0.003999948501586914,0,0,-0.1262114942073822,-0.09917832165956497,-0.31915873289108276,3,-0.6887057802962303,,4.0,3.5,8.0,3.8,3.2,4.0,0.15,0.12,3.0,3.7274475510203846,-0.030061058155528356,0.0036992326134164394,-0.05756274269710909,-0.1262114942073822,-0.09917832165956497,-0.31915873289108276,-0.029724980497034603,0.009645420793399896,0.059513572819364306,0.5361242639559602,0.29348074206716007,2.6862475919485114,1.0,0.9995413242148825,0.0,roll,0.0,0.0,0.0,0.0,0,6.672181129455566,b_to_a,1.2,0.004510923994530458,1,0.1577363184490708,-0.6031058011071385,-0.21872425501944384,-0.6131536122970677,0.18370641459689863,-0.5056573278904525,-0.22514257947376526,-0.5179728254513134
11.792176961898804,direct_px4_equiv,1,1,14,0,0,0,0,1,-0.04270016402006149,-0.1962079107761383,1.5015388131141663,0.022458309307694435,-0.4986787736415863,-0.023785393685102463,-1.9589356592792944,-0.01453944518659127,-2.200133677188883,-0.014570424217832112,-0.0067696948535740376,0.04578678236440403,1.5,0.0,-0.5964522082991799,0.0,-0.0,4.655166483803939,-0.0,0.0,0.0,-5.937107500558976,-0.6074698444977606,21.81146879997674,45.28052226176778,0.56662409480926,-0.280480282024017,-2.702251827068354,23.236707368094557,22.606613342469856,5.807642974620452,0.011999,0.011999,fixed_switch,0.35719868540763855,0.35719868540763855,0.3622822165489197,0.3622822165489197,0.6741927266120911,-0.06936444342136383,0.0575457327067852,-0.16023971140384674,-0.15550531446933746,0.3589155375957489,0.3589155375957489,0.36510059237480164,0.36510059237480164,0.6706949472427368,-0.07060481607913971,0.05694933235645294,-0.1688241809606552,-0.16275431215763092,10.18817687034607,0.0,0.003999948501586914,0,0,-0.12980002164840698,-0.09108830988407135,-0.30373701453208923,3,-0.6887057802962303,,4.0,3.5,8.0,3.8,3.2,4.0,0.15,0.12,3.0,4.2189330986850875,-0.03416175808415089,0.0013683134305039135,-0.06519707687174735,-0.12980002164840698,-0.09108830988407135,-0.30373701453208923,-0.030502048408528215,0.009701333181848903,0.0580244826620282,0.56662409480926,0.280480282024017,2.702251827068354,1.0,0.9994155509572238,0.0,roll,0.0,0.0,0.0,0.0,0,6.696177005767822,b_to_a,1.2,0.009102367999730632,1,0.1624841715454555,-0.5943271326753411,-0.21996256947718026,-0.6089254493574816,0.1858070669190935,-0.4885343303164191,-0.22396800691247132,-0.503407889040682
11.816173076629639,direct_px4_equiv,1,1,14,0,0,0,0,1,-0.041986316442489624,-0.19959528744220734,1.5005882382392883,0.02198905684053898,-0.3436187207698822,-0.04716877639293671,-2.142167049923999,0.15644546389393485,-1.799718301049359,0.15685423317907649,-0.0067696948535740376,0.032797801897515244,1.5,0.0,-0.48691509663245647,0.0,-0.0,4.4608026761196715,-0.0,0.0,0.0,-5.937107500558976,-0.5251618414719942,19.833319926898948,45.735194564530374,0.4929099213879308,-0.38804969923990995,-2.615075105551803,22.94519901940988,22.40863254812137,5.731233584000836,0.015997,0.015997,fixed_switch,0.35558679699897766,0.35558679699897766,0.3599390387535095,0.3599390387535095,0.669743001461029,-0.06560312956571579,0.05567493662238121,-0.14592164754867554,-0.1422586292028427,0.35590314865112305,0.35590314865112305,0.3648150563240051,0.3648150563240051,0.673334002494812,-0.06981436163187027,0.056448619812726974,-0.1634703278541565,-0.15509748458862305,10.212172985076904,0.0,0.003998994827270508,0,0,-0.09939748793840408,-0.11967012286186218,-0.27226001024246216,3,-0.6887057802962303,,4.0,3.5,8.0,3.8,3.2,4.0,0.15,0.12,3.0,4.664068792135849,-0.037459836900100886,-0.0013786948796002724,-0.0722337036085937,-0.09939748793840408,-0.11967012286186218,-0.27226001024246216,-0.03136976545493308,0.00969697667494889,0.0563603033486658,0.4929099213879308,0.38804969923990995,2.615075105551803,1.0,0.9992974299297962,0.0,roll,0.0,0.0,0.0,0.0,0,6.720173120498657,b_to_a,1.2,0.012782377998519223,1,0.16430825734659774,-0.5764779988232329,-0.2193042942019017,-0.5837825713106879,0.1797665285603581,-0.44691865374630274,-0.21182326293958126,-0.4584263538223395
11.84017300605774,direct_px4_equiv,1,1,14,0,0,0,0,1,-0.041501082479953766,-0.19940681755542755,1.4997015595436096,0.02155420556664467,-0.24171997606754303,-0.05272473767399788,-2.3587072782602796,0.3440627087105917,-1.4407866216629137,0.3451248165974507,-0.0067696948535740376,0.022371919728347844,1.5,0.0,-0.383024338619947,0.0,-0.0,4.18238026440541,-0.0,0.0,0.0,-5.937107500558976,-0.5038784528403737,18.252410523221677,45.88297296196828,0.6986042336460785,-0.40252036271261105,-2.548435286635389,22.97549257754487,21.809099710111866,5.732953678032682,0.012,0.012,fixed_switch,0.3506617248058319,0.3506617248058319,0.3601832389831543,0.3601832389831543,0.6698434948921204,-0.06478382647037506,0.053277451545000076,-0.13742950558662415,-0.13002319633960724,0.3516561686992645,0.3516561686992645,0.35941463708877563,0.35941463708877563,0.6664255857467651,-0.06513965129852295,0.05447228625416756,-0.13648061454296112,-0.13046014308929443,10.236172914505005,0.0,0.003999948501586914,0,0,-0.16165202856063843,-0.11934667825698853,-0.2460906058549881,3,-0.6887057802962303,,4.0,3.5,8.0,3.8,3.2,4.0,0.15,0.12,3.0,5.095050012839256,-0.041367942825794715,-0.0043843481432304906,-0.07856199856478045,-0.16165202856063843,-0.11934667825698853,-0.2460906058549881,-0.03232195596706794,0.009620466976966214,0.05453685820928939,0.6986042336460785,0.40252036271261105,2.548435286635389,1.0,0.9991347353716016,0.0,roll,0.0,0.0,0.0,0.0,0,6.744173049926758,b_to_a,1.2,0.016805270002805628,1,0.16663532088820368,-0.5681379107503297,-0.2210599178170919,-0.57140822881303,0.17202538948138515,-0.4084799313487165,-0.209177851011868,-0.4317475154332415
11.864173173904419,direct_px4_equiv,1,1,14,0,0,0,0,1,-0.0402713268995285,-0.19077442586421967,1.4967387318611145,0.02066657692193985,-0.0024077787529677153,-0.07885506749153137,-2.5130668796709488,0.529689675749875,-1.145062601964767,0.5315475437964002,-0.0067696948535740376,0.014350742017234408,1.5,0.0,-0.286871195272802,0.0,-0.0,3.815119659620289,-0.0,0.0,0.0,-5.937107500558976,-0.46971316913150707,13.712337834314184,46.31607121979629,0.5051658938994126,-0.4468945174017361,-2.3881189798089033,22.147400784113437,21.30037506646398,5.734963185277198,0.016,0.016,fixed_switch,0.3464292883872986,0.3464292883872986,0.3534490466117859,0.3534490466117859,0.6699608564376831,-0.059541065245866776,0.049975503236055374,-0.10431482642889023,-0.10018507391214371,0.3483316898345947,0.3483316898345947,0.35780400037765503,0.35780400037765503,0.6703706979751587,-0.06301882117986679,0.05221189931035042,-0.12484926730394363,-0.11818471550941467,10.260173082351685,0.0,0.004000186920166016,0,0,-0.09263596683740616,-0.1275055855512619,-0.20634682476520538,3,-0.6887057802962303,,4.0,3.5,8.0,3.8,3.2,4.0,0.15,0.12,3.0,5.446761924275707,-0.044205362023188664,-0.007400977714516711,-0.08379414258626497,-0.09263596683740616,-0.1275055855512619,-0.20634682476520538,-0.03335603916155203,0.009474355759163392,0.05257566682710898,0.5051658938994126,0.4468945174017361,2.3881189798089033,1.0,0.998995555740086,0.0,roll,0.0,0.0,0.0,0.0,0,6.7681732177734375,b_to_a,1.2,0.0006639810017077252,1,0.16425537268041726,-0.5018271471788973,-0.21694782518761016,-0.5282747893917071,0.1613638611680703,-0.314740692564292,-0.19224971206994682,-0.32771470338990116
11.88817310333252,direct_px4_equiv,1,1,14,0,0,0,0,1,-0.03952893987298012,-0.18041282892227173,1.4944632649421692,0.020158877596259117,0.12926863133907318,-0.08666615933179855,-2.6694401839290873,0.6911043699163482,-0.926863161238451,0.6937548616328201,-0.0067696948535740376,0.008522657216523566,1.5,0.0,-0.20064720682235304,0.0,-0.0,3.3542281611326414,-0.0,0.0,0.0,-5.937107500558976,-0.4943431063836516,10.439832453705895,46.43046903104908,0.49458621786511753,-0.3977194289722681,-2.048618310191156,21.684355617991592,20.714986226723894,5.814113600656564,0.012,0.012,fixed_switch,0.34149596095085144,0.34149596095085144,0.3496285080909729,0.3496285080909729,0.674568235874176,-0.052017323672771454,0.042168550193309784,-0.08108416199684143,-0.07738442718982697,0.34577324986457825,0.34577324986457825,0.3534996211528778,0.3534996211528778,0.6657909154891968,-0.057986725121736526,0.047849349677562714,-0.10195501148700714,-0.09752523899078369,10.284173011779785,0.0,0.003999948501586914,0,0,-0.08507706224918365,-0.10746750235557556,-0.1395403891801834,3,-0.6887057802962303,,4.0,3.5,8.0,3.8,3.2,4.0,0.15,0.12,3.0,5.7325803943853995,-0.04706800863718051,-0.010010986544610655,-0.08767278900701578,-0.08507706224918365,-0.10746750235557556,-0.1395403891801834,-0.034459059320119854,0.009259076723547827,0.05050778912007847,0.49458621786511753,0.3977194289722681,2.048618310191156,1.0,0.9988421913904024,0.0,roll,0.0,0.0,0.0,0.0,0,6.792173147201538,b_to_a,1.2,0.004533516002993565,1,0.16190171277188917,-0.46756691574397125,-0.21149758269658128,-0.4833514301776528,0.1361563075330989,-0.24311035874124573,-0.16795661405216433,-0.2547334139184958
11.91217303276062,direct_px4_equiv,1,1,14,0,0,0,0,1,-0.03900453448295593,-0.17100703716278076,1.4926751255989075,0.01993376389145851,0.20991185307502747,-0.09529338032007217,-2.828163459683801,0.8440811902565093,-0.7961435106064535,0.8474899805365503,-0.0067696948535740376,0.004621871667716437,1.5,0.0,-0.1266561870557723,0.0,-0.0,2.794902612097078,-0.0,0.0,0.0,-5.937107500558976,-0.5561764686893651,7.436531497390003,46.538556578520655,0.4835624909677287,-0.4203324154880671,-1.7703183759047687,21.418931268398154,20.346771048594128,5.798420976805773,0.016,0.016,fixed_switch,0.3383570909500122,0.3383570909500122,0.3474201261997223,0.3474201261997223,0.673657238483429,-0.04600212350487709,0.03537653759121895,-0.05849819630384445,-0.05553906783461571,0.3396886885166168,0.3396886885166168,0.35020163655281067,0.35020163655281067,0.6728249788284302,-0.048919372260570526,0.038241900503635406,-0.0786224976181984,-0.07401532679796219,10.308172941207886,0.0,0.003999948501586914,0,0,-0.07692267000675201,-0.11012378334999084,-0.0867566242814064,3,-0.6887057802962303,,4.0,3.5,8.0,3.8,3.2,4.0,0.15,0.12,3.0,5.945477104530287,-0.0499652532572154,-0.012499094801050395,-0.09003008698438661,-0.07692267000675201,-0.11012378334999084,-0.0867566242814064,-0.035629529444101055,0.00898299007655022,0.04836726571258034,0.4835624909677287,0.4203324154880671,1.7703183759047687,1.0,0.9986736229719647,0.0,roll,0.0,0.0,0.0,0.0,0,6.816173076629639,b_to_a,1.2,0.008763835998252034,1,0.1525668828566975,-0.4132711102088689,-0.2002939951879832,-0.4335741885801013,0.11422585637863174,-0.17448112596676352,-0.1485343813636681,-0.18377750108103502
11.93617296218872,direct_px4_equiv,1,1,14,0,0,0,0,1,-0.03848527371883392,-0.16060155630111694,1.4908018708229065,0.019990621134638786,0.2838912308216095,-0.10517995059490204,-2.975424574642738,0.9592805318633961,-0.7714751563832345,0.9631917211464137,-0.0067696948535740376,0.0023259853526453877,1.5,0.0,-0.0673181455620373,0.0,-0.0,2.1323430548566096,-0.0,0.0,0.0,-5.937107500558976,-0.61089458496913,3.851045134037042,46.625336542910375,0.5687217200019424,-0.3397032903591469,-1.1496505235819399,21.277465116231525,19.770518488168474,5.914194300444531,0.008,0.02,fixed_switch,0.33338719606399536,0.33338719606399536,0.34623751044273376,0.34623751044273376,0.6803492903709412,-0.03228342533111572,0.02101065404713154,-0.031050575897097588,-0.02884519100189209,0.33518463373184204,0.33518463373184204,0.34617525339126587,0.34617525339126587,0.6797531247138977,-0.041398193687200546,0.030502954497933388,-0.05660898610949516,-0.05329841002821922,10.332172870635986,0.0,0.003999948501586914,0,0,-0.10160331428050995,-0.08147256076335907,0.019632743671536446,3,-0.6887057802962303,,4.0,3.5,8.0,3.8,3.2,4.0,0.15,0.12,3.0,6.058682523782331,-0.05262477029983974,-0.014379922317443474,-0.09052745793998139,-0.10160331428050995,-0.08147256076335907,0.019632743671536446,-0.03686374018926192,0.00865509256791463,0.04619549082750365,0.5687217200019424,0.3397032903591469,1.1496505235819399,1.0,0.9985119256890311,0.0,roll,0.0,0.0,0.0,0.0,0,6.840173006057739,b_to_a,1.2,0.012529585997981485,1,0.1464167881604424,-0.34647608909158506,-0.19236451911834954,-0.37300639718776285,0.06784044383057812,-0.0906198397110666,-0.10423863069096861,-0.09754826271117753
11.956173181533813,direct_px4_equiv,1,1,14,0,0,0,0,1,-0.03765774890780449,-0.1418858915567398,1.4877639412879944,0.02042110450565815,0.37961432337760925,-0.10440515726804733,-3.0440299013792447,1.0254815083050242,-0.8515948145251341,1.029533268762387,-0.0067696948535740376,0.0013650591367670994,1.5,0.0,-0.03088817292178092,0.0,-0.0,1.4978784877899067,-0.0,0.0,0.0,-5.937107500558976,-0.6311516502921826,-0.424839963600685,46.50407189250994,0.4630571713452019,-0.28475480689982546,-0.922147271896223,21.006571293553595,19.633695659950913,5.968748726085721,0.02,0.02,fixed_switch,0.33219659328460693,0.33219659328460693,0.3439618647098541,0.3439618647098541,0.6834799647331238,-0.027053622528910637,0.01595451310276985,0.003443910973146558,0.0032188277691602707,0.33338719606399536,0.33338719606399536,0.34623751044273376,0.34623751044273376,0.6803492903709412,-0.03228342533111572,0.02101065404713154,-0.031050575897097588,-0.02884519100189209,10.352173089981079,0.0,0.004000186920166016,0,0,-0.06443138420581818,-0.06230442598462105,0.055062588304281235,3,-0.6887057802962303,,4.0,3.5,8.0,3.8,3.2,4.0,0.15,0.12,3.0,6.037401691045293,-0.05386141811930617,-0.015517193213873773,-0.08916987233914295,-0.06443138420581818,-0.06230442598462105,0.055062588304281235,-0.03793133170575631,0.008352594562852122,0.044398766416750515,0.4630571713452019,0.28475480689982546,0.922147271896223,1.0,0.9984290821317264,0.0,roll,0.0,0.0,0.0,0.0,0,6.860173225402832,b_to_a,1.2,0.012368003001029138,1,0.13559624271519446,-0.27593407675084364,-0.17927225614306075,-0.2985580271035625,0.051514874496183076,0.010112245312730068,-0.08735233575538556,0.010819365330026405
11.980173110961914,direct_px4_equiv,1,1,14,0,0,0,0,1,-0.03708536550402641,-0.1281306892633438,1.4856498837471008,0.021222440525889397,0.43288376927375793,-0.10446018725633621,-3.1667231516245,1.0685915766275242,-1.083071096149486,1.0724368084186104,-0.0067696948535740376,0.0009749028612913158,1.5,0.0,-0.00508177463151327,0.0,-0.0,0.6335886992118608,-0.0,0.0,0.0,-5.937107500558976,-0.6088980722058572,-5.132098168255285,46.3304817989042,0.4915177086925131,-0.2028944616209083,-0.04538470141291713,21.142734040205045,19.46696681921807,6.051873149967953,0.012,0.012,fixed_switch,0.3307400941848755,0.3307400941848755,0.3451075255870819,0.3451075255870819,0.6882227659225464,-0.0059902300126850605,-0.0034781796857714653,0.04208066314458847,0.038728076964616776,0.33095189929008484,0.33095189929008484,0.34451839327812195,0.34451839327812195,0.686665952205658,-0.01501897070556879,0.004568249918520451,0.026608729735016823,0.02460760809481144,10.37617301940918,0.0,0.003999948501586914,0,0,-0.07056528329849243,-0.035141218453645706,0.19421875476837158,3,-0.6887057802962303,,4.0,3.5,8.0,3.8,3.2,4.0,0.15,0.12,3.0,5.917043642938875,-0.05600020711719063,-0.016286224487169113,-0.0851724391684384,-0.07056528329849243,-0.035141218453645706,0.19421875476837158,-0.03925499494926127,0.007968143583954581,0.042309165381157754,0.4915177086925131,0.2028944616209083,0.04538470141291713,1.0,0.9982993677540818,0.0,roll,0.0,0.0,0.0,0.0,0,6.884173154830933,b_to_a,1.2,0.01648843799921451,1,0.12274541724874434,-0.1823936630709018,-0.16471716181413737,-0.21051746423696435,-0.011230552196664502,0.1216678471440696,-0.01934160808698077,0.13220029677887787
12.004173040390015,direct_px4_equiv,1,1,14,0,0,0,0,1,-0.035533420741558075,-0.09013812243938446,1.480349600315094,0.02286374568939209,0.5144618153572083,-0.10048738867044449,-3.22945679380806,1.0498384355966717,-1.4836428099920234,1.0530171432726874,-0.0067696948535740376,0.0009479137370362878,1.5,0.0,0.0,0.0,0.0,0.0,0.0,0.0,0.0,-5.937107500558976,-0.5003611967456852,-10.021857630350599,46.178846382009134,0.3112787078164958,-0.03717514434454884,0.9279592310356839,21.29842253525402,19.969632525212944,6.248503290258408,0.016,0.016,fixed_switch,0.3351125419139862,0.3351125419139862,0.3464129567146301,0.3464129567146301,0.6993138194084167,0.018528979271650314,-0.02480507269501686,0.08073555678129196,0.07559818774461746,0.3327418267726898,0.3327418267726898,0.34676042199134827,0.34676042199134827,0.6884191632270813,0.0009246590198017657,-0.009380432777106762,0.0642707422375679,0.05925991013646126,10.40017294883728,0.0,0.003999948501586914,0,0,-0.007948559708893299,0.01607329398393631,0.34268224239349365,3,-0.6887057802962303,,4.0,3.5,8.0,3.8,3.2,4.0,0.15,0.12,3.0,5.623373578480162,-0.05702391184264393,-0.016112163846662374,-0.0781898612499338,-0.007948559708893299,0.01607329398393631,0.34268224239349365,-0.04061575434977795,0.007576718296575531,0.04035670192522664,0.3112787078164958,0.03717514434454884,-0.9279592310356839,1.0,0.9982443358523906,0.0,roll,0.0,0.0,0.0,0.0,0,6.908173084259033,dwell_a,1.2,0.0009487439965596423,1,0.08188091125113962,0.031668494724672834,-0.12000535299381383,0.018834534671709837,-0.08009208507296386,0.23749872096945485,0.059827461634594736,0.25363823215538234
12.028172969818115,direct_px4_equiv,1,1,14,0,0,0,0,1,-0.03451310843229294,-0.06619154661893845,1.4774084687232971,0.023461131379008293,0.5259119868278503,-0.08485478162765503,-3.0228139785259263,0.9897649809296873,-2.064003464697438,0.992030151285992,-0.0067696948535740376,0.0009479137370362878,1.5,0.0,0.0,0.0,0.0,0.0,0.0,0.0,0.0,-5.937107500558976,-0.3753016739285825,-10.467557429115185,46.015090813388674,-0.3854695308194809,0.01563572269831109,1.7174786313900992,20.364027318527853,21.041782436374188,6.2969328170910925,0.012,0.012,fixed_switch,0.34425848722457886,0.34425848722457886,0.338504821062088,0.338504821062088,0.702018678188324,0.03677908703684807,-0.04405338317155838,0.08001405745744705,0.08273765444755554,0.3352617621421814,0.3352617621421814,0.3463667333126068,0.3463667333126068,0.699499785900116,0.020463764667510986,-0.025963036343455315,0.08015260845422745,0.07513976842164993,10.42417287826538,0.0,0.003999948501586914,0,0,0.21861495077610016,0.02892175316810608,0.4522319734096527,3,-0.6887057802962303,,4.0,3.5,8.0,3.8,3.2,4.0,0.15,0.12,3.0,5.031514700553524,-0.05330338752317264,-0.015476000971818586,-0.0680148876330461,0.21861495077610016,0.02892175316810608,0.4522319734096527,-0.041940360027736205,0.007195084012746407,0.03861666368295125,-0.3854695308194809,-0.01563572269831109,-1.7174786313900992,1.0,0.9984596211211055,0.0,roll,0.0,0.0,0.0,0.0,0,6.932173013687134,dwell_a,1.2,0.004630878000170924,1,0.0538183139219133,0.07347556726602214,-0.09134362137551545,0.06623337433690082,-0.14224216420701752,0.25992801407267563,0.11875449529790578,0.25137158246288843
12.048173189163208,direct_px4_equiv,1,1,14,0,0,0,0,1,-0.033796120434999466,-0.05011550337076187,1.4756672978401184,0.02298543229699135,0.5275896191596985,-0.07251126319169998,-2.773472178944322,0.8771801793727246,-2.6664541468606,0.8786110654721564,-0.0067696948535740376,0.0009479137370362878,1.5,0.0,0.0,0.0,0.0,0.0,0.0,0.0,0.0,-5.937107500558976,-0.18660146184017812,-10.571673419652651,45.894187718127895,-0.48661131370970445,0.1685967703126762,2.414704794021803,20.242671385745805,21.215621449417736,6.48252361731103,0.012,0.012,fixed_switch,0.34571927785873413,0.34571927785873413,0.3374645411968231,0.3374645411968231,0.7122889161109924,0.05401524156332016,-0.059838421642780304,0.08015067130327225,0.08409297466278076,0.34447047114372253,0.34447047114372253,0.33840659260749817,0.33840659260749817,0.7024470567703247,0.03849991038441658,-0.044908393174409866,0.07925757020711899,0.08210187405347824,10.444173097610474,0.0,0.004000186920166016,0,0,0.246637225151062,0.07314823567867279,0.545054018497467,3,-0.6887057802962303,,4.0,3.5,8.0,3.8,3.2,4.0,0.15,0.12,3.0,4.39262952477666,-0.04881714021530303,-0.013917574967651591,-0.057427883874754546,0.246637225151062,0.07314823567867279,0.545054018497467,-0.04295187980658261,0.006902837336373795,0.0373805972178984,-0.48661131370970445,-0.1685967703126762,-2.414704794021803,1.0,0.998711593993839,0.0,roll,0.0,0.0,0.0,0.0,0,6.952173233032227,dwell_a,1.2,0.004475697998714168,1,0.023002414191042563,0.10322727355214706,-0.05739391753845183,0.09123400826229779,-0.1932098367984217,0.26418587520607,0.17440761038457675,0.25180075661165596
12.072173118591309,direct_px4_equiv,1,1,14,0,0,0,0,1,-0.032685596495866776,-0.026181640103459358,1.4734323620796204,0.02126946859061718,0.5251012444496155,-0.051749031990766525,-2.513706565243678,0.6969818587399539,-3.494970334598238,0.6976153107623548,-0.0067696948535740376,0.0009479137370362878,1.5,0.0,0.0,0.0,0.0,0.0,0.0,0.0,0.0,-5.937107500558976,0.11433261923811322,-10.72873413754894,45.642546064731434,-0.37131314770075374,0.2924622442528532,3.0327663876623547,20.410381128200235,21.09628995942244,6.614324974121909,0.016,0.016,fixed_switch,0.3447171747684479,0.3447171747684479,0.3389013707637787,0.3389013707637787,0.7194935083389282,0.0712461769580841,-0.07201480865478516,0.08183851838111877,0.08465433120727539,0.34598639607429504,0.34598639607429504,0.33741411566734314,0.33741411566734314,0.7128127813339233,0.05604197084903717,-0.06076238304376602,0.07949484884738922,0.08355645090341568,10.468173027038574,0.0,0.003999948501586914,0,0,0.20212242007255554,0.10748405009508133,0.615210235118866,3,-0.6887057802962303,,4.0,3.5,8.0,3.8,3.2,4.0,0.15,0.12,3.0,3.583588397209271,-0.044117326262971567,-0.01122403179843532,-0.042875828478168905,0.20212242007255554,0.10748405009508133,0.615210235118866,-0.044059133374235046,0.006605269622542091,0.03620283345645932,-0.37131314770075374,-0.2924622442528532,-3.0327663876623547,1.0,0.9989638413188376,0.0,roll,0.0,0.0,0.0,0.0,0,6.976173162460327,dwell_a,1.2,0.008499511000991333,1,-0.011821186685245589,0.13521642494295952,-0.020298583302771924,0.12207050722931381,-0.2325256774434202,0.26594941549272044,0.2300438758147132,0.25710328047324593
12.09617304801941,direct_px4_equiv,1,1,14,0,0,0,0,1,-0.031591348350048065,-0.002742108888924122,1.4717281460762024,0.01877612993121147,0.5188597440719604,-0.028795145452022552,-2.2776006018027957,0.4538796753046388,-4.380284627217863,0.4540472268804907,-0.0067696948535740376,0.0009479137370362878,1.5,0.0,0.0,0.0,0.0,0.0,0.0,0.0,0.0,-5.937107500558976,0.49010837139144053,-10.827875942386163,45.332347327973594,-0.37699135270590284,0.4336548566145094,3.4882865567207086,20.321338973604103,21.112744858447368,6.761928133783908,0.02,0.02,fixed_switch,0.34485551714897156,0.34485551714897156,0.33813923597335815,0.33813923597335815,0.7274772524833679,0.08499491959810257,-0.08060268312692642,0.08254626393318176,0.08583962172269821,0.3448949456214905,0.3448949456214905,0.3388761878013611,0.3388761878013611,0.7198301553726196,0.07239610701799393,-0.07247212529182434,0.08146999776363373,0.08437149226665497,10.492172956466675,0.0,0.003999948501586914,0,0,0.1988261491060257,0.14485034346580505,0.6553725600242615,3,-0.6887057802962303,,4.0,3.5,8.0,3.8,3.2,4.0,0.15,0.12,3.0,2.800874589907697,-0.03985262764839053,-0.00737937255025777,-0.027322697746993366,0.1988261491060257,0.14485034346580505,0.6553725600242615,-0.04505618050690298,0.006388206710963965,0.03539083944447864,-0.37699135270590284,-0.4336548566145094,-3.4882865567207086,1.0,0.9991786564111186,0.0,roll,0.0,0.0,0.0,0.0,0,7.000173091888428,dwell_a,1.2,0.012637246996746399,1,-0.04803146027105721,0.14312994291720327,0.019965789584834217,0.14268485955785565,-0.2602547071067834,0.26967313548018923,0.2744366156885543,0.25932672635475557
12.12017297744751,direct_px4_equiv,1,1,14,0,0,0,0,1,-0.030880866572260857,0.012550577521324158,1.4709635376930237,0.016766924411058426,0.5140092968940735,-0.01443561539053917,-2.0876797644828007,0.17550337255340648,-5.2539427734516035,0.17551582051942702,-0.0067696948535740376,0.0009479137370362878,1.5,0.0,0.0,0.0,0.0,0.0,0.0,0.0,0.0,-5.937107500558976,0.8859530448324003,-10.845241707414209,45.13775918274576,-0.2173006035342108,0.5657355664337784,3.636945815182419,20.394759347381566,20.845853886123592,6.913807113400396,0.012,0.012,fixed_switch,0.3426048457622528,0.3426048457622528,0.33876776695251465,0.33876776695251465,0.7356017231941223,0.09299595654010773,-0.08073858171701431,0.08376524597406387,0.08566350489854813,0.3434372544288635,0.3434372544288635,0.33822357654571533,0.33822357654571533,0.7327104210853577,0.09069757908582687,-0.08215130865573883,0.08396086096763611,0.08655638992786407,10.516172885894775,0.0,0.003999948501586914,0,0,0.14130276441574097,0.1793254315853119,0.6442267298698425,3,-0.6887057802962303,,4.0,3.5,8.0,3.8,3.2,4.0,0.15,0.12,3.0,2.204593992308967,-0.03645243486726968,-0.0028453326886478465,-0.011977210379849829,0.14130276441574097,0.1793254315853119,0.6442267298698425,-0.04596331952567391,0.006273630226027465,0.034951556055291655,-0.2173006035342108,-0.5657355664337784,-3.636945815182419,1.0,0.9993315619660657,0.0,roll,0.0,0.0,0.0,0.0,0,7.024173021316528,dwell_a,1.2,0.016523111997230444,1,-0.08242456610746043,0.1621844902301526,0.06081478593392144,0.15544775146953219,-0.2606934986230777,0.26911983045328747,0.30027084561341566,0.2631562831213642
12.14417314529419,direct_px4_equiv,1,1,14,0,0,0,0,1,-0.029276223853230476,0.04918878152966499,1.470285952091217,0.011253057979047298,0.4993932843208313,0.028482094407081604,-1.928002924353548,-0.11516688535414325,-6.053631560035656,-0.115167124210044,-0.0067696948535740376,0.0009479137370362878,1.5,0.0,0.0,0.0,0.0,0.0,0.0,0.0,0.0,-5.937107500558976,1.3408809495805776,-11.080963154714512,44.411139542469535,-0.16268747903420264,0.6509478015095143,3.54894769605817,20.073466473709704,20.481229894774437,6.933093505609054,0.016,0.016,fixed_switch,0.3395065665245056,0.3395065665245056,0.33600887656211853,0.33600887656211853,0.7366270422935486,0.09654712677001953,-0.07632407546043396,0.08719399571418762,0.08901236206293106,0.34210458397865295,0.34210458397865295,0.33732321858406067,0.33732321858406067,0.7371976375579834,0.09426867961883545,-0.07976621389389038,0.08491382002830505,0.08732710778713226,10.540173053741455,0.0,0.004000186920166016,0,0,0.11860864609479904,0.1981818974018097,0.59602290391922,3,-0.6887057802962303,,4.0,3.5,8.0,3.8,3.2,4.0,0.15,0.12,3.0,1.935067294148781,-0.033650420161586786,0.0019755395441177883,0.002067254410489334,0.11860864609479904,0.1981818974018097,0.59602290391922,-0.046797119450780675,0.0062743327102372124,0.0348641488612503,-0.16268747903420264,-0.6509478015095143,-3.54894769605817,1.0,0.999431873264706,0.0,roll,0.0,0.0,0.0,0.0,0,7.048173189163208,dwell_a,1.2,0.0007419870016747154,1,-0.1261835907727974,0.19236336313197505,0.11996160091813503,0.19862167424028676,-0.24643967931197652,0.27964057570534706,0.31173706588844746,0.2739280211284837
12.16817307472229,direct_px4_equiv,1,1,14,0,0,0,0,1,-0.02846173569560051,0.06991717964410782,1.470633327960968,0.0075960466638207436,0.4857962429523468,0.034468233585357666,-1.7776257888318021,-0.3268559399081855,-6.745764862135743,-0.32688848877719817,-0.0067696948535740376,0.0009479137370362878,1.5,0.0,0.0,0.0,0.0,0.0,0.0,0.0,0.0,-5.937107500558976,1.6777090221482975,-11.080673445235355,44.31949759689553,-0.21522360082400072,0.45437956639503907,3.159301709582125,19.91461969505449,20.512776865036653,6.670659338565665,0.012,0.012,fixed_switch,0.3397757112979889,0.3397757112979889,0.33463671803474426,0.33463671803474426,0.7225509881973267,0.08945508301258087,-0.06438396871089935,0.08705411851406097,0.08973929286003113,0.3396797776222229,0.3396797776222229,0.33568745851516724,0.33568745851516724,0.7346370220184326,0.09597725421190262,-0.07348579913377762,0.0865597203373909,0.08862297236919403,10.564172983169556,0.0,0.003999948501586914,0,0,0.12833745777606964,0.13088205456733704,0.5013242363929749,3,-0.6887057802962303,,4.0,3.5,8.0,3.8,3.2,4.0,0.15,0.12,3.0,1.9821333116335424,-0.031063530801841762,0.0054849448563106685,0.014200351376295859,0.12833745777606964,0.13088205456733704,0.5013242363929749,-0.04756621658576097,0.006374329527313154,0.035087065876638665,-0.21522360082400072,-0.45437956639503907,-3.159301709582125,1.0,0.9995024862090103,0.0,roll,0.0,0.0,0.0,0.0,0,7.072173118591309,dwell_a,1.2,0.004548733995761722,1,-0.13311516370428278,0.19441004385866803,0.12763812014033005,0.21082093497029827,-0.20788675541005794,0.2819243006490822,0.2888378500861255,0.2734885709424935
12.19217300415039,direct_px4_equiv,1,1,14,0,0,0,0,1,-0.027989502996206284,0.08322448283433914,1.471020758152008,0.004474985413253307,0.476088285446167,0.04435185715556145,-1.6568297941285453,-0.4501729550237636,-7.323622271674777,-0.4503048031725746,-0.0067696948535740376,0.0009479137370362878,1.5,0.0,0.0,0.0,0.0,0.0,0.0,0.0,0.0,-5.937107500558976,1.9171111878496008,-11.036217260056198,44.15403863765594,-0.16780101355178104,0.31350276699540935,2.882394969782294,19.892787835299067,20.377598388716095,6.468919726126564,0.016,0.016,fixed_switch,0.33862096071243286,0.33862096071243286,0.3344477117061615,0.3344477117061615,0.7115411162376404,0.0851544737815857,-0.05553434416651726,0.0872858539223671,0.08947020769119263,0.3400414288043976,0.3400414288043976,0.3346298635005951,0.3346298635005951,0.7230108380317688,0.09115127474069595,-0.06500320136547089,0.08670064061880112,0.08951748162508011,10.588172912597656,0.0,0.003999948501586914,0,0,0.10715676099061966,0.08384290337562561,0.43055760860443115,3,-0.6887057802962303,,4.0,3.5,8.0,3.8,3.2,4.0,0.15,0.12,3.0,2.2108947355524333,-0.0290088417181795,0.007505720206722534,0.024309532750199023,0.10715676099061966,0.08384290337562561,0.43055760860443115,-0.04828466246597071,0.006537754293121261,0.035573455317280074,-0.16780101355178104,-0.31350276699540935,-2.882394969782294,1.0,0.9995510756353333,0.0,roll,0.0,0.0,0.0,0.0,0,7.096173048019409,dwell_a,1.2,0.009301320002123248,1,-0.1378428654657138,0.2044698237317113,0.13207804582070118,0.2205109181777505,-0.17931256762000242,0.2810789555591907,0.2749517975692575,0.274216593628681
12.21617317199707,direct_px4_equiv,1,1,14,0,0,0,0,1,-0.02744426392018795,0.10219632089138031,1.4718056321144104,-0.0007988562574610114,0.45899057388305664,0.04936174303293228,-1.5536469106652573,-0.4980915757855304,-7.783589106854456,-0.4983503282232606,-0.0067696948535740376,0.0009479137370362878,1.5,0.0,0.0,0.0,0.0,0.0,0.0,0.0,0.0,-5.937107500558976,2.1054594684911105,-10.981767490385847,44.06096952443528,-0.08272276971232155,0.1459409970388118,2.542967759409607,19.975434644116106,20.207961467917677,6.241500351358778,0.02,0.02,fixed_switch,0.337166428565979,0.337166428565979,0.3351626992225647,0.3351626992225647,0.6989218592643738,0.07897733151912689,-0.04531721770763397,0.08759207278490067,0.08863873034715652,0.33764269948005676,0.33764269948005676,0.3353270888328552,0.3353270888328552,0.7029038667678833,0.07942797988653183,-0.04862455651164055,0.08769934624433517,0.0889105349779129,10.612173080444336,0.0,0.004000186920166016,0,0,0.07420355081558228,0.030692625790834427,0.35410311818122864,3,-0.6887057802962303,,4.0,3.5,8.0,3.8,3.2,4.0,0.15,0.12,3.0,2.4690284744792987,-0.027251707891564496,0.008254478752610763,0.03234036786516513,0.07420355081558228,0.030692625790834427,0.35410311818122864,-0.048957146748640566,0.0067294701296643535,0.036273340678868046,-0.08272276971232155,-0.1459409970388118,-2.542967759409607,1.0,0.9995946039935826,0.0,roll,0.0,0.0,0.0,0.0,0,7.120173215866089,dwell_a,1.2,0.012519356998382136,1,-0.13882068834453473,0.20169083144640934,0.1317372889098849,0.2363846071709049,-0.14632290563472702,0.2784667808759051,0.2550066689517819,0.275178613619416
12.240173101425171,direct_px4_equiv,1,1,14,0,0,0,0,1,-0.02720223180949688,0.11426293849945068,1.4724765419960022,-0.00522327795624733,0.445687472820282,0.05519893765449524,-1.4380351438637846,-0.5096633775945686,-8.124560852790953,-0.5100349226169322,-0.0067696948535740376,0.0009479137370362878,1.5,0.0,0.0,0.0,0.0,0.0,0.0,0.0,0.0,-5.937107500558976,2.2298928620275626,-10.862486651100205,43.962035922056074,-0.14765579974983956,0.05326880661870387,1.9405730740111902,19.765189908241464,20.112552457360277,6.109585416958321,0.012,0.012,fixed_switch,0.3363456726074219,0.3363456726074219,0.33334091305732727,0.33334091305732727,0.6914964914321899,0.06533792614936829,-0.02979246899485588,0.08703774213790894,0.0886077731847763,0.3361901044845581,0.3361901044845581,0.3338988423347473,0.3338988423347473,0.6949401497840881,0.07080284506082535,-0.035459235310554504,0.08751602470874786,0.0887167751789093,10.636173009872437,0.0,0.003999948501586914,0,0,0.09184373915195465,0.0015683436067774892,0.23793812096118927,3,-0.6887057802962303,,4.0,3.5,8.0,3.8,3.2,4.0,0.15,0.12,3.0,2.6721415407115754,-0.02526274547009843,0.008413894142753928,0.03828417340836397,0.09184373915195465,0.0015683436067774892,0.23793812096118927,-0.0495834803948536,0.006931888440911376,0.03713678016127612,-0.14765579974983956,-0.05326880661870387,-1.9405730740111902,1.0,0.9996455000399366,0.0,roll,0.0,0.0,0.0,0.0,0,7.1441731452941895,dwell_a,1.2,0.015453822998097166,1,-0.138501529508314,0.21453538957752932,0.13637798038895024,0.2352058551025736,-0.0961956856728716,0.278369540343517,0.21096694724648288,0.2734371389716675
12.264173030853271,direct_px4_equiv,1,1,14,0,0,0,0,1,-0.027067087590694427,0.1258324831724167,1.4732609391212463,-0.009266335517168045,0.43118852376937866,0.058029331266880035,-1.3210247227334702,-0.5082990468361163,-8.35199126370865,-0.5087508105183741,-0.0067696948535740376,0.0009479137370362878,1.5,0.0,0.0,0.0,0.0,0.0,0.0,0.0,0.0,-5.937107500558976,2.317207723259034,-10.718243931825484,43.91410862970647,-0.18324226222510817,0.06768410800576434,1.586100405459578,19.616234046555626,20.02403292619248,6.123262957772836,0.016,0.016,fixed_switch,0.335582435131073,0.335582435131073,0.3320443332195282,0.3320443332195282,0.6922701001167297,0.05750485509634018,-0.020441697910428047,0.08624196797609329,0.08808152377605438,0.33583366870880127,0.33583366870880127,0.3333122134208679,0.3333122134208679,0.686526894569397,0.06241524964570999,-0.02561124972999096,0.086628757417202,0.08793877065181732,10.660172939300537,0.0,0.003999948501586914,0,0,0.10038094967603683,0.00624903803691268,0.16844980418682098,3,-0.6887057802962303,,4.0,3.5,8.0,3.8,3.2,4.0,0.15,0.12,3.0,2.8041276626391296,-0.023237301493227953,0.008383072553741207,0.04224358906308402,0.10038094967603683,0.00624903803691268,0.16844980418682098,-0.05016042230693911,0.007134260521742209,0.03811471590891791,-0.18324226222510817,-0.06768410800576434,-1.586100405459578,1.0,0.9996948759561269,0.0,roll,0.0,0.0,0.0,0.0,0,7.16817307472229,dwell_a,1.2,0.0006021859953762032,1,-0.1218976301117484,0.2253176006963781,0.1411091804939997,0.23858535728044492,-0.06600336373420396,0.27671626070704247,0.1856750792206314,0.2709371281708188
12.288172960281372,direct_px4_equiv,1,1,14,0,0,0,0,1,-0.027098925784230232,0.1524503082036972,1.4756723046302795,-0.0176036786288023,0.3911176025867462,0.06607579439878464,-1.2146881056124739,-0.49368834009148677,-8.472580096862284,-0.4941720576332125,-0.0067696948535740376,0.0009479137370362878,1.5,0.0,0.0,0.0,0.0,0.0,0.0,0.0,0.0,-5.937107500558976,2.4139204312224143,-10.40862890562262,43.71481367645454,-0.14284592957253142,-0.04784762142201443,1.0785291623355635,19.58136455653899,19.803570240449158,5.947449649169836,0.012,0.012,fixed_switch,0.33367419242858887,0.33367419242858887,0.3317401111125946,0.3317401111125946,0.6822593808174133,0.046221740543842316,-0.007009037304669619,0.0846448764204979,0.08562912791967392,0.3343462646007538,0.3343462646007538,0.3324005901813507,0.3324005901813507,0.686182975769043,0.05514596030116081,-0.016543637961149216,0.085536427795887,0.08653560280799866,10.684172868728638,0.0,0.003999948501586914,0,0,0.08361423760652542,-0.029183702543377876,0.07751081138849258,3,-0.6887057802962303,,4.0,3.5,8.0,3.8,3.2,4.0,0.15,0.12,3.0,2.859032007956768,-0.021385146235156572,0.008144837811557882,0.044337149353168646,0.08361423760652542,-0.029183702543377876,0.07751081138849258,-0.050691603366579206,0.007331778508835069,0.03916123088314882,-0.14284592957253142,0.04784762142201443,-1.0785291623355635,1.0,0.9997381685700627,0.0,roll,0.0,0.0,0.0,0.0,0,7.192173004150391,dwell_a,1.2,0.004591424003592692,1,-0.11069303168475794,0.22496469417677137,0.14452532273378108,0.23869101548709024,-0.02263119434294189,0.26901184024808206,0.1492434851412428,0.2659197261251177
12.308173179626465,direct_px4_equiv,1,1,14,0,0,0,0,1,-0.027360061183571815,0.166664719581604,1.4773295521736145,-0.020788177847862244,0.3638666868209839,0.07164650410413742,-1.1395489960355942,-0.4600992939884606,-8.500535553872755,-0.46056010776637524,-0.0067696948535740376,0.0009479137370362878,1.5,0.0,0.0,0.0,0.0,0.0,0.0,0.0,0.0,-5.937107500558976,2.410451680838978,-10.134167111002288,43.58039459861581,-0.09420419692060697,-0.07078575478931386,0.7553818041085919,19.565108136816537,19.59654431191858,5.899208777524386,0.012,0.012,fixed_switch,0.3318725824356079,0.3318725824356079,0.331598162651062,0.331598162651062,0.6794867515563965,0.038542490452528,0.0009949272498488426,0.08325134962797165,0.08338826149702072,0.33372676372528076,0.33372676372528076,0.331712543964386,0.331712543964386,0.6822600960731506,0.046277519315481186,-0.0071510737761855125,0.08442418277263641,0.08544661104679108,10.70417308807373,0.0,0.004000186920166016,0,0,0.0653003379702568,-0.03525957465171814,0.021603276953101158,3,-0.6887057802962303,,4.0,3.5,8.0,3.8,3.2,4.0,0.15,0.12,3.0,2.8468622908962544,-0.020063029848926224,0.007582951532909411,0.04481378949587003,0.0653003379702568,-0.03525957465171814,0.021603276953101158,-0.05110327166648373,0.007488866708305665,0.0400553837902568,-0.09420419692060697,0.07078575478931386,-0.7553818041085919,1.0,0.9997699868472546,0.0,roll,0.0,0.0,0.0,0.0,0,7.212173223495483,dwell_a,1.2,0.004814280997379683,1,-0.09661129249327421,0.23383339254898883,0.14472830919337046,0.24364370965873586,0.003212479831078384,0.2619719430496191,0.12444826996487728,0.2615418352693392
12.332173109054565,direct_px4_equiv,1,1,14,0,0,0,0,1,-0.027608340606093407,0.17543889582157135,1.4784711003303528,-0.021884016692638397,0.3443412780761719,0.07105658948421478,-1.038778226241067,-0.39323119153224545,-8.457617055511585,-0.39361195306251157,-0.0067696948535740376,0.0009479137370362878,1.5,0.0,0.0,0.0,0.0,0.0,0.0,0.0,0.0,-5.937107500558976,2.346531740837381,-9.884453914527324,43.580839203212,-0.10240446495591111,-0.12299419235644383,0.448223443128997,19.556065025703766,19.561234341861372,5.830297576868272,0.016,0.016,fixed_switch,0.331564337015152,0.331564337015152,0.3315191864967346,0.3315191864967346,0.6755064129829407,0.03036036714911461,0.008089091628789902,0.08130348473787308,0.08132544904947281,0.33192673325538635,0.33192673325538635,0.33156919479370117,0.33156919479370117,0.6793795824050903,0.03832355886697769,0.0008741116616874933,0.0829881951212883,0.08316603302955627,10.728173017501831,0.0,0.003999948501586914,0,0,0.06520494073629379,-0.04956771060824394,-0.02862483821809292,3,-0.6887057802962303,,4.0,3.5,8.0,3.8,3.2,4.0,0.15,0.12,3.0,2.7576125043822004,-0.018276300394755723,0.00646248130498109,0.04404777977749565,0.06520494073629379,-0.04956771060824394,-0.02862483821809292,-0.051559479367587126,0.007654868920406935,0.041122738372899904,-0.10240446495591111,0.12299419235644383,-0.448223443128997,1.0,0.9998121065841339,0.0,roll,0.0,0.0,0.0,0.0,0,7.236173152923584,dwell_a,1.2,0.008355322002898902,1,-0.08109416562161928,0.23315866653141026,0.13988771041546702,0.24002530497695973,0.026118537204535806,0.2554914443982748,0.09802934620699001,0.25542241953410877
12.356173038482666,direct_px4_equiv,1,1,14,0,0,0,0,1,-0.028066104277968407,0.1875295639038086,1.4802709221839905,-0.022861042991280556,0.31323859095573425,0.07481766492128372,-0.9238455681350044,-0.3144682373253681,-8.353351128810788,-0.314748078689708,-0.0067696948535740376,0.0009479137370362878,1.5,0.0,0.0,0.0,0.0,0.0,0.0,0.0,0.0,-5.937107500558976,2.2452470792667834,-9.48768991861331,43.48305321623409,-0.1280292165354995,-0.13201789855487991,0.19074296967412954,19.43884058417423,19.485936383767505,5.803499221300608,0.02,0.02,fixed_switch,0.33090612292289734,0.33090612292289734,0.3304937779903412,0.3304937779903412,0.6739522218704224,0.02315375953912735,0.013700082898139954,0.07827907055616379,0.07847265899181366,0.3315906226634979,0.3315906226634979,0.33150479197502136,0.33150479197502136,0.6754412651062012,0.03016461245715618,0.008072498254477978,0.08117108792066574,0.08121278882026672,10.752172946929932,0.0,0.003999948501586914,0,0,0.07048143446445465,-0.05005444958806038,-0.06790470331907272,3,-0.6887057802962303,,4.0,3.5,8.0,3.8,3.2,4.0,0.15,0.12,3.0,2.6082030153191815,-0.01623604431105619,0.005147141786103921,0.04221099259211659,0.07048143446445465,-0.05005444958806038,-0.06790470331907272,-0.051971917060901936,0.0077923597268039005,0.042155813860260696,-0.1280292165354995,0.13201789855487991,-0.19074296967412954,1.0,0.999854948892554,0.0,roll,0.0,0.0,0.0,0.0,0,7.260173082351685,dwell_a,1.2,0.012554462999105453,1,-0.06386162133586465,0.22339469607364948,0.13204830272074575,0.24388940459688585,0.04423563614494457,0.246529124266502,0.07476022605648179,0.24592095960458846
12.380172967910767,direct_px4_equiv,1,1,14,0,0,0,0,1,-0.028460875153541565,0.19470712542533875,1.481546700000763,-0.022736625745892525,0.29077237844467163,0.07339204847812653,-0.8133563408046016,-0.24593401593752404,-8.20841345864796,-0.2461273951898468,-0.0067696948535740376,0.0009479137370362878,1.5,0.0,0.0,0.0,0.0,0.0,0.0,0.0,0.0,-5.937107500558976,2.139462437138742,-9.158762707256182,43.49348035548537,-0.1376877371750437,-0.13236242799919562,-0.07423922826705545,19.40243771398625,19.444803702792385,5.802686633302432,0.012,0.012,fixed_switch,0.3305460214614868,0.3305460214614868,0.3301747143268585,0.3301747143268585,0.6739050149917603,0.015694521367549896,0.019432218745350838,0.07567495852708817,0.07584339380264282,0.3311311900615692,0.3311311900615692,0.329684853553772,0.329684853553772,0.6731171607971191,0.017957014963030815,0.017809424549341202,0.07580006867647171,0.07645941525697708,10.776172876358032,0.0,0.003999948501586914,0,0,0.0705564096570015,-0.04813935235142708,-0.10678994655609131,3,-0.6887057802962303,,4.0,3.5,8.0,3.8,3.2,4.0,0.15,0.12,3.0,2.4266636745004235,-0.014277878029557198,0.0040100525214240715,0.03966854057814191,0.0705564096570015,-0.04813935235142708,-0.10678994655609131,-0.052337027794727806,0.007900521567622642,0.0431340011990946,-0.1376877371750437,0.13236242799919562,0.07423922826705545,1.0,0.9998900308379933,0.0,roll,0.0,0.0,0.0,0.0,0,7.284173011779785,dwell_a,1.2,0.016501262005476747,1,-0.04619062139477933,0.21863781182431488,0.12150124254376872,0.229716564260828,0.06274389555674162,0.23826904407817523,0.05067540096868689,0.2377398892450939
12.40017318725586,direct_px4_equiv,1,1,14,0,0,0,0,1,-0.029027940705418587,0.20461930334568024,1.4834850430488586,-0.02170131541788578,0.25719451904296875,0.07522834092378616,-0.7248618822583277,-0.189914184515687,-8.07503860077336,-0.1900464809399989,-0.0067696948535740376,0.0009479137370362878,1.5,0.0,0.0,0.0,0.0,0.0,0.0,0.0,0.0,-5.937107500558976,2.015715774248581,-8.70660287391282,43.41640204603384,-0.2156447969884901,-0.16861210848731237,-0.15125499003597595,19.22185510486542,19.50007016526239,5.74293161431921,0.012,0.012,fixed_switch,0.3310297727584839,0.3310297727584839,0.32858750224113464,0.32858750224113464,0.6704261302947998,0.012691081501543522,0.020477961748838425,0.07166513800621033,0.07272069901227951,0.33083394169807434,0.33083394169807434,0.3284754157066345,0.3284754157066345,0.6723690032958984,0.014122688211500645,0.01978069730103016,0.07211798429489136,0.07314423471689224,10.796173095703125,0.0,0.004000186920166016,0,0,0.09402977675199509,-0.057784974575042725,-0.11426082998514175,3,-0.6887057802962303,,4.0,3.5,8.0,3.8,3.2,4.0,0.15,0.12,3.0,2.2665638363800253,-0.012710759277359925,0.0030779650703771314,0.03733193367765277,0.09402977675199509,-0.057784974575042725,-0.11426082998514175,-0.05260493735197719,0.007970367627271432,0.043899468188656275,-0.2156447969884901,0.16861210848731237,0.15125499003597595,1.0,0.9999144813661953,0.0,roll,0.0,0.0,0.0,0.0,0,7.304173231124878,dwell_a,1.2,0.016495291005412582,1,-0.02868283385788162,0.21640154654368463,0.11007315672793741,0.223862067633256,0.06612045223583565,0.22845881617124172,0.04097771396623356,0.22514266026890664
12.42417311668396,direct_px4_equiv,1,1,14,0,0,0,0,1,-0.03007478453218937,0.2179386019706726,1.4868281483650208,-0.018184754997491837,0.20088821649551392,0.07628664374351501,-0.654387255961823,-0.13999460469061656,-7.918570742587137,-0.14007836486482755,-0.0067696948535740376,0.0009479137370362878,1.5,0.0,0.0,0.0,0.0,0.0,0.0,0.0,0.0,-5.937107500558976,1.822505666461958,-7.9486552795566965,43.30263975748105,-0.09749929763299738,-0.12323040600418353,-0.1776765150036575,19.221044454868846,19.178218826281103,5.783146088680536,0.016,0.016,fixed_switch,0.32820284366607666,0.32820284366607666,0.3285803496837616,0.3285803496837616,0.6727693676948547,0.010600469075143337,0.01945354789495468,0.06644527614116669,0.06629505008459091,0.3297404944896698,0.3297404944896698,0.32881665229797363,0.32881665229797363,0.6724163889884949,0.01168843638151884,0.020177625119686127,0.06971949338912964,0.07010636478662491,10.820173025131226,0.0,0.003999948501586914,0,0,0.052446264773607254,-0.042295485734939575,-0.11231111735105515,3,-0.6887057802962303,,4.0,3.5,8.0,3.8,3.2,4.0,0.15,0.12,3.0,2.0921616665363993,-0.011461680949153242,0.00224548220714233,0.03459469265714078,0.052446264773607254,-0.042295485734939575,-0.11231111735105515,-0.052891386453766565,0.008031077834248388,0.04475662581698453,-0.09749929763299738,0.12323040600418353,0.1776765150036575,1.0,0.9999317938344364,0.0,roll,0.0,0.0,0.0,0.0,0,7.3281731605529785,dwell_a,1.2,0.0007780039959470741,1,-0.0004228836414255317,0.19952705685767994,0.08433731865820995,0.21216594506905362,0.06281276843698752,0.20827204722774895,0.03422742136121086,0.2087439928690727
12.44817304611206,direct_px4_equiv,1,1,14,0,0,0,0,1,-0.030464639887213707,0.22225771844387054,1.4881561398506165,-0.016328906640410423,0.1770828366279602,0.06792852282524109,-0.5672183505555829,-0.10403280284548747,-7.786842340744582,-0.10408701909650603,-0.0067696948535740376,0.0009479137370362878,1.5,0.0,0.0,0.0,0.0,0.0,0.0,0.0,0.0,-5.937107500558976,1.7140906419684894,-7.567741722926611,43.425852359021846,-0.09313715696709243,-0.1441756651754795,-0.07979332121326223,19.236609230352066,19.210267004354026,5.770899884092853,0.012,0.012,fixed_switch,0.3284853994846344,0.3284853994846344,0.3287174701690674,0.3287174701690674,0.6720566749572754,0.012108348309993744,0.01606570929288864,0.06311057507991791,0.06302300095558167,0.3275924324989319,0.3275924324989319,0.32852187752723694,0.32852187752723694,0.6773020625114441,0.010677613317966461,0.018958019092679024,0.06634677946567535,0.06597775965929031,10.844172954559326,0.0,0.003999948501586914,0,0,0.04840976372361183,-0.04786594212055206,-0.09025541692972183,3,-0.6887057802962303,,4.0,3.5,8.0,3.8,3.2,4.0,0.15,0.12,3.0,1.9380286784607272,-0.00992779972427884,0.001655661621720322,0.032291142200546685,0.04840976372361183,-0.04786594212055206,-0.09025541692972183,-0.05314292208197934,0.008074851940650538,0.045553749018085794,-0.09313715696709243,0.1441756651754795,0.07979332121326223,1.0,0.9999493487878139,0.0,roll,0.0,0.0,0.0,0.0,0,7.352173089981079,dwell_a,1.2,0.004634614997485187,1,0.006716360927108834,0.1856114040427799,0.07713489133982801,0.19805603476806685,0.051873911146749614,0.19799260437524463,0.039096150719997017,0.19826771505681534
12.472172975540161,direct_px4_equiv,1,1,14,0,0,0,0,1,-0.03100442886352539,0.22766853868961334,1.4900408387184143,-0.013583671301603317,0.14345824718475342,0.07392305135726929,-0.49361266016003996,-0.07433754528624385,-7.685931748572918,-0.0743721849411014,-0.0067696948535740376,0.0009479137370362878,1.5,0.0,0.0,0.0,0.0,0.0,0.0,0.0,0.0,-5.937107500558976,1.5849176104625797,-7.047767456101068,43.268333373818024,-0.07060658425014363,-0.02298398121025603,0.003720992957557784,19.058746738145494,18.9966941775678,5.904804879033356,0.016,0.016,fixed_switch,0.32659798860549927,0.32659798860549927,0.3271474540233612,0.3271474540233612,0.6798089742660522,0.013245380483567715,0.013014085590839386,0.059390418231487274,0.059194788336753845,0.32851356267929077,0.32851356267929077,0.32871028780937195,0.32871028780937195,0.671990156173706,0.011761920526623726,0.016183769330382347,0.06300348043441772,0.06292936950922012,10.868172883987427,0.0,0.003999948501586914,0,0,0.03850290924310684,-0.009192274883389473,-0.07195580750703812,3,-0.6887057802962303,,4.0,3.5,8.0,3.8,3.2,4.0,0.15,0.12,3.0,1.8189739942337526,-0.008633934075149714,0.0011657981364608745,0.030526854860949307,0.03850290924310684,-0.009192274883389473,-0.07195580750703812,-0.05336597720302063,0.008108856882429256,0.0463026428104977,-0.07060658425014363,0.02298398121025603,-0.003720992957557784,1.0,0.9999620480471116,0.0,roll,0.0,0.0,0.0,0.0,0,7.37617301940918,dwell_a,1.2,0.008557178996852599,1,0.011360011746519372,0.18879441320680534,0.07329330759702149,0.20627453166645876,0.04202064802382049,0.18596591338998064,0.0427674673122022,0.18658050610061117
12.49617314338684,direct_px4_equiv,1,1,14,0,0,0,0,1,-0.03149828314781189,0.2318461388349533,1.491849958896637,-0.010718170553445816,0.10887502878904343,0.07206279039382935,-0.40150705072216974,-0.07297770952766773,-7.623311946014144,-0.07300931807326651,-0.0067696948535740376,0.0009479137009708442,1.5,0.0,-6.246910132529586e-07,0.0,0.0,-0.007213011604570427,0.0,0.0,0.0,-5.937107500558976,1.480005762318419,-6.50832362073385,43.254359143117156,-0.15178956043814365,0.03427407154272336,0.21609534334613356,18.82557771686782,19.05152863654601,5.975581087750539,0.02,0.02,fixed_switch,0.3270835876464844,0.3270835876464844,0.3250781297683716,0.3250781297683716,0.6838710308074951,0.017620587721467018,0.006891914643347263,0.05463792383670807,0.05530034378170967,0.3266283869743347,0.3266283869743347,0.327128142118454,0.327128142118454,0.6797472834587097,0.013083120808005333,0.01300937682390213,0.05925391986966133,0.05907638370990753,10.892173051834106,0.0,0.004000186920166016,0,0,0.06282214820384979,0.008675639517605305,-0.03338504955172539,3,-0.6887057802962303,,4.0,3.5,8.0,3.8,3.2,4.0,0.15,0.12,3.0,1.735127991994489,-0.007025586810749253,0.0011704432727205193,0.02943303200177102,0.06282214820384979,0.008675639517605305,-0.03338504955172539,-0.053550996223695684,0.008135019510220732,0.04701875218788192,-0.15178956043814365,-0.03427407154272336,-0.21609534334613356,1.0,0.9999746355966519,0.0,roll,0.0,0.0,0.0,0.0,0,7.400173187255859,a_to_c,1.2,0.012721806000627112,1,0.011619112937763876,0.17442517781898256,0.07027349184222344,0.19322045525679127,0.02225302133827642,0.17373115899595223,0.05689439738133074,0.17165010467198188
12.520173072814941,direct_px4_equiv,1,1,14,0,0,0,0,1,-0.03182082250714302,0.23393698036670685,1.4930434823036194,-0.008744336664676666,0.08639197796583176,0.06728628277778625,-0.40513541514116796,-0.11068061629380581,-7.593961407717443,-0.11072691563164237,-0.0067696948535740376,0.0008527614324930338,1.5,0.0,-0.011688218940559677,0.0,0.0,-0.9471619267751983,0.0,0.0,0.0,-5.937107500558976,2.022861453390353,-10.567461801118474,43.26868121176296,0.15894109390827885,0.12270689616036021,0.31830160793432716,19.759353413268702,18.94755199000573,6.101710822223077,0.012,0.012,fixed_switch,0.3261622190475464,0.3261622190475464,0.3332902193069458,0.3332902193069458,0.6910507678985596,0.025452515110373497,0.008608503267168999,0.08995683491230011,0.08616583794355392,0.3287907540798187,0.3287907540798187,0.32698073983192444,0.32698073983192444,0.6839210391044617,0.020849915221333504,0.007478406187146902,0.06967456638813019,0.07043725252151489,10.916172981262207,0.0,0.003999948501586914,0,0,-0.040647514164447784,0.03511000797152519,-0.014815056696534157,3,-0.6887057802962303,,4.0,3.5,8.0,3.8,3.2,4.0,0.15,0.12,3.0,1.7096295788142788,-0.0070981193862417885,0.0018292932511184302,0.028923178715485793,-0.040647514164447784,0.03511000797152519,-0.014815056696534157,-0.05371205491196291,0.008170013199770235,0.0477171151772649,0.15894109390827885,-0.12270689616036021,-0.31830160793432716,1.0,0.9999731351955573,0.0,roll,0.0,0.0,0.0,0.0,0,7.42417311668396,a_to_c,1.2,0.01675528600026155,1,0.01133389492932071,0.16749731015156505,0.07029678955006015,0.18182202532251127,0.027795645094405724,0.2706979530309782,0.08218258271079439,0.28260772419424757
12.544173002243042,direct_px4_equiv,1,1,14,0,0,0,0,1,-0.03250757232308388,0.23690557479858398,1.4960017800331116,-0.005548745393753052,0.021610096096992493,0.07232402265071869,-0.5471732951065783,-0.2210744153369549,-7.608929472223205,-0.2211685384027531,-0.0067696948535740376,0.00021757497571337652,1.5,0.0,-0.04454294860430014,0.0,0.0,-1.771946142568237,0.0,0.0,0.0,-5.937107500558976,2.501977267321557,-13.882515612079944,43.01080129651147,0.38134413450921123,0.22431640982596393,0.48667890980195455,20.472746545536808,18.97801911456485,6.206731144908774,0.016,0.016,fixed_switch,0.326432466506958,0.326432466506958,0.3394341468811035,0.3394341468811035,0.6969724297523499,0.03493862226605415,0.008259719237685204,0.1191883310675621,0.11010514199733734,0.3251965045928955,0.3251965045928955,0.33599281311035156,0.33599281311035156,0.6953418254852295,0.028279203921556473,0.00868954136967659,0.10069543123245239,0.09431667625904083,10.940172910690308,0.0,0.003999948501586914,0,0,-0.11051123589277267,0.063666932284832,0.013186393305659294,3,-0.6887057802962303,,4.0,3.5,8.0,3.8,3.2,4.0,0.15,0.12,3.0,1.773912553691275,-0.009605194599819337,0.0037186972002907566,0.029195798044108816,-0.11051123589277267,0.063666932284832,0.013186393305659294,-0.05391846115045415,0.00823790927644753,0.04841271114862247,0.38134413450921123,-0.22431640982596393,-0.48667890980195455,1.0,0.9999469557645502,0.0,roll,0.0,0.0,0.0,0.0,0,7.4481730461120605,a_to_c,1.2,0.0007394030035356991,1,0.018272704221711036,0.28654715960320565,0.07633006368366171,0.31400410927174155,0.02666946971227409,0.34590550345868465,0.11281189379532343,0.3744411880448752
12.568173170089722,direct_px4_equiv,1,1,14,0,0,0,0,1,-0.03277048468589783,0.23684178292751312,1.4971778988838196,-0.005678541027009487,-0.020129386335611343,0.06653816998004913,-0.5431317483317578,-0.3386977666917247,-7.712020085287158,-0.33886031659839116,-0.0067696948535740376,-0.0014329718348758212,1.5,0.0,-0.09585906114361685,0.0,0.0,-2.4863721814814244,0.0,0.0,0.0,-5.937107500558976,3.0791705045052487,-17.255009915431664,43.034706152495104,-0.024711150271568123,0.3481681058311275,0.962590999045452,20.530323750829734,20.20656971866631,6.380808151367596,0.012,0.012,fixed_switch,0.33715447783470154,0.33715447783470154,0.3399253189563751,0.3399253189563751,0.7066786289215088,0.05104687064886093,0.0013484840746968985,0.14041736721992493,0.13805140554904938,0.33375510573387146,0.33375510573387146,0.33949682116508484,0.33949682116508484,0.6953869462013245,0.044894397258758545,0.0032425092067569494,0.13190998136997223,0.12736263871192932,10.964173078536987,0.0,0.004000186920166016,0,0,0.02531307376921177,0.09876061975955963,0.08936478942632675,3,-0.6887057802962303,,4.0,3.5,8.0,3.8,3.2,4.0,0.15,0.12,3.0,1.888302863797423,-0.009569779449061127,0.005763786994301499,0.031004360323236158,0.02531307376921177,0.09876061975955963,0.08936478942632675,-0.054154008648744756,0.00835055511010831,0.049135229605436155,-0.024711150271568123,-0.3481681058311275,-0.962590999045452,1.0,0.999937599045603,0.0,roll,0.0,0.0,0.0,0.0,0,7.47217321395874,a_to_c,1.2,0.004607393995684106,1,0.017883417845770987,0.32051831765246924,0.0901051794512642,0.3694192543769544,0.004354065039563612,0.43370129502734805,0.1648231576331799,0.4411341802460758
12.592173099517822,direct_px4_equiv,1,1,14,0,0,0,0,1,-0.03317459672689438,0.23522229492664337,1.4989290833473206,-0.007284720428287983,-0.09414160996675491,0.06568897515535355,-0.4648210852854399,-0.5231069632012949,-7.91510657708307,-0.5234187937913749,-0.0067696948535740376,-0.0045105829020827895,1.5,0.0,-0.16304436943744535,0.0,0.0,-3.0952258466372014,0.0,0.0,0.0,-5.937107500558976,3.672342269760938,-19.809315991710914,42.97573312168141,-0.21085865870776663,0.4143388962910958,1.3827015078429985,20.831317141281325,21.075312076718685,6.468831370057913,0.016,0.016,fixed_switch,0.34454071521759033,0.34454071521759033,0.3424818515777588,0.3424818515777588,0.7115362882614136,0.06594470143318176,-0.004374361597001553,0.15573345124721527,0.15772183239459991,0.33954817056655884,0.33954817056655884,0.34242695569992065,0.34242695569992065,0.7072539329528809,0.05352197587490082,0.003015375230461359,0.14963096380233765,0.14700596034526825,10.988173007965088,0.0,0.003999948501586914,0,0,0.08575581759214401,0.11362291127443314,0.15199176967144012,3,-0.6887057802962303,,4.0,3.5,8.0,3.8,3.2,4.0,0.15,0.12,3.0,2.1001249089154603,-0.008268927455263,0.008988445469011603,0.03455726994515249,0.08575581759214401,0.11362291127443314,0.15199176967144012,-0.0543643672405927,0.008532283750981343,0.04992580611245706,-0.21085865870776663,-0.4143388962910958,-1.3827015078429985,1.0,0.9999254163502179,0.0,roll,0.0,0.0,0.0,0.0,0,7.496173143386841,a_to_c,1.2,0.009161679001408629,1,0.018410608022318333,0.37529700923534637,0.11659459994198264,0.4156440079901842,-0.01412419762196165,0.49549775181173183,0.21292615857570504,0.48925106971799953
12.616173028945923,direct_px4_equiv,1,1,14,0,0,0,0,1,-0.0335846021771431,0.23136837780475616,1.5008333325386047,-0.00875066313892603,-0.18359211087226868,0.07669082283973694,-0.3051709285859306,-0.7138875381752858,-8.22870232662316,-0.7144588497539335,-0.0067696948535740376,-0.009366196891107669,1.5,0.0,-0.24362334905086994,0.0,0.0,-3.6033147330697792,0.0,0.0,0.0,-5.937107500558976,4.255344299937285,-21.80012460143515,42.73490406411663,-0.3277065091837864,0.6280418335673689,1.84668058739309,21.001178664223765,21.672498339711947,6.723701217423666,0.02,0.02,fixed_switch,0.3495301306247711,0.3495301306247711,0.3439164161682129,0.3439164161682129,0.725417971611023,0.08240820467472076,-0.011567812412977219,0.16774997115135193,0.17370353639125824,0.345806747674942,0.345806747674942,0.34375858306884766,0.34375858306884766,0.7119348645210266,0.06733758747577667,-0.0035304734483361244,0.15973122417926788,0.1617623269557953,11.012172937393188,0.0,0.003999948501586914,0,0,0.12158222496509552,0.17428554594516754,0.2174249291419983,3,-0.6887057802962303,,4.0,3.5,8.0,3.8,3.2,4.0,0.15,0.12,3.0,2.421322660265971,-0.00557421175185476,0.012350567659663705,0.04002546588826664,0.12158222496509552,0.17428554594516754,0.2174249291419983,-0.054525842789298326,0.008800529250899173,0.05082800669225831,-0.3277065091837864,-0.6280418335673689,-1.84668058739309,1.0,0.999908195815414,0.0,roll,0.0,0.0,0.0,0.0,0,7.520173072814941,a_to_c,1.2,0.011395396002626512,1,0.023578957052504703,0.4379662573891447,0.14934047747792104,0.46190355626539115,-0.03735083786133969,0.5457057351041757,0.26608449045965993,0.5270020593565472
12.640172958374023,direct_px4_equiv,1,1,14,0,0,0,0,1,-0.033893853425979614,0.22718799114227295,1.5019963383674622,-0.008916701190173626,-0.25314876437187195,0.0629187673330307,-0.13561117483009588,-0.6643037674612529,-8.642661764941852,-0.6650450210652471,-0.0067696948535740376,-0.016292701676024438,1.5,0.0,-0.33523525172820856,0.0,0.0,-4.015438798436143,0.0,0.0,0.0,-5.937107500558976,4.727269935752047,-23.90453694340607,42.99717500633116,-0.3864512264906641,-0.2424695810837126,2.514219244740783,22.12802082869148,23.113531007927076,5.635485440501737,0.012,0.012,fixed_switch,0.3612939119338989,0.3612939119338989,0.353289932012558,0.353289932012558,0.6641249656677246,0.09828025847673416,-0.02406899258494377,0.17299267649650574,0.18162938952445984,0.3544718623161316,0.3544718623161316,0.3471052348613739,0.3471052348613739,0.702898383140564,0.09248567372560501,-0.021062541753053665,0.1665850281715393,0.17429324984550476,11.036172866821289,0.0,0.003999948501586914,0,0,0.13174942135810852,-0.09672806411981583,0.3141482472419739,3,-0.6887057802962303,,4.0,3.5,8.0,3.8,3.2,4.0,0.15,0.12,3.0,2.7899607882389326,-0.002639880030743559,0.011535106890205496,0.0472293306604103,0.13174942135810852,-0.09672806411981583,0.3141482472419739,-0.054618781608358355,0.009097238004948592,0.05188665058321759,-0.3864512264906641,0.2424695810837126,-2.514219244740783,1.0,0.9999299861645653,0.0,roll,0.0,0.0,0.0,0.0,0,7.544173002243042,a_to_c,1.2,0.01676743899588473,1,0.013103621487691864,0.5000915208629041,0.1868774435303229,0.489273025815093,-0.07771538604862108,0.570605565670502,0.3173331061299258,0.543472544665785
12.660173177719116,direct_px4_equiv,1,1,14,0,0,0,0,1,-0.0341738723218441,0.22188176214694977,1.5029919743537903,-0.006570696365088224,-0.3264833092689514,0.04373158514499664,0.0072288774637578705,-0.5845297246465373,-9.045070305560852,-0.5853907517343021,-0.0067696948535740376,-0.02381985938463355,1.5,0.0,-0.4183841082410336,0.0,0.0,-4.289035369157601,0.0,0.0,0.0,-5.937107500558976,5.035545173763033,-25.19584417455858,43.368330450850024,-0.42012144796250184,-0.19179423726198103,2.881662813546282,22.594605734278257,23.77055432829495,5.757272493285033,0.012,0.012,fixed_switch,0.3665355443954468,0.3665355443954468,0.3571011424064636,0.3571011424064636,0.6712626814842224,0.10793807357549667,-0.030569979920983315,0.17780064046382904,0.18826359510421753,0.3614139258861542,0.3614139258861542,0.3545275926589966,0.3545275926589966,0.6674220561981201,0.10109386593103409,-0.02718031033873558,0.17079304158687592,0.17806151509284973,11.056173086166382,0.0,0.004000186920166016,0,0,0.13895873725414276,-0.07881930470466614,0.3597610890865326,3,-0.6887057802962303,,4.0,3.5,8.0,3.8,3.2,4.0,0.15,0.12,3.0,3.162411322465972,-0.00015054441752778742,0.01020159426339765,0.05423617987031688,0.13895873725414276,-0.07881930470466614,0.3597610890865326,-0.054641271664145535,0.009314001824342171,0.05291401077792016,-0.42012144796250184,0.19179423726198103,-2.881662813546282,1.0,0.9999479524034923,0.0,roll,0.0,0.0,0.0,0.0,0,7.564173221588135,a_to_c,1.2,0.01670689599995967,1,-0.007149672013376266,0.5191158708178432,0.20554930830123763,0.5058616126613489,-0.09870615824665052,0.591447543603821,0.3485168393301514,0.5585771643150972
12.684173107147217,direct_px4_equiv,1,1,14,0,0,0,0,1,-0.03493155911564827,0.20243343710899353,1.5056434273719788,-0.00852789543569088,-0.5262647271156311,0.0695626363158226,0.12992562599598265,-0.5539277926303535,-9.56919345347284,-0.5550425539160385,-0.0067696948535740376,-0.0351221922193723,1.5,0.0,-0.5244740244837411,0.0,0.0,-4.537689503517991,0.0,0.0,0.0,-5.937107500558976,5.173144703294157,-24.437182445112782,42.85985330517212,-0.21659709751763595,0.03626275559830034,3.2110485818343686,22.362109690185978,23.218654733344152,5.986733724036666,0.016,0.016,fixed_switch,0.3621375262737274,0.3621375262737274,0.35520699620246887,0.35520699620246887,0.6845089197158813,0.11986174434423447,-0.03777419030666351,0.17639875411987305,0.18400102853775024,0.3621104955673218,0.3621104955673218,0.3549428880214691,0.3549428880214691,0.6714304685592651,0.11138685792684555,-0.03374024108052254,0.1733318567276001,0.18103355169296265,11.080173015594482,0.0,0.003999948501586914,0,0,0.06931718438863754,-0.0061782305128872395,0.39370155334472656,3,-0.6887057802962303,,4.0,3.5,8.0,3.8,3.2,4.0,0.15,0.12,3.0,3.675744053481345,0.001960084934199024,0.009734825730344171,0.06336950792606076,0.06931718438863754,-0.0061782305128872395,0.39370155334472656,-0.05461457515003585,0.009549894757652751,0.054342026289139415,-0.21659709751763595,-0.03626275559830034,-3.2110485818343686,1.0,0.9999506956165481,0.0,roll,0.0,0.0,0.0,0.0,0,7.588173151016235,a_to_c,1.2,0.0008566010001231916,1,-0.03606214295358928,0.569056731678047,0.24970259607196724,0.5372870990231725,-0.12196753429948108,0.5780563002866208,0.3870166877569481,0.5541730250586319
12.708173036575317,direct_px4_equiv,1,1,14,0,0,0,0,1,-0.03553280979394913,0.18591901659965515,1.5076375603675842,-0.011208735406398773,-0.6543658971786499,0.08423855900764465,0.24243398167794036,-0.6074055859895494,-10.126552916767364,-0.6090327242348225,-0.0067696948535740376,-0.049034265345709406,1.5,0.0,-0.6355336467974523,0.0,0.0,-4.703978752470966,0.0,0.0,0.0,-5.937107500558976,5.568400605447173,-24.70599862359687,42.56272274881192,-0.16618842953663532,0.1947817520959287,3.4413804234168546,22.32517813099856,23.22467771979158,6.158981597648886,0.012,0.012,fixed_switch,0.3621858060359955,0.3621858060359955,0.35490521788597107,0.35490521788597107,0.6942862868309021,0.1297149509191513,-0.04058635234832764,0.17851842939853668,0.18663986027240753,0.36579859256744385,0.36579859256744385,0.3584265112876892,0.3584265112876892,0.6853397488594055,0.12424928694963455,-0.03618098422884941,0.1835448443889618,0.19198369979858398,11.104172945022583,0.0,0.003999948501586914,0,0,0.05067415535449982,0.04177891090512276,0.40964311361312866,3,-0.6887057802962303,,4.0,3.5,8.0,3.8,3.2,4.0,0.15,0.12,3.0,4.238893053170452,0.0038408916908033164,0.01074872697511872,0.07307973331053459,0.05067415535449982,0.04177891090512276,0.40964311361312866,-0.05453812277828581,0.009798889300966776,0.05599838256721373,-0.16618842953663532,-0.1947817520959287,-3.4413804234168546,1.0,0.9999348562065865,0.0,roll,0.0,0.0,0.0,0.0,0,7.612173080444336,a_to_c,1.2,0.004584861999319401,1,-0.045658296835252875,0.5902955897013549,0.27767071010242655,0.5589005363123226,-0.13104761139783824,0.5863464368025875,0.4188312873435748,0.5608321970232593
12.732172966003418,direct_px4_equiv,1,1,14,0,0,0,0,1,-0.036189064383506775,0.16566023230552673,1.509717047214508,-0.013709204271435738,-0.7902257442474365,0.08623640984296799,0.30588138462529896,-0.637574658237586,-10.691030179119029,-0.6397752523589305,-0.0067696948535740376,-0.06565209120435844,1.5,0.0,-0.7496438230675482,0.0,0.0,-4.792703073673511,0.0,0.0,0.0,-5.937107500558976,5.87392413342867,-24.565392375092266,42.46982419156353,-0.1730629405601575,0.14253690869243846,3.6237209931068186,22.28205294946028,23.342267240310402,6.08352335831103,0.016,0.016,fixed_switch,0.36312708258628845,0.36312708258628845,0.3545525074005127,0.3545525074005127,0.6900200843811035,0.13580258190631866,-0.0426739901304245,0.1763835996389389,0.1858440637588501,0.36453354358673096,0.36453354358673096,0.3573307693004608,0.3573307693004608,0.6923800706863403,0.13330897688865662,-0.04015636816620827,0.18293261528015137,0.19116374850273132,11.128172874450684,0.0,0.003999948501586914,0,0,0.05078645795583725,0.024423595517873764,0.41721779108047485,3,-0.6887057802962303,,4.0,3.5,8.0,3.8,3.2,4.0,0.15,0.12,3.0,4.80451700139905,0.004872447088885631,0.011339514679820303,0.08291656110202406,0.05078645795583725,0.024423595517873764,0.41721779108047485,-0.054430166254233525,0.010066666025858326,0.057890226533275566,-0.1730629405601575,-0.14253690869243846,-3.6237209931068186,1.0,0.999923837332923,0.0,roll,0.0,0.0,0.0,0.0,0,7.6361730098724365,a_to_c,1.2,0.007785797002725303,1,-0.05964589026205274,0.6133437398605761,0.30304015208787255,0.5821718177282746,-0.13778830313445706,0.5838463306163513,0.4384873815281345,0.5541254200595562
12.75217318534851,direct_px4_equiv,1,1,14,0,0,0,0,1,-0.03665037825703621,0.15019118785858154,1.511102020740509,-0.0157697182148695,-0.88233882188797,0.08980786800384521,0.38959092520945676,-0.6983424479094095,-11.160507424258208,-0.701254221515699,-0.0067696948535740376,-0.0816057243054522,1.5,0.0,-0.8457623327943344,0.0,0.0,-4.810851867842306,0.0,0.0,0.0,-5.937107500558976,6.1882471267627155,-24.610808052208494,42.3798573751486,-0.15919764500932462,0.19274767138263543,3.710794845189644,22.248565541646254,23.386597734702903,6.141846434877964,0.016,0.016,fixed_switch,0.363481342792511,0.363481342792511,0.3542783856391907,0.3542783856391907,0.6933197975158691,0.14051391184329987,-0.04237629845738411,0.176373690366745,0.18655049800872803,0.3641936779022217,0.3641936779022217,0.35547828674316406,0.35547828674316406,0.6901320815086365,0.13712403178215027,-0.042284347116947174,0.1784059852361679,0.18813978135585785,11.148173093795776,0.0,0.004000186920166016,0,0,0.04425879195332527,0.038216717541217804,0.412565678358078,3,-0.6887057802962303,,4.0,3.5,8.0,3.8,3.2,4.0,0.15,0.12,3.0,5.281867209584824,0.006237061829235724,0.012485401142285866,0.09109034452574483,0.04425879195332527,0.038216717541217804,0.412565678358078,-0.05431930282079662,0.010302951976771621,0.05964656389806578,-0.15919764500932462,-0.19274767138263543,-3.710794845189644,1.0,0.9999026069090268,0.0,roll,0.0,0.0,0.0,0.0,0,7.656173229217529,a_to_c,1.2,0.008348549003130756,1,-0.06794666737781184,0.6300080660010325,0.31952788363228124,0.6043840835254387,-0.13682710074936605,0.586065662015959,0.453699633901648,0.5540943016958689
12.776173114776611,direct_px4_equiv,1,1,14,0,0,0,0,1,-0.037501391023397446,0.1231982409954071,1.5132110714912415,-0.020326251164078712,-1.0221836566925049,0.07856796681880951,0.49312365630196847,-0.6806294709514346,-11.709337060842202,-0.6840977637479283,-0.0067696948535740376,-0.10328713723133733,1.5,0.0,-0.9608630220046255,0.0,0.0,-4.769839609036044,0.0,0.0,0.0,-5.937107500558976,6.350646534891721,-23.776497315813046,42.53991795339787,-0.1749245952513193,0.13411381159476826,3.792917269185196,22.080302779374744,23.36049159777262,6.090199742074299,0.02,0.02,fixed_switch,0.3632727563381195,0.3632727563381195,0.35289791226387024,0.35289791226387024,0.6903985738754272,0.14237412810325623,-0.04294018819928169,0.16994920372962952,0.18097469210624695,0.3644905388355255,0.3644905388355255,0.3550839424133301,0.3550839424133301,0.6935842037200928,0.14183954894542694,-0.041935406625270844,0.17806294560432434,0.188572958111763,11.172173023223877,0.0,0.003999948501586914,0,0,0.04606131836771965,0.020205462351441383,0.4038127660751343,3,-0.6887057802962303,,4.0,3.5,8.0,3.8,3.2,4.0,0.15,0.12,3.0,5.8301502905634095,0.007997415464364131,0.01229731980665537,0.10064805592889796,0.04606131836771965,0.020205462351441383,0.4038127660751343,-0.05414611712127179,0.010606038150568509,0.06196724448518893,-0.1749245952513193,-0.13411381159476826,-3.792917269185196,1.0,0.9998924086402917,0.0,roll,0.0,0.0,0.0,0.0,0,7.68017315864563,a_to_c,1.2,0.012730501999612898,1,-0.07373307540436538,0.6283413795297607,0.34208112284025316,0.6056136485233635,-0.1386478151107041,0.5685487542168182,0.4597060087986237,0.5339111624457533
12.800173044204712,direct_px4_equiv,1,1,14,0,0,0,0,1,-0.03811583295464516,0.1030343770980835,1.5144127011299133,-0.02189183607697487,-1.1145037412643433,0.07249454408884048,0.5860182042500895,-0.6483682107037385,-12.209353727446684,-0.65227225011229,-0.0067696948535740376,-0.12771289131288832,1.5,0.0,-1.0742022423627597,0.0,0.0,-4.66486235813815,0.0,0.0,0.0,-5.937107500558976,6.56293578954835,-23.616123393426385,42.639838936397005,-0.25007150531248273,-0.05819104445522685,3.6946846042906962,22.050283806807002,23.523335203071518,5.857360480013767,0.012,0.012,fixed_switch,0.36457186937332153,0.36457186937332153,0.35265105962753296,0.35265105962753296,0.6770724058151245,0.1398775726556778,-0.03862665221095085,0.1673920601606369,0.1798791140317917,0.3619855046272278,0.3619855046272278,0.35106298327445984,0.35106298327445984,0.6801082491874695,0.13893090188503265,-0.04117387533187866,0.16333162784576416,0.17445582151412964,11.196172952651978,0.0,0.003999948501586914,0,0,0.06695323437452316,-0.03928843513131142,0.36656346917152405,3,-0.6887057802962303,,4.0,3.5,8.0,3.8,3.2,4.0,0.15,0.12,3.0,6.329496139108934,0.009593344110886307,0.011858545850821287,0.10935574349354954,0.06695323437452316,-0.03928843513131142,0.36656346917152405,-0.05393257784776707,0.010896763613153974,0.06450624150328287,-0.25007150531248273,0.05819104445522685,-3.6946846042906962,1.0,0.9998836713147583,0.0,roll,0.0,0.0,0.0,0.0,0,7.7041730880737305,a_to_c,1.2,0.016424216999439523,1,-0.08420018954816368,0.6232083274187972,0.35585926031649895,0.5955240028363992,-0.12472001926313118,0.565106911977901,0.4516449610175282,0.5258776445533414
12.824172973632812,direct_px4_equiv,1,1,14,0,0,0,0,1,-0.03983080014586449,0.04486159235239029,1.5172892212867737,-0.026007214561104774,-1.3410849571228027,0.056393325328826904,0.6315172263892341,-0.6131660033873133,-12.631959824108522,-0.6173755167255363,-0.0067696948535740376,-0.15482275040580523,1.5,0.0,-1.1843024378951816,0.0,0.0,-4.500720072805608,0.0,0.0,0.0,-5.937107500558976,6.0820364756632435,-20.309293795336988,42.81247750281033,-0.07091075620725434,0.14748506392391392,3.525130450483676,21.340938903946245,22.33708496551678,6.140262257350612,0.016,0.016,fixed_switch,0.3550025522708893,0.3550025522708893,0.3467686176300049,0.3467686176300049,0.693230390548706,0.13468782603740692,-0.038047004491090775,0.1502211093902588,0.15785203874111176,0.35839980840682983,0.35839980840682983,0.3475673198699951,0.3475673198699951,0.6821261048316956,0.13651299476623535,-0.039780840277671814,0.1548149734735489,0.16525615751743317,11.220172882080078,0.0,0.003999948501586914,0,0,0.0074384091421961784,0.026456069201231003,0.32028889656066895,3,-0.6887057802962303,,4.0,3.5,8.0,3.8,3.2,4.0,0.15,0.12,3.0,6.749051751722581,0.010378168459950427,0.01132686320052903,0.11671842892587031,0.0074384091421961784,0.026456069201231003,0.32028889656066895,-0.05369215929938264,0.011179791222477732,0.06723672338185915,-0.07091075620725434,-0.14748506392391392,-3.525130450483676,1.0,0.9998819978883146,0.0,roll,0.0,0.0,0.0,0.0,0,7.728173017501831,a_to_c,1.2,0.0007054090019664727,1,-0.09253523841778376,0.6218312399480921,0.37670275557182037,0.5787622363074988,-0.12284841357663223,0.49590682656008783,0.4348880374574004,0.4719335337456702
12.848173141479492,direct_px4_equiv,1,1,14,0,0,0,0,1,-0.04053879901766777,0.01881348341703415,1.5182164311408997,-0.02692466974258423,-1.428745985031128,0.04880209639668465,0.6329949950170923,-0.50997149535658,-12.969073268001617,-0.5138362763931281,-0.0067696948535740376,-0.18452270701907578,1.5,0.0,-1.289802272232142,0.0,0.0,-4.282210285870385,0.0,0.0,0.0,-5.937107500558976,6.01581434135598,-19.674402636290676,42.91436203944197,-0.05542286186355614,-0.2555297468373206,3.1578398502969605,21.421656308526543,22.22201268770162,5.62897770317518,0.012,0.012,fixed_switch,0.3540608882904053,0.3540608882904053,0.3474428653717041,0.3474428653717041,0.6637413501739502,0.12443892657756805,-0.028958316892385483,0.14597159624099731,0.15187017619609833,0.358088880777359,0.358088880777359,0.3486067056655884,0.3486067056655884,0.6705144643783569,0.13175247609615326,-0.03366629034280777,0.15289656817913055,0.16184760630130768,11.244173049926758,0.0,0.004000186920166016,0,0,-1.871825588750653e-05,-0.09639352560043335,0.24406984448432922,3,-0.6887057802962303,,4.0,3.5,8.0,3.8,3.2,4.0,0.15,0.12,3.0,7.075934849707015,0.010481044848106467,0.009561282278665133,0.1226017930155384,-1.871825588750653e-05,-0.09639352560043335,0.24406984448432922,-0.05344420221564542,0.011428389706721737,0.07012263561381164,-0.05542286186355614,0.2555297468373206,-3.1578398502969605,1.0,0.999899364785165,0.0,roll,0.0,0.0,0.0,0.0,0,7.752173185348511,a_to_c,1.2,0.004254213999956846,1,-0.09420970731870731,0.6260403798545371,0.3785601616195476,0.5780353583162938,-0.0935023276326443,0.47711422318878305,0.4017957531454318,0.45858331008924147
12.872173070907593,direct_px4_equiv,1,1,14,0,0,0,0,1,-0.04167349636554718,-0.02387254871428013,1.5193431973457336,-0.028977032750844955,-1.5595874786376953,0.03530092164874077,0.6694898619267752,-0.3458301855922742,-13.221889185379604,-0.3486442597744263,-0.0067696948535740376,-0.2166865407819809,1.5,0.0,-1.3894524808590591,0.0,0.0,-4.014137336094793,0.0,0.0,0.0,-5.937107500558976,5.589653793593328,-17.733981514852058,43.119874849644006,-0.10701031062342664,-0.391410427650934,2.9012884759635518,21.03776344484139,21.85492898708136,5.4731364510772424,0.016,0.016,fixed_switch,0.3510406017303467,0.3510406017303467,0.3442246615886688,0.3442246615886688,0.6544888615608215,0.11404837667942047,-0.026022061705589294,0.13297933340072632,0.13848912715911865,0.3549555242061615,0.3549555242061615,0.34822437167167664,0.34822437167167664,0.6635193824768066,0.12546394765377045,-0.028862182050943375,0.14805066585540771,0.15413802862167358,11.268172979354858,0.0,0.003999948501586914,0,0,0.01571587473154068,-0.13412898778915405,0.19013498723506927,3,-0.6887057802962303,,4.0,3.5,8.0,3.8,3.2,4.0,0.15,0.12,3.0,7.3215886906142,0.011277633696027412,0.00676588439188272,0.12701987137174356,0.01571587473154068,-0.13412898778915405,0.19013498723506927,-0.053180053050126866,0.011617586585777898,0.07312953439444557,-0.10701031062342664,0.391410427650934,-2.9012884759635518,1.0,0.9999135188910805,0.0,roll,0.0,0.0,0.0,0.0,0,7.776173114776611,a_to_c,1.2,0.0084197519972804,1,-0.09064505905551555,0.6033767146370546,0.36909285829534105,0.5628562351045541,-0.08402157346163627,0.435076444419224,0.3682461311063344,0.417766890408039
12.896173000335693,direct_px4_equiv,1,1,14,0,0,0,0,1,-0.04245718568563461,-0.054248418658971786,1.5198615193367004,-0.031573064625263214,-1.6457030773162842,0.019774729385972023,0.7187852185944708,-0.16369565795563532,-13.397980505662115,-0.1650933436581455,-0.0067696948535740376,-0.2511603553399777,1.5,0.0,-1.4821221779369107,0.0,0.0,-3.701299272538939,0.0,0.0,0.0,-5.937107500558976,5.2763932137623195,-16.4798909395459,43.392388761616246,-0.17851476159566734,-0.41354839038104657,2.6827268384535845,20.770053013702515,21.683745937433557,5.476262082402562,0.02,0.02,fixed_switch,0.349623441696167,0.349623441696167,0.341962993144989,0.341962993144989,0.6546757221221924,0.10553202778100967,-0.02319476567208767,0.12407795339822769,0.12985244393348694,0.35136428475379944,0.35136428475379944,0.34451717138290405,0.34451717138290405,0.6543073058128357,0.11436094343662262,-0.02607339806854725,0.133814737200737,0.13938495516777039,11.292172908782959,0.0,0.003999948501586914,0,0,0.03816736117005348,-0.13578730821609497,0.14582277834415436,3,-0.6887057802962303,,4.0,3.5,8.0,3.8,3.2,4.0,0.15,0.12,3.0,7.496131781251656,0.012332611131537621,0.0036671296707492334,0.13010425113891566,0.03816736117005348,-0.13578730821609497,0.14582277834415436,-0.05289310075708922,0.011735884432922646,0.07622410899918276,-0.17851476159566734,0.41354839038104657,-2.6827268384535845,1.0,0.9999172294347358,0.0,roll,0.0,0.0,0.0,0.0,0,7.800173044204712,a_to_c,1.2,0.012608564000402112,1,-0.09002353859879007,0.5868710047614888,0.36492583499113995,0.548998057763641,-0.07489262901040052,0.40794348007045633,0.34074805200168734,0.38980237976959586
12.920173168182373,direct_px4_equiv,1,1,14,0,0,0,0,1,-0.043665628880262375,-0.10256936401128769,1.5202818512916565,-0.0332045815885067,-1.7672855854034424,0.0055033317767083645,0.7719802945631786,0.04189163498532709,-13.480996229994423,0.042257384749612624,-0.0067696948535740376,-0.2877645609778306,1.5,0.0,-1.5667954015598724,0.0,0.0,-3.3484923654474916,0.0,0.0,0.0,-5.937107500558976,4.621976170904508,-14.058951233649356,43.62910971758954,-0.19283585393774366,-0.48221372875754376,2.149113721060433,20.369905275210012,21.123440993374025,5.408229495203012,0.012,0.012,fixed_switch,0.34494543075561523,0.34494543075561523,0.33855512738227844,0.33855512738227844,0.6505964398384094,0.08772721141576767,-0.015318527817726135,0.1079869195818901,0.11215202510356903,0.34441545605659485,0.34441545605659485,0.3390944004058838,0.3390944004058838,0.6540096998214722,0.09433315694332123,-0.021182410418987274,0.1067831888794899,0.11019757390022278,11.316173076629639,0.0,0.004000186920166016,0,0,0.04179726168513298,-0.15112650394439697,0.05190780386328697,3,-0.6887057802962303,,4.0,3.5,8.0,3.8,3.2,4.0,0.15,0.12,3.0,7.583625197101694,0.013492405767495767,0.00015681068657647749,0.13157254512512823,0.04179726168513298,-0.15112650394439697,0.05190780386328697,-0.0525825122093927,0.011777369339357293,0.07937070255649042,-0.19283585393774366,0.48221372875754376,-2.149113721060433,1.0,0.9999089651982074,0.0,roll,0.0,0.0,0.0,0.0,0,7.824173212051392,a_to_c,1.2,0.015321385995775927,1,-0.08925587932109212,0.5747655321405508,0.3600713836870562,0.5269701494110701,-0.049461367298263434,0.35233598191658033,0.28325880547914456,0.33925092124231043
12.944173097610474,direct_px4_equiv,1,1,14,0,0,0,0,1,-0.04560153931379318,-0.18989093601703644,1.5200875401496887,-0.031236344948410988,-1.9527939558029175,-0.01860765740275383,0.8690990606804327,0.234796093848968,-13.478304975139597,0.23684459876186986,-0.0067696948535740376,-0.3262954455924638,1.5,0.0,-1.6425689009385367,0.0,0.0,-2.9605236218081443,0.0,0.0,0.0,-5.937107500558976,3.42740963250864,-9.604086049081523,44.03191712228996,-0.2966104556338945,-0.4415138223951702,1.8908071984765389,19.638710411956637,20.624599643255397,5.49596072908698,0.016,0.016,fixed_switch,0.3407280743122101,0.3407280743122101,0.3322402834892273,0.3322402834892273,0.6558521389961243,0.07132522761821747,-0.018733715638518333,0.07479885220527649,0.07863014191389084,0.3414168655872345,0.3414168655872345,0.3360365927219391,0.3360365927219391,0.6479727625846863,0.07971038669347763,-0.017967138439416885,0.08831152319908142,0.09115514159202576,11.34017300605774,0.0,0.003999948501586914,0,0,0.07364483177661896,-0.13278496265411377,0.008237426169216633,3,-0.6887057802962303,,4.0,3.5,8.0,3.8,3.2,4.0,0.15,0.12,3.0,7.596433645099721,0.015405109629016648,-0.0030914676264432203,0.13155069084183285,0.07364483177661896,-0.13278496265411377,0.008237426169216633,-0.05223455129010772,0.011737107305988608,0.08253127942410338,-0.2966104556338945,0.4415138223951702,-1.8908071984765389,1.0,0.9998765627131401,0.0,roll,0.0,0.0,0.0,0.0,0,7.848173141479492,a_to_c,1.2,0.0008149630011757836,1,-0.07756705493069194,0.4879658083739112,0.3262411732676614,0.45676010005111367,-0.06048853111381664,0.24702387611372922,0.2302991183813492,0.23498751946719723
12.968173027038574,direct_px4_equiv,1,1,14,0,0,0,0,1,-0.04665450379252434,-0.24631431698799133,1.519393503665924,-0.02774684876203537,-2.0500452518463135,-0.03325478360056877,0.9456536981487967,0.413693558335568,-13.37938588578312,0.41720796479663463,-0.0067696948535740376,-0.36653012426394554,1.5,0.0,-1.7086571967164155,0.0,0.0,-2.542189685042927,0.0,0.0,0.0,-5.937107500558976,2.6125505819220507,-6.923636614034949,44.28927730763167,-0.22684056205201006,-0.49508460687088107,1.3784939907167317,19.53853198727782,20.218136747120255,5.4476627672242275,0.012,0.012,fixed_switch,0.3372538387775421,0.3372538387775421,0.33136603236198425,0.33136603236198425,0.6529639959335327,0.0530424639582634,-0.012603962793946266,0.054771989583969116,0.056697163730859756,0.34051716327667236,0.34051716327667236,0.33270156383514404,0.33270156383514404,0.6497875452041626,0.0667182058095932,-0.014993240125477314,0.07480298727750778,0.07832243293523788,11.36417293548584,0.0,0.003999948501586914,0,0,0.048614662140607834,-0.1441890001296997,-0.07463807612657547,3,-0.6887057802962303,,4.0,3.5,8.0,3.8,3.2,4.0,0.15,0.12,3.0,7.516796853722413,0.016938262326644603,-0.006133683822052557,0.12985517268476818,0.048614662140607834,-0.1441890001296997,-0.07463807612657547,-0.051841749228645144,0.011621258587582702,0.08566834104024769,-0.22684056205201006,0.49508460687088107,-1.3784939907167317,1.0,0.9998377365995558,0.0,roll,0.0,0.0,0.0,0.0,0,7.872173070907593,a_to_c,1.2,0.004943292995449156,1,-0.07047060882646325,0.4479984559584305,0.3024994729125193,0.4184224266784662,-0.040696419529146495,0.17811939674930968,0.1712666459901218,0.17207128280329925
12.992172956466675,direct_px4_equiv,1,1,14,0,0,0,0,1,-0.04726654291152954,-0.28522342443466187,1.5187461972236633,-0.02298939973115921,-2.108860731124878,-0.04041634127497673,1.0113004330681072,0.5932775246181742,-13.186865504171148,0.5980583206521378,-0.0067696948535740376,-0.40822786845839565,1.5,0.0,-1.764389125723932,0.0,0.0,-2.09829051280883,0.0,0.0,0.0,-5.937107500558976,1.9342836249863606,-4.948417783652023,44.41161989416111,-0.19690587106964116,-0.5836993563315501,0.9914478942280616,19.501098918964345,20.04500016203106,5.3376676458780095,0.016,0.016,fixed_switch,0.3357633650302887,0.3357633650302887,0.33103877305984497,0.33103877305984497,0.6463382840156555,0.0385461151599884,-0.008567756041884422,0.03939031437039375,0.04049482196569443,0.3372126519680023,0.3372126519680023,0.3313060700893402,0.3313060700893402,0.6524085402488708,0.052120912820100784,-0.012896854430437088,0.05409062281250954,0.05599780008196831,11.38817286491394,0.0,0.003999948501586914,0,0,0.03716149553656578,-0.16654624044895172,-0.13238124549388885,3,-0.6887057802962303,,4.0,3.5,8.0,3.8,3.2,4.0,0.15,0.12,3.0,7.348998203563515,0.01826937659989519,-0.009217577346136582,0.1265323380155605,0.03716149553656578,-0.16654624044895172,-0.13238124549388885,-0.05141453031441068,0.011426096732706023,0.08874125469729444,-0.19690587106964116,0.5836993563315501,-0.9914478942280616,1.0,0.9997906330834857,0.0,roll,0.0,0.0,0.0,0.0,0,7.896173000335693,a_to_c,1.2,0.008816813999146689,1,-0.06229406374273635,0.3988500324317033,0.2655484748373678,0.3687071718893777,-0.027664078700603983,0.12721823983687194,0.12445997048532688,0.12374831788592232
13.012173175811768,direct_px4_equiv,1,1,14,0,0,0,0,1,-0.0478188656270504,-0.3251372277736664,1.5179696679115295,-0.021314751356840134,-2.1628899574279785,-0.044482115656137466,1.0707769734933754,0.6714705635609557,-12.971051113408107,0.6765619311169812,-0.0067696948535740376,-0.44391019097088763,1.5,0.0,-1.802517198806484,0.0,0.0,-1.7123030134862753,0.0,0.0,0.0,-5.937107500558976,1.3688736286909815,-2.8830305254162027,44.471897682266494,-0.18009868480640623,-0.33817571391734996,0.6641111034974243,19.24880083388397,19.749601044240844,5.6556162547381215,0.016,0.016,fixed_switch,0.3332054615020752,0.3332054615020752,0.32882481813430786,0.32882481813430786,0.6653100848197937,0.026616135612130165,-0.005192353390157223,0.02325398661196232,0.023860111832618713,0.33572059869766235,0.33572059869766235,0.33098313212394714,0.33098313212394714,0.6461441516876221,0.038042210042476654,-0.008628119714558125,0.03878770023584366,0.03987829387187958,11.408173084259033,0.0,0.004000186920166016,0,0,0.029295645654201508,-0.08751930296421051,-0.17906343936920166,3,-0.6887057802962303,,4.0,3.5,8.0,3.8,3.2,4.0,0.15,0.12,3.0,7.15262548178683,0.019371672218003025,-0.010550324414382207,0.12279024084534293,0.029295645654201508,-0.08751930296421051,-0.17906343936920166,-0.05103725250333365,0.011223293201064978,0.09122841052216378,-0.18009868480640623,0.33817571391734996,-0.6641111034974243,1.0,0.9997567144729474,0.0,roll,0.0,0.0,0.0,0.0,0,7.916173219680786,a_to_c,1.2,0.008652147000248078,1,-0.05451348915042362,0.3529664276696123,0.23894867774808162,0.32830610299548596,-0.01676537761311596,0.07495875172026514,0.08593975125499217,0.07305455327295524
13.036173105239868,direct_px4_equiv,1,1,14,0,0,0,0,1,-0.04852820560336113,-0.3866916000843048,1.5166080594062805,-0.01554788090288639,-2.234036684036255,-0.05016662925481796,1.1431867560895832,0.6949578389924358,-12.646904725829328,0.699750072245627,-0.0067696948535740376,-0.4876180487490205,1.5,0.0,-1.8379014690751159,0.0,0.0,-1.2340006330936015,0.0,0.0,0.0,-5.937107500558976,0.5832142824291805,0.1577236240355594,44.55304638663806,-0.16860796579620607,-0.051591101411691966,0.16520242680356778,19.00511512270332,19.529732497282396,6.026086547278132,0.008,0.008,fixed_switch,0.3312891125679016,0.3312891125679016,0.32667261362075806,0.32667261362075806,0.6867549419403076,0.008594965562224388,0.0006730372551828623,-0.001285351114347577,-0.0013208320597186685,0.33316174149513245,0.33316174149513245,0.3264165222644806,0.3264165222644806,0.6773180365562439,0.013875718228518963,-0.00383277446962893,0.0010143306571990252,0.0010554012842476368,11.432173013687134,0.0,0.003999948501586914,0,0,0.022284312173724174,0.0027194202411919832,-0.25031226873397827,3,-0.6887057802962303,,4.0,3.5,8.0,3.8,3.2,4.0,0.15,0.12,3.0,6.848518648393477,0.02062725421785041,-0.010940255471900149,0.1171539771714474,0.022284312173724174,0.0027194202411919832,-0.25031226873397827,-0.05055219397203384,0.010962142677496409,0.09409905427224367,-0.16860796579620607,0.051591101411691966,-0.16520242680356778,1.0,0.9997274135804566,0.0,roll,0.0,0.0,0.0,0.0,0,7.940173149108887,a_to_c,1.2,0.012937127998156939,1,-0.04706859467755849,0.28918702700636995,0.2146568952096202,0.2723956629602451,0.0021731424274654496,-0.004149516476095454,0.027751933342889935,-0.004038049489271006
13.060173034667969,direct_px4_equiv,1,1,14,0,0,0,0,1,-0.04889906197786331,-0.42850691080093384,1.5156722664833069,-0.009953353554010391,-2.2735755443573,-0.04911284148693085,1.1957341484533563,0.6940939700393856,-12.257049953510071,0.6983373567013735,-0.0067696948535740376,-0.5320361123806913,1.5,0.0,-1.8616533329064313,0.0,0.0,-0.7437329528908462,0.0,0.0,0.0,-5.937107500558976,-0.00909390141723887,2.547229499993105,44.50626146984732,-0.07628108212375706,-0.13947661654902738,-0.1593387211120565,19.183471502016356,19.514340318288742,5.8954000221931295,0.012,0.012,fixed_switch,0.33115455508232117,0.33115455508232117,0.3282491862773895,0.3282491862773895,0.679267406463623,-0.003912157379090786,0.0038327802903950214,-0.020789455622434616,-0.021148549392819405,0.3329009413719177,0.3329009413719177,0.32527726888656616,0.32527726888656616,0.6859681010246277,0.0019446846563369036,-0.00027953501557931304,-0.01636011339724064,-0.017113059759140015,11.456172943115234,0.0,0.003999948501586914,0,0,-0.009435710497200489,-0.024944454431533813,-0.28922513127326965,3,-0.6887057802962303,,4.0,3.5,8.0,3.8,3.2,4.0,0.15,0.12,3.0,6.476327881039524,0.02150474548723842,-0.010944706714527047,0.11036610122025796,-0.009435710497200489,-0.024944454431533813,-0.28922513127326965,-0.050041955835416194,0.01070059191723549,0.09681814079304113,-0.07628108212375706,0.13947661654902738,0.1593387211120565,1.0,0.9997088796618462,0.0,roll,0.0,0.0,0.0,0.0,0,7.964173078536987,a_to_c,1.2,0.016709691000869498,1,-0.03568511981790263,0.22504439169305826,0.1839535302514881,0.21078735328623668,0.01237550750156406,-0.06644012530165373,-0.012631805694080067,-0.06531200376146488
13.08417296409607,direct_px4_equiv,1,1,14,0,0,0,0,1,-0.04926834627985954,-0.49263784289360046,1.5140383839607239,-0.0023638091515749693,-2.3218021392822266,-0.05221952125430107,1.19920449882865,0.620889954489775,-11.799988811723866,0.6241545636383322,-0.0067696948535740376,-0.5768822197394714,1.5,0.0,-1.873543223271915,0.0,0.0,-0.24629993053498703,0.0,0.0,0.0,-5.937107500558976,-0.6967352628820677,5.66400027778349,44.542958397739014,-0.030753278946580323,0.13185629565622564,-0.512162634599242,19.207249489251204,19.547767460113366,6.241624667101892,0.016,0.016,fixed_switch,0.33144670724868774,0.33144670724868774,0.3284588158130646,0.3284588158130646,0.6989288330078125,-0.01801419071853161,0.006972200237214565,-0.04627829045057297,-0.04710472747683525,0.33329880237579346,0.33329880237579346,0.3272322118282318,0.3272322118282318,0.6882216334342957,-0.011182998307049274,0.001980285858735442,-0.03914126381278038,-0.040569353848695755,11.480172872543335,0.0,0.003999948501586914,0,0,-0.026274828240275383,0.057648323476314545,-0.33006852865219116,3,-0.6887057802962303,,4.0,3.5,8.0,3.8,3.2,4.0,0.15,0.12,3.0,6.0225868679201335,0.021456150339602638,-0.009751399584995924,0.1023880903971112,-0.026274828240275383,0.057648323476314545,-0.33006852865219116,-0.049524467188478055,0.010454024751661416,0.09935767326276185,-0.030753278946580323,-0.13185629565622564,0.512162634599242,1.0,0.9997222718801156,0.0,roll,0.0,0.0,0.0,0.0,0,7.988173007965088,a_to_c,1.2,0.000564895999559667,1,-0.02940514511532301,0.11594246360530326,0.12343714084069227,0.09852813235306009,0.022512252220815616,-0.14798386644761963,-0.058165282727053534,-0.14538753442137092
13.104173183441162,direct_px4_equiv,1,1,14,0,0,0,0,1,-0.049386076629161835,-0.5576237440109253,1.5124350190162659,0.0057890634052455425,-2.3541736602783203,-0.04940226301550865,1.239884348071459,0.5263921018052914,-11.372193703875961,0.5287692199447093,-0.0067696948535740376,-0.6143749917937442,1.5,0.0,-1.8743042140958006,0.0,-0.0,0.17024397260638904,-0.0,0.0,0.0,-5.937107500558976,-1.2742583141718369,8.525881244262129,44.47642788537665,-0.23039678418272583,0.2275365789513132,-0.8227909247597722,19.040941060278296,20.128628976889086,6.347199153227084,0.016,0.016,fixed_switch,0.3364841043949127,0.3364841043949127,0.32698988914489746,0.32698988914489746,0.7048150897026062,-0.02970285527408123,0.010174139402806759,-0.06792764365673065,-0.07187330722808838,0.33350229263305664,0.33350229263305664,0.329554945230484,0.329554945230484,0.6959497928619385,-0.024439189583063126,0.005698404274880886,-0.061162859201431274,-0.06261125952005386,11.500173091888428,0.0,0.004000186920166016,0,0,0.038473282009363174,0.08537198603153229,-0.36509278416633606,3,-0.6887057802962303,,4.0,3.5,8.0,3.8,3.2,4.0,0.15,0.12,3.0,5.6049177932915795,0.02205063976777585,-0.008150400415781755,0.09491732737772933,0.038473282009363174,0.08537198603153229,-0.36509278416633606,-0.04908658209904056,0.010278946763685922,0.10131713775368857,-0.23039678418272583,-0.2275365789513132,0.8227909247597722,1.0,0.9997236701091943,0.0,roll,0.0,0.0,0.0,0.0,0,8.00817322731018,a_to_c,1.2,0.000604890999966301,1,-0.02036581438551266,0.02888920677929299,0.09063559764656251,0.026055766350542686,0.032850863116481194,-0.2257966641100801,-0.09590633732466074,-0.2134009755297324
13.128173112869263,direct_px4_equiv,1,1,14,0,0,0,0,1,-0.0490325503051281,-0.6667433977127075,1.5101283192634583,0.019977319985628128,-2.3706302642822266,-0.029416948556900024,1.23320831388296,0.34976815568683967,-10.801032858894212,0.35103222595028105,-0.0067696948535740376,-0.6592612200976135,1.5,0.0,-1.8642330845838866,0.0,-0.0,0.6683468521236543,-0.0,0.0,0.0,-5.937107500558976,-1.9867581917104957,12.265554037894185,44.115000516521874,-0.06712173663015181,0.30710966149649654,-1.2868438254683559,19.532023753739857,20.375214933909533,6.389280701221139,0.012,0.012,fixed_switch,0.3386005759239197,0.3386005759239197,0.33130913972854614,0.33130913972854614,0.7071476578712463,-0.04709301143884659,0.01597963646054268,-0.09731775522232056,-0.10166441649198532,0.3366123139858246,0.3366123139858246,0.32977691292762756,0.32977691292762756,0.7127660512924194,-0.04006826505064964,0.015204912051558495,-0.08209159225225449,-0.0855076014995575,11.524173021316528,0.0,0.003999948501586914,0,0,-0.016322901472449303,0.10461627691984177,-0.4199458360671997,3,-0.6887057802962303,,4.0,3.5,8.0,3.8,3.2,4.0,0.15,0.12,3.0,5.033541331170137,0.021762666096179783,-0.005185458377787361,0.0849263545587904,-0.016322901472449303,0.10461627691984177,-0.4199458360671997,-0.048560120167150965,0.01012446275857983,0.10345725821825422,-0.06712173663015181,-0.30710966149649654,1.2868438254683559,1.0,0.9997497487043544,0.0,roll,0.0,0.0,0.0,0.0,0,8.032173156738281,a_to_c,1.2,0.004510763996222522,1,-0.004445205373107689,-0.052950946078081956,0.051919173991501276,-0.05125537400066298,0.05159599549231117,-0.3193881840937479,-0.15205670166626437,-0.3057327396123951
13.152173042297363,direct_px4_equiv,1,1,14,0,0,0,0,1,-0.04869059845805168,-0.7102084159851074,1.5093629956245422,0.025490887463092804,-2.361191511154175,-0.030643125995993614,1.1558285388645568,0.16997308198523167,-10.176792633024434,0.17043948165720013,-0.0067696948535740376,-0.7037627917373207,1.5,0.0,-1.8422751361235572,0.0,-0.0,1.160015138135216,-0.0,0.0,0.0,-5.937107500558976,-2.2326420866205416,14.579636709531682,44.13494281763197,0.10114447125524303,0.3656740204234429,-1.6230740787589042,20.116971437733035,20.634044120362983,6.464003470934633,0.016,0.016,fixed_switch,0.3408083915710449,0.3408083915710449,0.33638373017311096,0.33638373017311096,0.7112706899642944,-0.05769941583275795,0.0222006943076849,-0.11493737995624542,-0.11803285032510757,0.3394709527492523,0.3394709527492523,0.3319963812828064,0.3319963812828064,0.7073440551757812,-0.04851141944527626,0.016988951712846756,-0.10140072554349899,-0.10604949295520782,11.548172950744629,0.0,0.003999948501586914,0,0,-0.07051674276590347,0.11718875914812088,-0.4508957266807556,3,-0.6887057802962303,,4.0,3.5,8.0,3.8,3.2,4.0,0.15,0.12,3.0,4.399280953399895,0.02026857078436887,-0.0022182263661840096,0.07400563902204697,-0.07051674276590347,0.11718875914812088,-0.4508957266807556,-0.04805570431668979,0.010038125576089478,0.10534435798984233,0.10114447125524303,-0.3656740204234429,1.6230740787589042,1.0,0.9997921322465588,0.0,roll,0.0,0.0,0.0,0.0,0,8.056173086166382,a_to_c,1.2,0.008460147997539025,1,0.003328477805614929,-0.13329637834323219,0.018249466356837905,-0.12487658409633552,0.07168291540172249,-0.37081114073760524,-0.18630328525382506,-0.3610864383763056
13.176172971725464,direct_px4_equiv,1,1,14,0,0,0,0,1,-0.04798306152224541,-0.7746632099151611,1.5084286332130432,0.03321996331214905,-2.330653429031372,-0.019310103729367256,1.0128297070213033,-0.0476935089347463,-9.507147634727277,-0.04778623958572401,-0.0067696948535740376,-0.7475967378422352,1.5,0.0,-1.8086423978273598,0.0,-0.0,1.640448872984107,-0.0,0.0,0.0,-5.937107500558976,-2.4513523246992737,17.020519147262814,43.96136134634633,0.19781278544063385,0.48511739231122125,-1.9614367819354783,20.57342095831155,20.987896830575426,6.591928157940826,0.02,0.02,fixed_switch,0.3438044488430023,0.3438044488430023,0.3402925133705139,0.3402925133705139,0.7182743549346924,-0.06831414252519608,0.02891479805111885,-0.13289706408977509,-0.13574735820293427,0.3413271903991699,0.3413271903991699,0.3368321657180786,0.3368321657180786,0.7115004658699036,-0.058340102434158325,0.02286490984261036,-0.11703989654779434,-0.1202440857887268,11.57217288017273,0.0,0.003999948501586914,0,0,-0.09957389533519745,0.1479211151599884,-0.4803194999694824,3,-0.6887057802962303,,4.0,3.5,8.0,3.8,3.2,4.0,0.15,0.12,3.0,3.710787243249962,0.01764247474540227,0.001382600484551953,0.062289081709697665,-0.09957389533519745,0.1479211151599884,-0.4803194999694824,-0.047603103349510886,0.010035887264512528,0.10695777910398932,0.19781278544063385,-0.48511739231122125,1.9614367819354783,1.0,0.9998434157430076,0.0,roll,0.0,0.0,0.0,0.0,0,8.080173015594482,a_to_c,1.2,0.012627349002286792,1,0.014814144531006402,-0.20000483858567122,-0.014172371942783864,-0.2004648711258368,0.09336181197824792,-0.4264629130680185,-0.22057673341627554,-0.4175084173772226
13.196173191070557,direct_px4_equiv,1,1,14,0,0,0,0,1,-0.047392819076776505,-0.8168214559555054,1.5080052018165588,0.03784270957112312,-2.2993052005767822,-0.011338690295815468,0.8529711925756511,-0.23662035676375373,-8.9220774157149,-0.23694180520466906,-0.0067696948535740376,-0.7834157896517101,1.5,0.0,-1.7719289251115857,0.0,-0.0,2.0287707477868926,-0.0,0.0,0.0,-5.937107500558976,-2.5174947237368452,18.83870982101295,43.858036256601665,0.3470017303561576,0.5728701789047748,-2.2997325292245026,21.09033096054397,21.233159220078097,6.6908147652007415,0.02,0.02,fixed_switch,0.34586629271507263,0.34586629271507263,0.3446670472621918,0.3446670472621918,0.7236417531967163,-0.07801832258701324,0.03661477938294411,-0.14630433917045593,-0.1473722606897354,0.3438044488430023,0.3438044488430023,0.3402925133705139,0.3402925133705139,0.7182743549346924,-0.06831414252519608,0.02891479805111885,-0.13289706408977509,-0.13574735820293427,11.592173099517822,0.0,0.004000186920166016,0,0,-0.14557509124279022,0.16927894949913025,-0.513189435005188,3,-0.6887057802962303,,4.0,3.5,8.0,3.8,3.2,4.0,0.15,0.12,3.0,3.1117363406762713,0.014774374628249804,0.004516029207079428,0.052059382899051765,-0.14557509124279022,0.16927894949913025,-0.513189435005188,-0.04728389524133022,0.010100196116773208,0.1080813472301563,0.3470017303561576,-0.5728701789047748,2.2997325292245026,1.0,0.9998806616591881,0.0,roll,0.0,0.0,0.0,0.0,0,8.100173234939575,a_to_c,1.2,0.012856456996814813,1,0.028636520035375555,-0.2653403383798055,-0.050769001302640934,-0.25962434963882,0.11822396365975901,-0.4629835978696235,-0.25191016370717645,-0.4596286517952142
13.220173120498657,direct_px4_equiv,1,1,14,0,0,0,0,1,-0.04635198414325714,-0.8785380721092224,1.507578194141388,0.04342697188258171,-2.23799467086792,-0.0030255885794758797,0.6286159432961411,-0.4447947907572708,-8.19914779967546,-0.44514164258389977,-0.0067696948535740376,-0.8253141943911664,1.5,0.0,-1.7178252743485807,0.0,-0.0,2.476140988800021,-0.0,0.0,0.0,-5.937107500558976,-2.5443658164499006,20.908682002826836,43.78040241619686,0.4206216422143275,0.5346865145396873,-2.5486809515026225,21.667064271300237,21.733847301086854,6.630106648408984,0.012,0.012,fixed_switch,0.3500387966632843,0.3500387966632843,0.3494850695133209,0.3494850695133209,0.7203513383865356,-0.08448867499828339,0.04238998517394066,-0.15973232686519623,-0.16027086973190308,0.3475322723388672,0.3475322723388672,0.3475271463394165,0.3475271463394165,0.7179205417633057,-0.08190088719129562,0.03886406123638153,-0.15351934731006622,-0.15352413058280945,11.616173028945923,0.0,0.003999948501586914,0,0,-0.16302558779716492,0.1511182337999344,-0.525429368019104,3,-0.6887057802962303,,4.0,3.5,8.0,3.8,3.2,4.0,0.15,0.12,3.0,2.3871970232764443,0.010815910603577363,0.007978044212432296,0.03943402091949797,-0.16302558779716492,0.1511182337999344,-0.525429368019104,-0.046984703578471385,0.01025739802964091,0.10915456631939992,0.4206216422143275,-0.5346865145396873,2.5486809515026225,1.0,0.999909683436879,0.0,roll,0.0,0.0,0.0,0.0,0,8.124173164367676,a_to_c,1.2,0.01664344700111542,1,0.04381420661794546,-0.3274006853879128,-0.08333076023091093,-0.31711577593910156,0.13687129376674007,-0.5035057735767655,-0.27280201854756,-0.5018138870904643
13.244173049926758,direct_px4_equiv,1,1,14,0,0,0,0,1,-0.04474908858537674,-0.9569648504257202,1.5074003338813782,0.04880811274051666,-2.1284191608428955,0.011778654530644417,0.3638916474961028,-0.6323094863887309,-7.464667006866997,-0.6325342168751007,-0.0067696948535740376,-0.8657875423572249,1.5,0.0,-1.6532731824514943,0.0,-0.0,2.8986767429916624,-0.0,0.0,0.0,-5.937107500558976,-2.4784116985442712,22.5270779788752,43.6114193266635,0.5415744373786051,0.5426257384321914,-2.762276528987889,22.175414453052156,22.01392500943986,6.618472582120654,0.016,0.016,fixed_switch,0.3523518741130829,0.3523518741130829,0.3536788821220398,0.3536788821220398,0.7197190523147583,-0.09008718281984329,0.047957178205251694,-0.1709674745798111,-0.1695888191461563,0.35054224729537964,0.35054224729537964,0.35082462430000305,0.35082462430000305,0.7172864675521851,-0.08680117875337601,0.04419289156794548,-0.16364215314388275,-0.16336102783679962,11.640172958374023,0.0,0.003999948501586914,0,0,-0.19559583067893982,0.14773733913898468,-0.5311540961265564,3,-0.6887057802962303,,4.0,3.5,8.0,3.8,3.2,4.0,0.15,0.12,3.0,1.6910066241917396,0.006203328218102587,0.01111944912729157,0.026624573094591035,-0.19559583067893982,0.14773733913898468,-0.5311540961265564,-0.04678931492663806,0.010494921132830959,0.10992190639597658,0.5415744373786051,-0.5426257384321914,2.762276528987889,1.0,0.9999189382894699,0.0,roll,0.0,0.0,0.0,0.0,0,8.148173093795776,a_to_c,1.2,2.0469000446610153e-05,1,0.07597798543798652,-0.4259159136795383,-0.14042685841888577,-0.42342104253125445,0.15484697737382225,-0.532779004597974,-0.2908788298694222,-0.5371101400365659
13.268172979354858,direct_px4_equiv,1,1,14,0,0,0,0,1,-0.04340874403715134,-1.012147068977356,1.5074322819709778,0.051278118044137955,-2.0286617279052734,0.01570061594247818,0.053336760727927056,-0.7531761925450745,-6.732794325499948,-0.753248722165929,-0.0067696948535740376,-0.9045926847834017,1.5,0.0,-1.5789262746739363,0.0,-0.0,3.291578052704838,-0.0,0.0,0.0,-5.937107500558976,-2.349516192262331,23.938211395437502,43.66184234944755,0.6241341869689747,0.38295242954450587,-2.9172847656212335,22.76873965254893,22.447037067680657,6.419898785093742,0.012,0.012,fixed_switch,0.3559000492095947,0.3559000492095947,0.35851341485977173,0.35851341485977173,0.708840012550354,-0.09262251853942871,0.05213898420333862,-0.17901647090911865,-0.1761896312236786,0.3553977310657501,0.3553977310657501,0.356568306684494,0.356568306684494,0.7148048281669617,-0.0917307510972023,0.05060864984989166,-0.17650161683559418,-0.17524650692939758,11.664172887802124,0.0,0.003999948501586914,0,0,-0.21226678788661957,0.09414085745811462,-0.527367115020752,3,-0.6887057802962303,,4.0,3.5,8.0,3.8,3.2,4.0,0.15,0.12,3.0,1.0966630023842907,0.0008395838687261361,0.013151454143062785,0.013880825684038707,-0.21226678788661957,0.09414085745811462,-0.527367115020752,-0.046717499417197654,0.010791066315354515,0.11038223802007789,0.6241341869689747,-0.38295242954450587,2.9172847656212335,1.0,0.9999131671759688,0.0,roll,0.0,0.0,0.0,0.0,0,8.172173023223877,a_to_c,1.2,0.004474415996810421,1,0.09063317074584834,-0.4623609477731849,-0.1662400648112462,-0.4606804239360897,0.1683494399364224,-0.5535160623955939,-0.299065075279978,-0.5623968259804036
13.292173147201538,direct_px4_equiv,1,1,14,0,0,0,0,1,-0.04200853779911995,-1.063880443572998,1.507608711719513,0.052310824394226074,-1.9177130460739136,0.019200323149561882,-0.28782037809393624,-0.8302073817171531,-6.02254185019019,-0.8302083006741435,-0.0067696948535740376,-0.9415038988104525,1.5,0.0,-1.495552504675607,0.0,-0.0,3.6500483344073764,-0.0,0.0,0.0,-5.937107500558976,-2.1795920554360624,25.111133086292885,43.74052019881579,0.7623009849812298,0.2740105739254556,-2.99927350390295,23.352596745024112,22.708855568216446,6.291847201665077,0.016,0.016,fixed_switch,0.3580283522605896,0.3580283522605896,0.36320966482162476,0.36320966482162476,0.7017351388931274,-0.09363628923892975,0.05461956188082695,-0.18647617101669312,-0.1806885153055191,0.35769322514533997,0.35769322514533997,0.360302209854126,0.360302209854126,0.7095012068748474,-0.09364524483680725,0.05374741554260254,-0.18286709487438202,-0.17998303472995758,11.688173055648804,0.0,0.004000186920166016,0,0,-0.2471911460161209,0.057430192828178406,-0.5120667219161987,3,-0.6887057802962303,,4.0,3.5,8.0,3.8,3.2,4.0,0.15,0.12,3.0,0.883028111427173,-0.005034077262203107,0.014485930937055825,0.001527463247761438,-0.2471911460161209,0.057430192828178406,-0.5120667219161987,-0.0467829676421006,0.011126841581373236,0.11054128426674636,0.7623009849812298,-0.2740105739254556,2.99927350390295,1.0,0.9998824079416474,0.0,roll,0.0,0.0,0.0,0.0,0,8.196173191070557,a_to_c,1.2,0.008953680000558961,1,0.10703466740544368,-0.4752598896396434,-0.18964058420022042,-0.4897305641702931,0.17635887288883872,-0.5676496963662873,-0.3023383761650977,-0.5858321534894302
13.316173076629639,direct_px4_equiv,1,1,14,0,0,0,0,1,-0.041062504053115845,-1.0964951515197754,1.5077815651893616,0.052324045449495316,-1.8381376266479492,0.015605361200869083,-0.5761553566176599,-0.868926378306226,-5.353347140744002,-0.8689713839856505,-0.0067696948535740376,-0.9763142041564457,1.5,0.0,-1.4040375593671195,0.0,-0.0,3.9692804685912186,-0.0,0.0,0.0,-5.937107500558976,-2.017400109143614,26.5160017022319,43.93812251491156,0.6823180049644715,0.1953908369093128,-2.9351459077021036,23.72404963345032,23.284876039180222,6.219333549487854,0.02,0.02,fixed_switch,0.362667977809906,0.362667977809906,0.36616694927215576,0.36616694927215576,0.6976796388626099,-0.08951506018638611,0.05440866947174072,-0.19281764328479767,-0.18875426054000854,0.3589656352996826,0.3589656352996826,0.36411669850349426,0.36411669850349426,0.7020139098167419,-0.09412793815135956,0.05536024644970894,-0.18837712705135345,-0.18256279826164246,11.712172985076904,0.0,0.003999948501586914,0,0,-0.21135251224040985,0.03227081149816513,-0.4737260639667511,3,-0.6887057802962303,,4.0,3.5,8.0,3.8,3.2,4.0,0.15,0.12,3.0,1.1927479294732402,-0.009978089228219952,0.015216316624109725,-0.010111826834446338,-0.21135251224040985,0.03227081149816513,-0.4737260639667511,-0.04697273250451715,0.011484820964789115,0.11041331998367594,0.6823180049644715,-0.1953908369093128,2.9351459077021036,1.0,0.999834450715793,0.0,roll,0.0,0.0,0.0,0.0,0,8.220173120498657,a_to_c,1.2,0.012878538000222761,1,0.120135711274201,-0.49552166592144986,-0.2083986408894374,-0.5227851242680067,0.17567793057642292,-0.5929890198623987,-0.28903151368281077,-0.6057545053644758
13.34017300605774,direct_px4_equiv,1,1,14,0,0,0,0,1,-0.03971949592232704,-1.141645908355713,1.5081573128700256,0.05145083740353584,-1.7113944292068481,0.015940537676215172,-0.8046151603207186,-0.8566100441630725,-4.732855965030113,-0.8567992618130051,-0.0067696948535740376,-1.0088403310353495,1.5,0.0,-1.3053798763077529,0.0,-0.0,4.244478237642202,-0.0,0.0,0.0,-5.937107500558976,-1.824670247446167,27.35186455185984,44.03206020616458,0.6008235621487549,0.059700364532646884,-2.9056432569359436,23.957248226344376,23.702217040090655,6.058967455088593,0.012,0.012,fixed_switch,0.36599376797676086,0.36599376797676086,0.3680117130279541,0.3680117130279541,0.6886260509490967,-0.08613388985395432,0.05524478852748871,-0.1957726776599884,-0.19338519871234894,0.3633185625076294,0.3633185625076294,0.3652552664279938,0.3652552664279938,0.69194495677948,-0.08793879300355911,0.05633912608027458,-0.18997231125831604,-0.1877514272928238,11.736172914505005,0.0,0.003999948501586914,0,0,-0.1763850897550583,-0.009376712143421173,-0.44326695799827576,3,-0.6887057802962303,,4.0,3.5,8.0,3.8,3.2,4.0,0.15,0.12,3.0,1.6783500326902465,-0.013884791015560114,0.015096905124807103,-0.020911694074094912,-0.1763850897550583,-0.009376712143421173,-0.44326695799827576,-0.047268271207097534,0.01184873618865977,0.11001753250376674,0.6008235621487549,-0.059700364532646884,2.9056432569359436,1.0,0.9997896480018821,0.0,roll,0.0,0.0,0.0,0.0,0,8.244173049926758,a_to_c,1.2,0.016816991999803577,1,0.12858388176433014,-0.5038892297309074,-0.21817786124096292,-0.5478853318672877,0.17837763897725525,-0.607537540900674,-0.27811419225161715,-0.6150380264730841
13.364173173904419,direct_px4_equiv,1,1,14,0,0,0,0,0,-0.03771572187542915,-1.2077252864837646,1.5088332295417786,0.047768864780664444,-1.4802392721176147,0.013457139022648335,-0.9742040906322411,-0.8087376876896394,-4.169783731817521,-0.8091224401288066,-0.0067696948535740376,-1.0389242831286227,1.5,0.0,-1.2006928105436592,0.0,-0.0,4.47084367416822,-0.0,0.0,0.0,-5.937107500558976,-1.5282458732669484,26.75355616056091,44.11625419273496,0.46735231173826164,0.015038116431143634,-2.842741457151537,23.6919073493425,23.678438861547903,6.0173961122442705,0.016,0.016,fixed_switch,0.365805059671402,0.365805059671402,0.36591196060180664,0.36591196060180664,0.6862595677375793,-0.0813194140791893,0.05642792582511902,-0.19109874963760376,-0.1909748762845993,0.36645111441612244,0.36645111441612244,0.3658611476421356,0.3658611476421356,0.6886777877807617,-0.08372177183628082,0.05610448122024536,-0.19288131594657898,-0.19357457756996155,11.760173082351685,0.0,0.004000186920166016,0,0,-0.12675507366657257,-0.021432237699627876,-0.40934476256370544,3,-0.6887057802962303,,4.0,3.5,8.0,3.8,3.2,4.0,0.15,0.12,3.0,2.168436911011774,-0.016782739917746228,0.014375044737467615,-0.030722532713592102,-0.12675507366657257,-0.021432237699627876,-0.40934476256370544,-0.04764280361476747,0.01220332502502903,0.10937679350685645,0.46735231173826164,-0.015038116431143634,2.842741457151537,1.0,0.9997558488425787,0.0,roll,0.0,0.0,0.0,0.0,0,8.268173217773438,a_to_c,1.2,0.0006707239954266697,1,0.1421046444850769,-0.5652730489348257,-0.23167662969467645,-0.5950305824556984,0.1821978236412719,-0.5999652713179908,-0.2625689304222658,-0.6003544366884989
13.38817310333252,direct_px4_equiv,1,1,14,0,0,0,0,0,-0.037037935107946396,-1.2302088737487793,1.50910884141922,0.04585995152592659,-1.3794838190078735,0.013020937331020832,-1.1518046263169877,-0.7548549636239642,-3.6500027735865914,-0.7554566531345877,-0.0067696948535740376,-1.0664353076162332,1.5,0.0,-1.0912080723801196,0.0,-0.0,4.643572283330304,-0.0,0.0,0.0,-5.937107500558976,-1.3560370317375114,27.47305483583964,44.206957526607454,0.4149662462143592,-0.02515529270988867,-2.7695967239305572,23.869315045149808,23.967221072698486,5.980424923499747,0.012,0.012,fixed_switch,0.3680903911590576,0.3680903911590576,0.3673171401023865,0.3673171401023865,0.6841481328010559,-0.0776761919260025,0.056127604097127914,-0.1942741423845291,-0.1951882392168045,0.369245707988739,0.369245707988739,0.3680528700351715,0.3680528700351715,0.6816378235816956,-0.0805543065071106,0.057123057544231415,-0.1953970342874527,-0.1968165934085846,11.784173011779785,0.0,0.003999948501586914,0,0,-0.10397925972938538,-0.032292094081640244,-0.37546592950820923,3,-0.6887057802962303,,4.0,3.5,8.0,3.8,3.2,4.0,0.15,0.12,3.0,2.663143134048326,-0.019835084107114806,0.013572504888219157,-0.03977958387416503,-0.10397925972938538,-0.032292094081640244,-0.37546592950820923,-0.048089325464908676,0.012538179277403971,0.10851124288684683,0.4149662462143592,0.02515529270988867,2.7695967239305572,1.0,0.9997111783001376,0.0,roll,0.0,0.0,0.0,0.0,0,8.292173147201538,a_to_c,1.2,0.004676142001699191,1,0.15225056068499776,-0.5893523295979376,-0.23440003250978753,-0.6132629621416487,0.18122812757774345,-0.6132019186662907,-0.2508054743491234,-0.6103302218884935
13.41217303276062,direct_px4_equiv,1,1,14,0,0,0,0,0,-0.036094751209020615,-1.260290265083313,1.50935298204422,0.04275008291006088,-1.2213215827941895,0.004045058973133564,-1.3451268933696077,-0.6428490141151492,-3.1616726072666967,-0.6436038940650304,-0.0067696948535740376,-1.091274455027719,1.5,0.0,-0.9782694692669285,0.0,-0.0,4.757866606705156,-0.0,0.0,0.0,-5.937107500558976,-1.1587403543182764,27.17568217259579,44.43986932504031,0.5167394192099354,-0.17666529729385583,-2.7912360752612386,24.093118187977236,23.898732105469954,5.81854012643594,0.016,0.016,fixed_switch,0.3675496578216553,0.3675496578216553,0.36908239126205444,0.36908239126205444,0.6748249530792236,-0.07652514427900314,0.05713716521859169,-0.19249892234802246,-0.1907273679971695,0.36907705664634705,0.36907705664634705,0.37011417746543884,0.37011417746543884,0.6776081919670105,-0.07706370949745178,0.05490461364388466,-0.1982790231704712,-0.19703510403633118,11.808172941207886,0.0,0.003999948501586914,0,0,-0.1312713772058487,-0.07677255570888519,-0.35904648900032043,3,-0.6887057802962303,,4.0,3.5,8.0,3.8,3.2,4.0,0.15,0.12,3.0,3.143774667267265,-0.023197398906720144,0.011784248133381635,-0.048299980452241924,-0.1312713772058487,-0.07677255570888519,-0.35904648900032043,-0.04861292143039588,0.012840268398149432,0.10743637779679008,0.5167394192099354,0.17666529729385583,2.7912360752612386,1.0,0.9996615060721797,0.0,roll,0.0,0.0,0.0,0.0,0,8.316173076629639,a_to_c,1.2,0.008592614998633508,1,0.15469132221958873,-0.6026058015586443,-0.23697966169869844,-0.6329839781095248,0.18448786268729128,-0.5991877119834029,-0.2470889138995254,-0.6047532150381628
13.43617296218872,direct_px4_equiv,1,1,14,0,0,0,0,0,-0.035531919449567795,-1.2775033712387085,1.5094566941261292,0.040768127888441086,-1.1129368543624878,0.007884439080953598,-1.5495104432943978,-0.5256120933488655,-2.710152162881894,-0.5264467136509563,-0.0067696948535740376,-1.1133761226165944,1.5,0.0,-0.8633370192616728,0.0,-0.0,4.808926686635757,-0.0,0.0,0.0,-5.937107500558976,-1.0187733417955296,27.288307626875014,44.46336935127791,0.5921527551993937,-0.1386880054864139,-2.7853642366483062,24.212357465382794,23.81334361180364,5.873500289927731,0.02,0.02,fixed_switch,0.3668743968009949,0.3668743968009949,0.3700195550918579,0.3700195550918579,0.6780045628547668,-0.0758073553442955,0.057793404906988144,-0.19420595467090607,-0.19055332243442535,0.36830997467041016,0.36830997467041016,0.36983057856559753,0.36983057856559753,0.6749181151390076,-0.07685696333646774,0.05759558826684952,-0.1939230114221573,-0.19215214252471924,11.832172870635986,0.0,0.003999948501586914,0,0,-0.1508786529302597,-0.06182375177741051,-0.3393245339393616,3,-0.6887057802962303,,4.0,3.5,8.0,3.8,3.2,4.0,0.15,0.12,3.0,3.611633642295609,-0.026773950021700816,0.0099305979574181,-0.05618382117064051,-0.1508786529302597,-0.06182375177741051,-0.3393245339393616,-0.04921857091232681,0.01310025618912958,0.1061659812598135,0.5921527551993937,0.1386880054864139,2.7853642366483062,1.0,0.9995922693865433,0.0,roll,0.0,0.0,0.0,0.0,0,8.34017300605774,a_to_c,1.2,0.012073454003257211,1,0.16208263570088757,-0.6139925200998183,-0.23748822748794826,-0.6436885538295012,0.18660676405236293,-0.5986409178530703,-0.2447712792336586,-0.6101160041442916
13.456173181533813,direct_px4_equiv,1,1,14,0,0,0,0,0,-0.034991778433322906,-1.293015956878662,1.5094683766365051,0.03878018632531166,-1.0037049055099487,-0.00683203712105751,-1.6953067656929692,-0.3934263634505705,-2.3575032692682214,-0.39419538020072975,-0.0067696948535740376,-1.1296810513568896,1.5,0.0,-0.7671685431805814,0.0,-0.0,4.799709415254464,-0.0,0.0,0.0,-5.937107500558976,-0.9106965395982656,26.899914906011873,44.78265849724411,0.5531413496268699,-0.26380778947000116,-2.7344958009427147,24.23617003454604,23.893069913266388,5.756218852699417,0.02,0.02,fixed_switch,0.36750492453575134,0.36750492453575134,0.37020641565322876,0.37020641565322876,0.6712012887001038,-0.07278719544410706,0.0569702610373497,-0.19032323360443115,-0.1872641146183014,0.3668743968009949,0.3668743968009949,0.3700195550918579,0.3700195550918579,0.6780045628547668,-0.0758073553442955,0.057793404906988144,-0.19420595467090607,-0.19055332243442535,11.852173089981079,0.0,0.004000186920166016,0,0,-0.1329195201396942,-0.09700851887464523,-0.3161218464374542,3,-0.6887057802962303,,4.0,3.5,8.0,3.8,3.2,4.0,0.15,0.12,3.0,3.9748899569624307,-0.029358555848250395,0.007786571513698791,-0.06235698537566902,-0.1329195201396942,-0.09700851887464523,-0.3161218464374542,-0.049783578656676764,0.01327371538272269,0.10496789278973319,0.5531413496268699,0.26380778947000116,2.7344958009427147,1.0,0.9995387222202363,0.0,roll,0.0,0.0,0.0,0.0,0,8.360173225402832,a_to_c,1.2,0.012303083000006154,1,0.1633614121124707,-0.6163592262698779,-0.23843770098502517,-0.633925286219156,0.1839489465855847,-0.5883075669537862,-0.23501959021836102,-0.5979180606295722
13.480173110961914,direct_px4_equiv,1,1,14,0,0,0,0,0,-0.034298334270715714,-1.3113930225372314,1.5091388821601868,0.035540319979190826,-0.8376615643501282,-0.01680266484618187,-1.8817571722130113,-0.24836571930763582,-1.9605773281489414,-0.24896508717856644,-0.0067696948535740376,-1.1467163757878822,1.5,0.0,-0.6527550266764434,0.0,-0.0,4.722372629499094,-0.0,0.0,0.0,-5.937107500558976,-0.7484566661124914,25.554276506254677,45.01536377752198,0.5403937737008434,-0.2699533466661563,-2.695763697582684,23.96447020451216,23.57242348761582,5.782743710421573,0.012,0.012,fixed_switch,0.3649626076221466,0.3649626076221466,0.3680686950683594,0.3680686950683594,0.672745943069458,-0.07031232863664627,0.056999050080776215,-0.18234694004058838,-0.1789994090795517,0.3631143271923065,0.3631143271923065,0.3673662841320038,0.3673662841320038,0.6716957092285156,-0.07081955671310425,0.056702565401792526,-0.18001438677310944,-0.17550870776176453,11.87617301940918,0.0,0.003999948501586914,0,0,-0.12333308905363083,-0.09480217844247818,-0.2930314242839813,3,-0.6887057802962303,,4.0,3.5,8.0,3.8,3.2,4.0,0.15,0.12,3.0,4.4024538287901915,-0.03267115932063762,0.005471024601240595,-0.06930896020809599,-0.12333308905363083,-0.09480217844247818,-0.2930314242839813,-0.050534749425572366,0.013427966887166177,0.10337318176116468,0.5403937737008434,0.2699533466661563,2.695763697582684,1.0,0.9994513316087802,0.0,roll,0.0,0.0,0.0,0.0,0,8.384173154830933,a_to_c,1.2,0.01611086200136924,1,0.16392955836293346,-0.6196297684945906,-0.23694027002627702,-0.6309478680558751,0.18404190366760909,-0.5623432518223277,-0.22702861295823384,-0.5728598296638374
13.504173040390015,direct_px4_equiv,1,1,14,0,0,0,0,0,-0.03335898742079735,-1.3311879634857178,1.5080261826515198,0.02963152714073658,-0.5649122595787048,-0.03786376491189003,-2.073812216630126,-0.09412271713917543,-1.5987817977683474,-0.09439317689681902,-0.0067696948535740376,-1.1610353175999726,1.5,0.0,-0.5411099951236125,0.0,-0.0,4.5682016646406725,-0.0,0.0,0.0,-5.937107500558976,-0.5319975262755132,22.051805446841787,45.39335984070026,0.6290125805980673,-0.32697665778096313,-2.65325047098984,23.43315151280155,22.633573241958675,5.763862363655374,0.016,0.016,fixed_switch,0.35741764307022095,0.35741764307022095,0.36385297775268555,0.36385297775268555,0.671646773815155,-0.06769366562366486,0.05654315650463104,-0.1619628220796585,-0.15593574941158295,0.3601953983306885,0.3601953983306885,0.36432555317878723,0.36432555317878723,0.6725890636444092,-0.06872925162315369,0.05717695876955986,-0.16914065182209015,-0.16505128145217896,11.90017294883728,0.0,0.003999948501586914,0,0,-0.14703547954559326,-0.10848803073167801,-0.2708398699760437,3,-0.6887057802962303,,4.0,3.5,8.0,3.8,3.2,4.0,0.15,0.12,3.0,4.807679868819603,-0.03610476171586183,0.003011203511229086,-0.07565785106390112,-0.14703547954559326,-0.10848803073167801,-0.2708398699760437,-0.05136720051593897,0.013523905985249062,0.10161945939251499,0.6290125805980673,0.32697665778096313,2.65325047098984,1.0,0.9993436894418755,0.0,roll,0.0,0.0,0.0,0.0,0,8.408173084259033,a_to_c,1.2,0.0008806869955151342,1,0.169178720323129,-0.5881173805881883,-0.2341995117316835,-0.6126391355949536,0.18256989079962258,-0.48988658506413113,-0.2185733057913909,-0.508821207285771
13.528172969818115,direct_px4_equiv,1,1,14,0,0,0,0,0,-0.03294115141034126,-1.3360470533370972,1.506756603717804,0.026448849588632584,-0.4078691005706787,-0.05211275815963745,-2.209178855780898,0.05578557886000303,-1.2777137478689873,0.05597054157746062,-0.0067696948535740376,-1.172726909143287,1.5,0.0,-0.434135062720749,0.0,-0.0,4.332396563022272,-0.0,0.0,0.0,-5.937107500558976,-0.43116638735314183,19.901314973281693,45.66512611037066,0.49678033915625447,-0.3244435372732088,-2.51644333593256,22.883421926024376,22.32004364949567,5.805968194122393,0.012,0.012,fixed_switch,0.3548632562160492,0.3548632562160492,0.35944056510925293,0.35944056510925293,0.6740955114364624,-0.06287676095962524,0.05434246361255646,-0.14708682894706726,-0.14319553971290588,0.3585496246814728,0.3585496246814728,0.3636452555656433,0.3636452555656433,0.6742786765098572,-0.06679142266511917,0.056328848004341125,-0.1630460023880005,-0.15821924805641174,11.92417287826538,0.0,0.003999948501586914,0,0,-0.09919946640729904,-0.10312418639659882,-0.23413608968257904,3,-0.6887057802962303,,4.0,3.5,8.0,3.8,3.2,4.0,0.15,0.12,3.0,5.157602784667124,-0.038562753048408505,0.0005945965533726019,-0.08130299904597757,-0.09919946640729904,-0.10312418639659882,-0.23413608968257904,-0.0522710017966983,0.013563439972376716,0.09972279275814104,0.49678033915625447,0.3244435372732088,2.51644333593256,1.0,0.9992562801973771,0.0,roll,0.0,0.0,0.0,0.0,0,8.432173013687134,a_to_c,1.2,0.0030685870005981997,1,0.17009385392543508,-0.5670038247740206,-0.22913438787915014,-0.6077009141947083,0.17546416434873757,-0.4498620618234556,-0.20302019896846343,-0.46208690566150423
13.548173189163208,direct_px4_equiv,1,1,14,0,0,0,0,0,-0.032711029052734375,-1.3367915153503418,1.5056310296058655,0.024634769186377525,-0.30593201518058777,-0.06362263113260269,-2.313640212037376,0.18706971549863077,-1.0530876658426842,0.1877513967369198,-0.0067696948535740376,-1.1805596743491915,1.5,0.0,-0.35000715840802604,0.0,-0.0,4.070065890568522,-0.0,0.0,0.0,-5.937107500558976,-0.39752479711287414,18.20100409943689,45.8815392443004,0.4182026351063896,-0.3485214759475328,-2.374326387276138,22.51686723335786,22.08656544484934,5.804775451679507,0.012,0.012,fixed_switch,0.3529493808746338,0.3529493808746338,0.35646888613700867,0.35646888613700867,0.6740263104438782,-0.058774225413799286,0.051342226564884186,-0.13518287241458893,-0.13243742287158966,0.3550647795200348,0.3550647795200348,0.3596821427345276,0.3596821427345276,0.6738807559013367,-0.06342662125825882,0.0547860786318779,-0.14737854897975922,-0.14344710111618042,11.944173097610474,0.0,0.004000186920166016,0,0,-0.06998424977064133,-0.10674599558115005,-0.2005867213010788,3,-0.6887057802962303,,4.0,3.5,8.0,3.8,3.2,4.0,0.15,0.12,3.0,5.410656621017642,-0.04048025939932647,-0.0015409205750632692,-0.08526480161622997,-0.06998424977064133,-0.10674599558115005,-0.2005867213010788,-0.053063904660786504,0.013550328323175575,0.09804837471338729,0.4182026351063896,0.3485214759475328,2.374326387276138,1.0,0.999179487108325,0.0,roll,0.0,0.0,0.0,0.0,0,8.452173233032227,a_to_c,1.2,0.004535820997261908,1,0.16980222763252797,-0.5588577471475766,-0.2236266340687147,-0.5848727713614054,0.16577681783384415,-0.4160644249577958,-0.18977369860520774,-0.42468951745958694
13.572173118591309,direct_px4_equiv,1,1,14,0,0,0,0,0,-0.0324338898062706,-1.3342890739440918,1.5035439133644104,0.02159741334617138,-0.1581909954547882,-0.07905586063861847,-2.4579634661420013,0.35887553332661354,-0.8286174755715485,0.36030662192867696,-0.0067696948535740376,-1.1878236267680853,1.5,0.0,-0.25691540640353594,0.0,-0.0,3.6721305722669584,-0.0,0.0,0.0,-5.937107500558976,-0.3748618116455952,15.176132575526644,46.15361818376227,0.5077436196166071,-0.43635329467224504,-2.2483694023273495,22.265096334047126,21.453611397639005,5.728092862251495,0.016,0.016,fixed_switch,0.34770944714546204,0.34770944714546204,0.3544137477874756,0.3544137477874756,0.6695594787597656,-0.0557706281542778,0.0478200688958168,-0.11507540941238403,-0.11069974303245544,0.3528379499912262,0.3528379499912262,0.35648152232170105,0.35648152232170105,0.6738499999046326,-0.05926401540637016,0.05171099677681923,-0.13455434143543243,-0.13172775506973267,11.968173027038574,0.0,0.003999948501586914,0,0,-0.09536253660917282,-0.12942920625209808,-0.16988690197467804,3,-0.6887057802962303,,4.0,3.5,8.0,3.8,3.2,4.0,0.15,0.12,3.0,5.686966564852825,-0.04313250356251469,-0.004344211672621573,-0.0892437154057201,-0.09536253660917282,-0.12942920625209808,-0.16988690197467804,-0.05407375312410474,0.013476706148067489,0.0959448353914971,0.5077436196166071,0.43635329467224504,2.2483694023273495,1.0,0.9990603574771009,0.0,roll,0.0,0.0,0.0,0.0,0,8.476173162460327,a_to_c,1.2,0.008548222001991235,1,0.1682035273773768,-0.5317474813670195,-0.21799609122208813,-0.5492089073456293,0.15440426173867305,-0.3477735097125923,-0.18007550313687928,-0.36152007008746284
13.59617304801941,direct_px4_equiv,1,1,14,0,0,0,0,0,-0.032324712723493576,-1.3296635150909424,1.5018365979194641,0.020439768210053444,-0.06435202062129974,-0.08927134424448013,-2.612246046731254,0.5337237164883726,-0.6751979249029457,0.5359821866214186,-0.0067696948535740376,-1.1929770156250956,1.5,0.0,-0.17450727957673706,0.0,-0.0,3.178961181546557,-0.0,0.0,0.0,-5.937107500558976,-0.42418720862054826,12.455440398325353,46.32007232067634,0.49009257743476653,-0.41391803703539604,-2.0537019656082154,21.874386907783027,20.995531496659385,5.779161408223085,0.02,0.02,fixed_switch,0.34386882185935974,0.34386882185935974,0.3512013256549835,0.3512013256549835,0.6725375652313232,-0.05157773569226265,0.0429634228348732,-0.09585987776517868,-0.09189523011445999,0.347517192363739,0.347517192363739,0.35430464148521423,0.35430464148521423,0.6693837642669678,-0.05602898821234703,0.0478966198861599,-0.1141948401927948,-0.1098010465502739,11.992172956466675,0.0,0.003999948501586914,0,0,-0.08518712222576141,-0.1173618882894516,-0.13031524419784546,3,-0.6887057802962303,,4.0,3.5,8.0,3.8,3.2,4.0,0.15,0.12,3.0,5.909262269642262,-0.04596727681425219,-0.007210357241057128,-0.09199264241193762,-0.08518712222576141,-0.1173618882894516,-0.13031524419784546,-0.0551456970529227,0.013333164044202248,0.09376188932806753,0.49009257743476653,0.41391803703539604,2.0537019656082154,1.0,0.9989175101757082,0.0,roll,0.0,0.0,0.0,0.0,0,8.500173091888428,a_to_c,1.2,0.012576864995935466,1,0.16551901213434864,-0.4943825116247995,-0.21121669738781182,-0.5216295176731058,0.13872283892648368,-0.2886973849341608,-0.1665372448386547,-0.30115269483830714
13.62017297744751,direct_px4_equiv,1,1,14,0,0,0,0,0,-0.032208237797021866,-1.3198660612106323,1.4989524483680725,0.01888149417936802,0.06444935500621796,-0.10517334192991257,-2.780795450735137,0.7093340121206443,-0.6058151226124466,0.7124155148983072,-0.0067696948535740376,-1.1963041352152999,1.5,0.0,-0.10512598826736409,0.0,-0.0,2.5857577607503637,-0.0,0.0,0.0,-5.937107500558976,-0.4891037177790379,8.385568348973774,46.555605317671336,0.6081984467583621,-0.4318636007441631,-1.5896806665799765,21.660836256465867,20.24543691766138,5.786887658361769,0.012,0.012,fixed_switch,0.3374882936477661,0.3374882936477661,0.34943336248397827,0.34943336248397827,0.6729869842529297,-0.041611503809690475,0.031592920422554016,-0.06640180945396423,-0.06200510635972023,0.3400598168373108,0.3400598168373108,0.350126177072525,0.350126177072525,0.6671860814094543,-0.04513545334339142,0.036081068217754364,-0.07282713055610657,-0.06874821335077286,12.016172885894775,0.0,0.003999948501586914,0,0,-0.12003738433122635,-0.1178579106926918,-0.04867413640022278,3,-0.6887057802962303,,4.0,3.5,8.0,3.8,3.2,4.0,0.15,0.12,3.0,6.069279706212687,-0.049051434534105494,-0.010106163422086804,-0.09328595043455735,-0.12003738433122635,-0.1178579106926918,-0.04867413640022278,-0.056289288280011264,0.013117361322283675,0.09153281685551107,0.6081984467583621,0.4318636007441631,1.5896806665799765,1.0,0.9987459111076241,0.0,roll,0.0,0.0,0.0,0.0,0,8.524173021316528,a_to_c,1.2,0.016588224003498908,1,0.1591009089575988,-0.44492462733372684,-0.2038979411554798,-0.4670946263998459,0.10200909057240755,-0.19479478311765677,-0.13435768092159456,-0.20860744590808591
13.64417314529419,direct_px4_equiv,1,1,14,0,0,0,0,0,-0.03218851611018181,-1.295416235923767,1.4934514164924622,0.01793683134019375,0.24164044857025146,-0.11479238420724869,-2.9126164026295256,0.8451279237511417,-0.6400465174964904,0.8487520595760479,-0.0067696948535740376,-1.1981469113103584,1.5,0.0,-0.05122949139342836,0.0,-0.0,1.8877128812049075,-0.0,0.0,0.0,-5.937107500558976,-0.5326725048533201,2.5464653679190152,46.655730702244135,0.46167551820514,-0.3648776569499846,-1.0238156792427247,21.111389532335146,19.8594277436645,5.886930200549487,0.016,0.016,fixed_switch,0.33415868878364563,0.33415868878364563,0.34484413266181946,0.34484413266181946,0.6787792444229126,-0.028443360701203346,0.018895745277404785,-0.020421570166945457,-0.01920899748802185,0.3353801369667053,0.3353801369667053,0.3481830656528473,0.3481830656528473,0.6741071343421936,-0.03819187358021736,0.028109978884458542,-0.04942777007818222,-0.04593315348029137,12.040173053741455,0.0,0.004000186920166016,0,0,-0.06784231960773468,-0.09278591722249985,0.046152595430612564,3,-0.6887057802962303,,4.0,3.5,8.0,3.8,3.2,4.0,0.15,0.12,3.0,6.121870372767118,-0.0514549675489655,-0.012380904709299593,-0.0927603376583131,-0.06784231960773468,-0.09278591722249985,0.046152595430612564,-0.05750150146250243,0.01284156242870243,0.08929735672953391,0.46167551820514,0.3648776569499846,1.0238156792427247,1.0,0.9985995498006922,0.0,roll,0.0,0.0,0.0,0.0,0,8.548173189163208,a_to_c,1.2,0.0009134979991358705,1,0.1424695762898145,-0.29947574057043824,-0.18259465043151268,-0.3219336787448434,0.06101170050719874,-0.060346847751066954,-0.09183960438916061,-0.06415625681689582
13.66817307472229,direct_px4_equiv,1,1,14,0,0,0,0,0,-0.03218286484479904,-1.2836782932281494,1.4910832047462463,0.018040068447589874,0.29588058590888977,-0.11750686913728714,-3.017854174261863,0.9432939782083315,-0.8054846500183536,0.9470893477121473,-0.0067696948535740376,-1.1989076085171722,1.5,0.0,-0.015392489282127997,0.0,-0.0,1.080040414325616,-0.0,0.0,0.0,-5.937107500558976,-0.5713102306425346,-1.7124561448862128,46.57658305966847,0.47260004469056244,-0.3449736125849536,-0.484789314671723,21.109554681891556,19.633052614214737,5.901353154332746,0.012,0.012,fixed_switch,0.33219099044799805,0.33219099044799805,0.34482869505882263,0.34482869505882263,0.6796102523803711,-0.01611577346920967,0.006591537967324257,0.013886394910514355,0.012914561666548252,0.3333415985107422,0.3333415985107422,0.34462013840675354,0.34462013840675354,0.6778112053871155,-0.02840791828930378,0.018316064029932022,-0.008884832262992859,-0.008328686468303204,12.064172983169556,0.0,0.003999948501586914,0,0,-0.06875689327716827,-0.08348830789327621,0.130822092294693,3,-0.6887057802962303,,4.0,3.5,8.0,3.8,3.2,4.0,0.15,0.12,3.0,6.048047205398653,-0.053347579821139204,-0.014083603655504413,-0.08993279605665255,-0.06875689327716827,-0.08348830789327621,0.130822092294693,-0.058759407978837566,0.012519412212376908,0.08710593874951982,0.47260004469056244,0.3449736125849536,0.484789314671723,1.0,0.9984778440711979,0.0,roll,0.0,0.0,0.0,0.0,0,8.572173118591309,a_to_c,1.2,0.004574091995891649,1,0.12875275832763602,-0.22683745168852212,-0.16639520215950174,-0.22648180770875054,0.021283147637280148,0.040572292414468955,-0.05203556174173063,0.043625397517632745
13.69217300415039,direct_px4_equiv,1,1,14,0,0,0,0,0,-0.03218238428235054,-1.2637416124343872,1.4874406456947327,0.018473688513040543,0.35799339413642883,-0.11384212225675583,-3.1431127366754867,1.0022677170475154,-1.1196473286603148,1.0058202009578254,-0.0067696948535740376,-1.1990516989012507,1.5,0.0,-0.00030317286071479543,0.0,-0.0,0.15793399671616487,-0.0,0.0,0.0,-5.937107500558976,-0.5266511780039234,-7.121968165312543,46.351037049211826,0.5003560773187509,-0.25854647122444424,0.12337890457069665,21.38543407987502,19.611428937304364,5.9837008499723625,0.016,0.016,fixed_switch,0.3320024311542511,0.3320024311542511,0.34714046120643616,0.34714046120643616,0.684335470199585,-0.0012267249403521419,-0.006613606121391058,0.058120157569646835,0.0532512441277504,0.33200374245643616,0.33200374245643616,0.3451443612575531,0.3451443612575531,0.6789219975471497,-0.01568085141479969,0.006107650231570005,0.023931724950671196,0.022191056981682777,12.088172912597656,0.0,0.003999948501586914,0,0,-0.07442338764667511,-0.0544288232922554,0.22105157375335693,3,-0.6887057802962303,,4.0,3.5,8.0,3.8,3.2,4.0,0.15,0.12,3.0,5.860872807817084,-0.055535126596675304,-0.015165441387795736,-0.08450026659240337,-0.07442338764667511,-0.0544288232922554,0.22105157375335693,-0.060071963738425695,0.012165487542951412,0.0850179992282036,0.5003560773187509,0.25854647122444424,-0.12337890457069665,1.0,0.9983429295985198,0.0,roll,0.0,0.0,0.0,0.0,0,8.59617304801941,a_to_c,1.2,0.008656906000396702,1,0.11164738098550167,-0.12024107002019259,-0.1482497012068194,-0.11963229636992752,-0.021354401901778817,0.16729371905438592,-0.003960921927864308,0.18258985449286705
13.71617317199707,direct_px4_equiv,1,1,14,0,0,0,0,0,-0.03215605020523071,-1.2501435279846191,1.485081970691681,0.018927643075585365,0.38310399651527405,-0.10720433294773102,-3.105830654241959,0.9810304385472387,-1.601378125005067,0.9838454303959706,-0.0067696948535740376,-1.1990520862629637,1.5,0.0,0.0,0.0,0.0,0.0,0.0,0.0,0.0,-5.937107500558976,-0.5132716240708021,-8.142090091370289,46.241129508152675,0.35683233602803094,-0.12819179483061713,0.8568449697329502,21.20500604367335,19.801343874006687,6.138432083761368,0.02,0.02,hover,0.33365488052368164,0.33365488052368164,0.3456302285194397,0.3456302285194397,0.6931270360946655,0.01665523275732994,-0.023161718621850014,0.06591275334358215,0.06149252504110336,0.3320840001106262,0.3320840001106262,0.3473253846168518,0.3473253846168518,0.6837591528892517,-0.0013586904387921095,-0.007401818409562111,0.06136322021484375,0.05618509277701378,12.112173080444336,0.0,0.004000186920166016,0,0,-0.027886999770998955,-0.013954291120171547,0.32577404379844666,3,-0.6887057802962303,,4.0,3.5,8.0,3.8,3.2,4.0,0.15,0.12,3.0,5.443567210806281,-0.054806997750088134,-0.015053281767630378,-0.07608782028100472,-0.027886999770998955,-0.013954291120171547,0.32577404379844666,-0.0013360666296434167,-0.0003652260256288981,-0.0019161827392606232,0.35683233602803094,0.12819179483061713,-0.8568449697329502,1.0,0.9983847958807411,0.0,roll,0.0,0.0,0.0,0.0,0,8.600173234939575,post_hold_c,1.2,0.012522472999989986,1,0.08864263251694761,-0.024119785066494506,-0.12556515921385467,-0.007569669077928577,-0.0747859292500647,0.19318446727494534,0.05377739876295176,0.20707102478039952
13.740173101425171,direct_px4_equiv,1,1,14,0,0,0,0,0,-0.032131362706422806,-1.2358256578445435,1.482861578464508,0.019065657630562782,0.3963269889354706,-0.09957534819841385,-2.871545838947058,0.8849224738249055,-2.2428442499198793,0.8867648138623203,-0.0067696948535740376,-1.1990520862629637,1.5,0.0,0.0,0.0,0.0,0.0,0.0,0.0,0.0,-5.937107500558976,-0.3544690114111112,-8.429206012495039,46.20016361387396,-0.31140123554405963,0.08792166145347352,1.9551156429173964,20.278843196391364,20.819756847304,6.416554933370474,0.012,0.012,hover,0.3423839807510376,0.3423839807510376,0.33777493238449097,0.33777493238449097,0.7086553573608398,0.04243810474872589,-0.049225568771362305,0.06488478928804398,0.06664089858531952,0.3422399163246155,0.3422399163246155,0.3376646637916565,0.3376646637916565,0.7012994885444641,0.032444488257169724,-0.040276605635881424,0.0657007023692131,0.06746698170900345,12.136173009872437,0.0,0.003999948501586914,0,0,0.18970297276973724,0.04890607297420502,0.48503726720809937,3,-0.6887057802962303,,4.0,3.5,8.0,3.8,3.2,4.0,0.15,0.12,3.0,4.778806799205662,-0.05058282007987089,-0.0138165547616704,-0.06483051430271437,0.18970297276973724,0.04890607297420502,0.48503726720809937,-0.002593143010743996,-0.000712406782300189,-0.0035896704546568145,-0.31140123554405963,-0.08792166145347352,-1.9551156429173964,1.0,0.9986252405774856,0.0,roll,0.0,0.0,0.0,0.0,0,8.600173234939575,post_hold_c,1.2,0.016516300005605444,1,0.06243604696872775,0.022442475468557068,-0.09770642738835418,0.032831415858783936,-0.15894242768613834,0.20935856746516635,0.13702666398183116,0.20384158433765412
13.764173030853271,direct_px4_equiv,1,1,14,0,0,0,0,0,-0.03200385347008705,-1.1928832530975342,1.4772217869758606,0.01627718098461628,0.4131965637207031,-0.0633406937122345,-2.5997719292922876,0.735783568532527,-3.0127956046304214,0.736742869213005,-0.0067696948535740376,-1.1990520862629637,1.5,0.0,0.0,0.0,0.0,0.0,0.0,0.0,0.0,-5.937107500558976,-0.051403120363531674,-9.241254230102854,45.75289681654128,-0.45925588393405825,0.17341651410294695,2.618589867230579,20.07805922227687,21.049637081231694,6.471784706469513,0.016,0.016,hover,0.34432461857795715,0.34432461857795715,0.3360484838485718,0.3360484838485718,0.7116986513137817,0.059818387031555176,-0.06374465674161911,0.0704461857676506,0.07391617447137833,0.3429834246635437,0.3429834246635437,0.336745023727417,0.336745023727417,0.7123743295669556,0.04947053641080856,-0.05553318187594414,0.06850974261760712,0.07103768736124039,12.160172939300537,0.0,0.003999948501586914,0,0,0.23191839456558228,0.07096114754676819,0.5652698874473572,3,-0.6887057802962303,,4.0,3.5,8.0,3.8,3.2,4.0,0.15,0.12,3.0,3.9934628222771797,-0.04568257513151416,-0.011676586229726168,-0.0513103728466645,0.23191839456558228,0.07096114754676819,0.5652698874473572,-0.0037372922534236,-0.0010176584832142298,-0.004959895728168575,-0.45925588393405825,-0.17341651410294695,-2.618589867230579,1.0,0.9988883798571015,0.0,roll,0.0,0.0,0.0,0.0,0,8.600173234939575,post_hold_c,1.2,0.0008208549988921732,1,-0.0024538497961484,0.09304942729319392,-0.028679745103657485,0.07559054119268652,-0.20582251061345516,0.23221450821534062,0.19314514580690845,0.22131322853370838
13.788172960281372,direct_px4_equiv,1,1,14,0,0,0,0,0,-0.03194892033934593,-1.1786001920700073,1.4757757782936096,0.014704330824315548,0.415262907743454,-0.05078986659646034,-2.388896996890742,0.5162242506590253,-3.856084507373451,0.5165648865809466,-0.0067696948535740376,-1.1990520862629637,1.5,0.0,0.0,0.0,0.0,0.0,0.0,0.0,0.0,-5.937107500558976,0.27384766505665187,-9.347393940638476,45.6098669950329,-0.285642172660702,0.4190370615162675,3.1943077597454033,20.282036241169152,20.816466475992343,6.777156197191752,0.012,0.012,hover,0.3423561453819275,0.3423561453819275,0.33780232071876526,0.33780232071876526,0.7282959222793579,0.07676810026168823,-0.0745169147849083,0.07208115607500076,0.07401500642299652,0.34396758675575256,0.34396758675575256,0.33650273084640503,0.33650273084640503,0.7197819352149963,0.0667702779173851,-0.0684690997004509,0.0698835551738739,0.0729793980717659,12.184172868728638,0.0,0.003999948501586914,0,0,0.17093051970005035,0.14243072271347046,0.6275474429130554,3,-0.6887057802962303,,4.0,3.5,8.0,3.8,3.2,4.0,0.15,0.12,3.0,3.2168414549046673,-0.04184737639230679,-0.008249260124535848,-0.03649823165708507,0.17093051970005035,0.14243072271347046,0.6275474429130554,-0.004778525156434757,-0.0012498311539645241,-0.005985481104181241,-0.285642172660702,-0.4190370615162675,-3.1943077597454033,1.0,0.9990903734554563,0.0,roll,0.0,0.0,0.0,0.0,0,8.600173234939575,post_hold_c,1.2,0.00457543400261784,1,-0.037959011189024026,0.1127279673953053,0.012021820397635241,0.10127404195938111,-0.24060462269682423,0.2325249912618481,0.24787337062473416,0.22644963964554318
13.808173179626465,direct_px4_equiv,1,1,14,0,0,0,0,0,-0.031878504902124405,-1.1576511859893799,1.474063217639923,0.01187955867499113,0.41556328535079956,-0.030038120225071907,-2.23649800394599,0.2973381454804283,-4.568041991438386,0.29742298090012975,-0.0067696948535740376,-1.1990520862629637,1.5,0.0,0.0,0.0,0.0,0.0,0.0,0.0,0.0,-5.937107500558976,0.6135583955314172,-9.582872795991197,45.314619726827566,-0.24562263608049603,0.5540000481493517,3.3918676760906,20.19591784339724,20.694576226595345,6.918090219256377,0.012,0.012,hover,0.34132272005081177,0.34132272005081177,0.33706292510032654,0.33706292510032654,0.7358295917510986,0.0848357155919075,-0.07707681506872177,0.07437347620725632,0.07624532282352448,0.3426935076713562,0.3426935076713562,0.3378085196018219,0.3378085196018219,0.728925347328186,0.07904137670993805,-0.07542843371629715,0.0716019719839096,0.07366321235895157,12.20417308807373,0.0,0.004000186920166016,0,0,0.1545608639717102,0.1787898689508438,0.6312896609306335,3,-0.6887057802962303,,4.0,3.5,8.0,3.8,3.2,4.0,0.15,0.12,3.0,2.6420275162783238,-0.039090843495579175,-0.004721847457438893,-0.02399077332570455,0.1545608639717102,0.1787898689508438,0.6312896609306335,-0.005584701402464951,-0.001374788351674599,-0.0065649500388690754,-0.24562263608049603,-0.5540000481493517,-3.3918676760906,1.0,0.9992248050605799,0.0,roll,0.0,0.0,0.0,0.0,0,8.600173234939575,post_hold_c,1.2,0.004809833000763319,1,-0.07170742363066766,0.13529923914300948,0.050842775404057926,0.12204060171700198,-0.24887018686603302,0.2395317448376353,0.2739225780616635,0.23365117525783446
13.832173109054565,direct_px4_equiv,1,1,14,0,0,0,0,0,-0.03184255585074425,-1.1439956426620483,1.4732394814491272,0.009788086637854576,0.41487351059913635,-0.016349883750081062,-2.0725899024778904,0.012008433144149356,-5.382181761472725,0.012008995639569926,-0.0067696948535740376,-1.1990520862629637,1.5,0.0,0.0,0.0,0.0,0.0,0.0,0.0,0.0,-5.937107500558976,1.0035612412807053,-9.663473998593618,45.12231573813875,-0.17967956680091207,0.5255128963614252,3.4899849420895293,20.226222740189602,20.639298653620916,6.861381462942319,0.016,0.016,hover,0.3408530652523041,0.3408530652523041,0.33732330799102783,0.33732330799102783,0.7328075170516968,0.09064947068691254,-0.07623772323131561,0.07521554082632065,0.07678183168172836,0.3416897654533386,0.3416897654533386,0.3370472490787506,0.3370472490787506,0.7365244626998901,0.0871213972568512,-0.07789954543113708,0.07384651154279709,0.07587286829948425,12.228173017501831,0.0,0.003999948501586914,0,0,0.12685097754001617,0.16232821345329285,0.6141217350959778,3,-0.6887057802962303,,4.0,3.5,8.0,3.8,3.2,4.0,0.15,0.12,3.0,2.14567538750885,-0.03617213423530485,-3.438396836348651e-05,-0.009687452367220118,0.12685097754001617,0.16232821345329285,0.6141217350959778,-0.006482165444669569,-0.0014250603697615453,-0.006937897880270544,-0.17967956680091207,-0.5255128963614252,-3.4899849420895293,1.0,0.9993457877216457,0.0,roll,0.0,0.0,0.0,0.0,0,8.600173234939575,post_hold_c,1.2,0.006506854995677713,1,-0.10097554455632102,0.15815944669596216,0.08823671935837421,0.1435073911942271,-0.2461608616498859,0.24121722958589192,0.2926943683373684,0.23629658781727908
13.856173038482666,direct_px4_equiv,1,1,14,0,0,0,0,0,-0.031844090670347214,-1.1240767240524292,1.4726324677467346,0.006668733898550272,0.4119279384613037,-0.00028462521731853485,-1.913946056806214,-0.2619141742174441,-6.104553785455573,-0.26191525218855904,-0.0067696948535740376,-1.1990520862629637,1.5,0.0,0.0,0.0,0.0,0.0,0.0,0.0,0.0,-5.937107500558976,1.3986107102665786,-9.818746053544228,44.874700641039695,-0.19900974786708436,0.5510363171929121,3.300852885150461,19.991221610055156,20.53918552496033,6.867440603037119,0.02,0.02,hover,0.34000086784362793,0.34000086784362793,0.3352991044521332,0.3352991044521332,0.7331309914588928,0.08977637439966202,-0.06932999193668365,0.07682769745588303,0.07897723466157913,0.3410341739654541,0.3410341739654541,0.3373011648654938,0.3373011648654938,0.7331790328025818,0.09173276275396347,-0.07657364755868912,0.0749475434422493,0.07659853994846344,12.252172946929932,0.0,0.003999948501586914,0,0,0.1280418187379837,0.16265526413917542,0.5519588589668274,3,-0.6887057802962303,,4.0,3.5,8.0,3.8,3.2,4.0,0.15,0.12,3.0,1.9394025094853475,-0.033409660065321166,0.004521809477823324,0.0029984176494585405,0.1280418187379837,0.16265526413917542,0.5519588589668274,-0.007311334573950359,-0.0013641509022121751,-0.006988879813395195,-0.19900974786708436,-0.5510363171929121,-3.300852885150461,1.0,0.9994316739716697,0.0,roll,0.0,0.0,0.0,0.0,0,8.600173234939575,post_hold_c,1.2,0.011536359001183882,1,-0.12004640758784697,0.16444751735826799,0.1168592917994611,0.15335124863585956,-0.22385676885058817,0.24811429722466888,0.2898752662123891,0.2413613306705623
13.880172967910767,direct_px4_equiv,1,1,14,0,0,0,0,0,-0.03187738358974457,-1.1111726760864258,1.4725316166877747,0.004286557901650667,0.4100126624107361,0.020389385521411896,-1.7899194296010772,-0.49610717106307023,-6.697645617823178,-0.49615088734755924,-0.0067696948535740376,-1.1990520862629637,1.5,0.0,0.0,0.0,0.0,0.0,0.0,0.0,0.0,-5.937107500558976,1.7244825450424317,-9.892652032383388,44.523381627027135,-0.06965948277874745,0.49747433178571276,2.706613401660567,19.873166917895134,20.058428427575816,6.7553285769949465,0.012,0.012,hover,0.33587920665740967,0.33587920665740967,0.3342777490615845,0.3342777490615845,0.7271221280097961,0.07995983213186264,-0.05236131697893143,0.0793120339512825,0.08006731420755386,0.3371777832508087,0.3371777832508087,0.3320346474647522,0.3320346474647522,0.7410573363304138,0.08398476988077164,-0.059781260788440704,0.07896585017442703,0.08141050487756729,12.276172876358032,0.0,0.003999948501586914,0,0,0.07942084223031998,0.14009255170822144,0.4267345368862152,3,-0.6887057802962303,,4.0,3.5,8.0,3.8,3.2,4.0,0.15,0.12,3.0,2.009992106953519,-0.0312951958705761,0.008450103136905656,0.013407290416090217,0.07942084223031998,0.14009255170822144,0.4267345368862152,-0.008077910688601538,-0.001194784430036167,-0.006766573504761583,-0.06965948277874745,-0.49747433178571276,-2.706613401660567,1.0,0.9994746032474737,0.0,roll,0.0,0.0,0.0,0.0,0,8.600173234939575,post_hold_c,1.2,0.01667186999839032,1,-0.12754922769255997,0.16840795962148758,0.14229800476043433,0.15837331974393984,-0.16906731702431263,0.25153887924459534,0.25817904298369193,0.24916609282342067
13.90017318725586,direct_px4_equiv,1,1,14,0,0,0,0,0,-0.03199375793337822,-1.0925414562225342,1.4727175831794739,0.0032924539409577847,0.4041536748409271,0.018756486475467682,-1.717940249376556,-0.5640248402115221,-7.083277183691647,-0.5641376763605094,-0.0067696948535740376,-1.1990520862629637,1.5,0.0,0.0,0.0,0.0,0.0,0.0,0.0,0.0,-5.937107500558976,1.8805157121280736,-10.060962488562458,44.556047006100506,-0.06029536580393691,0.19728380361276224,2.262111663055074,20.002149825571745,20.12012815034294,6.372061695072796,0.012,0.012,hover,0.33641090989112854,0.33641090989112854,0.3353935182094574,0.3353935182094574,0.7061941623687744,0.07003211975097656,-0.03989996388554573,0.08043796569108963,0.08092287182807922,0.3353213965892792,0.3353213965892792,0.3359975516796112,0.3359975516796112,0.7183185815811157,0.07705799490213394,-0.047080982476472855,0.08127639442682266,0.08095210045576096,12.296173095703125,0.0,0.004000186920166016,0,0,0.07131026685237885,0.04465517774224281,0.33555519580841064,3,-0.6887057802962303,,4.0,3.5,8.0,3.8,3.2,4.0,0.15,0.12,3.0,2.145320129379505,-0.030079175841198725,0.009542568746690972,0.02014918160984513,0.07131026685237885,0.04465517774224281,0.33555519580841064,-0.008689376575595324,-0.0010106179401515238,-0.00641453620176441,-0.06029536580393691,-0.19728380361276224,-2.262111663055074,1.0,0.9995020913054231,0.0,roll,0.0,0.0,0.0,0.0,0,8.600173234939575,post_hold_c,1.2,0.016556025002500974,1,-0.13322027017830007,0.19927200882204443,0.15481429244079273,0.1711993765420578,-0.12883136475502907,0.25422668885682187,0.22612384874061098,0.25270331364636966
13.92417311668396,direct_px4_equiv,1,1,14,0,0,0,0,0,-0.03223198279738426,-1.0633028745651245,1.4734397530555725,-0.0004545393167063594,0.38728034496307373,0.030793996527791023,-1.6265375419903978,-0.5922925906427818,-7.408581444373702,-0.5924879423614993,-0.0067696948535740376,-1.1990520862629637,1.5,0.0,0.0,0.0,0.0,0.0,0.0,0.0,0.0,-5.937107500558976,2.0381603048545056,-10.204973568075246,44.329577398362694,-0.05390647772531368,0.1304199680156511,1.793171597182357,19.896195035050074,19.946106423673825,6.256855239020601,0.016,0.016,hover,0.3349091410636902,0.3349091410636902,0.3344772160053253,0.3344772160053253,0.699781060218811,0.060388244688510895,-0.027379030361771584,0.08234336227178574,0.08255467563867569,0.3363497853279114,0.3363497853279114,0.3347194194793701,0.3347194194793701,0.7008161544799805,0.06625453382730484,-0.03519747406244278,0.08108244091272354,0.08186831325292587,12.320173025131226,0.0,0.003999948501586914,0,0,0.0659652128815651,0.02322167530655861,0.2426365613937378,3,-0.6887057802962303,,4.0,3.5,8.0,3.8,3.2,4.0,0.15,0.12,3.0,2.2773283779312434,-0.02851748925419957,0.00997100716306536,0.02582514641566662,0.0659652128815651,0.02322167530655861,0.2426365613937378,-0.00938634906940444,-0.0007727538050397309,-0.005845997256319237,-0.05390647772531368,-0.1304199680156511,-1.793171597182357,1.0,0.9995436659145154,0.0,roll,0.0,0.0,0.0,0.0,0,8.600173234939575,post_hold_c,1.2,0.0008079000035650097,1,-0.1311856061686128,0.20848724741457575,0.1628321578007033,0.2033642253585504,-0.08840303392806402,0.2593531682404517,0.1949851328939271,0.2586892904893375
13.94817304611206,direct_px4_equiv,1,1,14,0,0,0,0,0,-0.03233400359749794,-1.0523905754089355,1.4739733338356018,-0.0016611911123618484,0.37665966153144836,0.037051815539598465,-1.5396536244325594,-0.5605705724974837,-7.591243260500079,-0.5608042253512379,-0.0067696948535740376,-1.1990520862629637,1.5,0.0,0.0,0.0,0.0,0.0,0.0,0.0,0.0,-5.937107500558976,2.06215717103092,-10.143733648213054,44.222133512712794,-0.09502998733412284,-0.0618243946372325,1.127071336558539,19.84169633854251,19.911511749954492,5.9925977469714065,0.012,0.012,hover,0.33460983633995056,0.33460983633995056,0.3340049684047699,0.3340049684047699,0.6848440766334534,0.04420214518904686,-0.01092623919248581,0.08198340982198715,0.08227846771478653,0.334164023399353,0.334164023399353,0.33506837487220764,0.33506837487220764,0.6905459761619568,0.04826760292053223,-0.01491860207170248,0.0824737399816513,0.08203230053186417,12.344172954559326,0.0,0.003999948501586914,0,0,0.07650340348482132,-0.03569723293185234,0.12229335308074951,3,-0.6887057802962303,,4.0,3.5,8.0,3.8,3.2,4.0,0.15,0.12,3.0,2.333591485546012,-0.027009306035566064,0.009393991689113049,0.028997596845014628,0.07650340348482132,-0.03569723293185234,0.12229335308074951,-0.01005203878419419,-0.0005385616784681952,-0.005177459500175211,-0.09502998733412284,0.0618243946372325,-1.127071336558539,1.0,0.9995911251645297,0.0,roll,0.0,0.0,0.0,0.0,0,8.600173234939575,post_hold_c,1.2,0.00461658099811757,1,-0.12101719396804834,0.20995736126018358,0.16178853055952594,0.2226924762894977,-0.035279286839744975,0.25848543105179017,0.1427224964054962,0.2575584815175468
13.972172975540161,direct_px4_equiv,1,1,14,0,0,0,0,0,-0.032445717602968216,-1.0418643951416016,1.474551022052765,-0.0028072751592844725,0.36415547132492065,0.042241618037223816,-1.4219619594305206,-0.4758959674725848,-7.648886448885712,-0.476108350597995,-0.0067696948535740376,-1.1990520862629637,1.5,0.0,0.0,0.0,0.0,0.0,0.0,0.0,0.0,-5.937107500558976,2.020063518586567,-10.024514801926552,44.14047354543544,-0.14301620937237486,-0.19285212757013537,0.6849661022870325,19.791060042398687,19.933736550750524,5.8103490512902605,0.016,0.016,hover,0.33480215072631836,0.33480215072631836,0.3335655927658081,0.3335655927658081,0.6743497848510742,0.03293544426560402,-0.00044962833635509014,0.08090607076883316,0.08150237053632736,0.33468109369277954,0.33468109369277954,0.33398449420928955,0.33398449420928955,0.6847187876701355,0.04424072057008743,-0.011243979446589947,0.08170746266841888,0.08204614371061325,12.368172883987427,0.0,0.003999948501586914,0,0,0.08912148326635361,-0.07400064915418625,0.045114513486623764,3,-0.6887057802962303,,4.0,3.5,8.0,3.8,3.2,4.0,0.15,0.12,3.0,2.2800612179562267,-0.02493835647683253,0.007933657188554174,0.029975568678342213,0.08912148326635361,-0.07400064915418625,0.045114513486623764,-0.01067174984797519,-0.00033450467919173124,-0.0044636581117018575,-0.14301620937237486,0.19285212757013537,-0.6849661022870325,1.0,0.9996575677202435,0.0,roll,0.0,0.0,0.0,0.0,0,8.600173234939575,post_hold_c,1.2,0.008550806996936444,1,-0.11069259903323264,0.21630777461729284,0.15880880351690885,0.22090211879880786,-0.0014517865352058836,0.2560472574927225,0.10634391135298105,0.25417391844551096
13.99617314338684,direct_px4_equiv,1,1,14,0,0,0,0,0,-0.032599981874227524,-1.0270030498504639,1.4756043553352356,-0.003147021634504199,0.3427107632160187,0.04544530063867569,-1.3046253237420657,-0.3739319794077441,-7.60048005452711,-0.3740895967217188,-0.0067696948535740376,-1.1990520862629637,1.5,0.0,0.0,0.0,0.0,0.0,0.0,0.0,0.0,-5.937107500558976,1.9278021098065456,-9.836944528199203,44.079142282413216,-0.15027232763363124,-0.18005341279963316,0.07801176008516347,19.73844890134775,19.815608948722858,5.817058458103044,0.008,0.02,hover,0.3337786793708801,0.3337786793708801,0.333108514547348,0.333108514547348,0.6747390627861023,0.017468256875872612,0.01370618399232626,0.0798429623246193,0.08016183972358704,0.3340575098991394,0.3340575098991394,0.3333541452884674,0.3333541452884674,0.6714837551116943,0.03282073885202408,-0.0005314032314345241,0.08077047020196915,0.08138648420572281,12.392173051834106,0.0,0.004000186920166016,0,0,0.08855258673429489,-0.0667877346277237,-0.05570359155535698,3,-0.6887057802962303,,4.0,3.5,8.0,3.8,3.2,4.0,0.15,0.12,3.0,2.150048273392756,-0.022861719431029395,0.006194720990106123,0.02910256409397664,0.08855258673429489,-0.0667877346277237,-0.05570359155535698,-0.011241215200437717,-0.0001688502997847667,-0.0037534153810538946,-0.15027232763363124,0.18005341279963316,-0.07801176008516347,1.0,0.9997194835816922,0.0,roll,0.0,0.0,0.0,0.0,0,8.600173234939575,post_hold_c,1.2,0.012741992999508511,1,-0.09082840430276314,0.21542110270799888,0.14696231431205067,0.22516227793125487,0.044255336664361246,0.25183583897893536,0.05640254137422012,0.2508340731525091
14.020173072814941,direct_px4_equiv,1,1,14,0,0,0,0,0,-0.03268740326166153,-1.0176786184310913,1.476408064365387,-0.0029857433401048183,0.3264577388763428,0.05232572183012962,-1.1866965287494717,-0.2764008985293713,-7.478431610793413,-0.27650092594845616,-0.0067696948535740376,-1.1990520862629637,1.5,0.0,0.0,0.0,0.0,0.0,0.0,0.0,0.0,-5.937107500558976,1.8183365792358044,-9.640572995804012,43.9597394470366,-0.1553099411491627,-0.2058546108099064,-0.19065355409983845,19.688580801953535,19.749933730830364,5.765352934537064,0.012,0.012,hover,0.3332083523273468,0.3332083523273468,0.33267468214035034,0.33267468214035034,0.6717336177825928,0.010032260790467262,0.01944977417588234,0.07848133891820908,0.078731007874012,0.3331235349178314,0.3331235349178314,0.33241742849349976,0.33241742849349976,0.6737112998962402,0.013968541286885738,0.016370102763175964,0.0788610503077507,0.07919339090585709,12.416172981262207,0.0,0.003999948501586914,0,0,0.08696966618299484,-0.07192951440811157,-0.09612490236759186,3,-0.6887057802962303,,4.0,3.5,8.0,3.8,3.2,4.0,0.15,0.12,3.0,1.9669919881797118,-0.020774339638248835,0.004544834925215239,0.026948800437070316,0.08696966618299484,-0.07192951440811157,-0.09612490236759186,-0.01176042532239527,-4.24259477981937e-05,-0.003083265946550624,-0.1553099411491627,0.2058546108099064,0.19065355409983845,1.0,0.9997738856307191,0.0,roll,0.0,0.0,0.0,0.0,0,8.600173234939575,post_hold_c,1.2,0.01670684699638514,1,-0.0665986880906145,0.21972663078636437,0.13134119343000109,0.2214956332049647,0.06280058025385697,0.2473407515286058,0.032392757819313125,0.24655640612908256
14.044173002243042,direct_px4_equiv,1,1,14,0,0,0,0,0,-0.03278684988617897,-0.9970095753669739,1.4787448048591614,-0.0010054904269054532,0.27743497490882874,0.056451667100191116,-1.0629272907417284,-0.19022357244310123,-7.319599758677901,-0.19027891922923676,-0.0067696948535740376,-1.1990520862629637,1.5,0.0,0.0,0.0,0.0,0.0,0.0,0.0,0.0,-5.937107500558976,1.6418330149722067,-9.09142070192539,43.84067156275075,-0.22173368532580887,-0.17050532009046102,-0.35102654021673635,19.45437278594072,19.714583704107895,5.792079353957096,0.016,0.016,hover,0.3329009711742401,0.3329009711742401,0.330629825592041,0.330629825592041,0.6732887625694275,0.004666892811655998,0.02216774970293045,0.07406103610992432,0.07507029175758362,0.3326270878314972,0.3326270878314972,0.3321145474910736,0.3321145474910736,0.669826328754425,0.007543625775724649,0.020766431465744972,0.07646249979734421,0.0766962394118309,12.440172910690308,0.0,0.003999948501586914,0,0,0.10546758025884628,-0.05829356238245964,-0.11668917536735535,3,-0.6887057802962303,,4.0,3.5,8.0,3.8,3.2,4.0,0.15,0.12,3.0,1.755592769426933,-0.018589989229568043,0.003095835822706026,0.02415818322399448,0.10546758025884628,-0.05829356238245964,-0.11668917536735535,-0.012227547714373036,4.606819910088196e-05,-0.002474856545159711,-0.22173368532580887,0.17050532009046102,0.35102654021673635,1.0,0.9998224140430853,0.0,roll,0.0,0.0,0.0,0.0,0,8.600173234939575,post_hold_c,1.2,0.0005996510008117184,1,-0.026113970546664356,0.2205862777065602,0.1010074586398473,0.21851918698897907,0.07157654256163616,0.2358402748336165,0.015068738849842367,0.2326696178982425
14.068173170089722,direct_px4_equiv,1,1,14,0,0,0,0,0,-0.03275963291525841,-0.9863370060920715,1.4802499413490295,0.0012819577241316438,0.24493810534477234,0.06038595363497734,-0.9521743655263877,-0.11608610795827769,-7.156650040682129,-0.1161124069219092,-0.0067696948535740376,-1.1990520862629637,1.5,0.0,0.0,0.0,0.0,0.0,0.0,0.0,0.0,-5.937107500558976,1.4834524989536009,-8.655634952008258,43.748077699379536,-0.13982215797529537,-0.15063353560859985,-0.41363000801057026,19.46791348569337,19.500750240074467,5.802600136947526,0.012,0.012,hover,0.33103570342063904,0.33103570342063904,0.33074837923049927,0.33074837923049927,0.6739000082015991,0.001873358734883368,0.022348031401634216,0.07123591750860214,0.07135812193155289,0.3322080671787262,0.3322080671787262,0.3315218985080719,0.3315218985080719,0.6723160147666931,0.003095591440796852,0.022927558049559593,0.07397575676441193,0.07427874207496643,12.464173078536987,0.0,0.004000186920166016,0,0,0.07486516982316971,-0.05002405866980553,-0.1205693930387497,3,-0.6887057802962303,,4.0,3.5,8.0,3.8,3.2,4.0,0.15,0.12,3.0,1.5523251355813668,-0.016638998294421822,0.0018490426583411856,0.02130071671937588,0.07486516982316971,-0.05002405866980553,-0.1205693930387497,-0.012644119611445159,0.00010181730651253653,-0.001935305739866608,-0.13982215797529537,0.15063353560859985,0.41363000801057026,1.0,0.9998598623874707,0.0,roll,0.0,0.0,0.0,0.0,0,8.600173234939575,post_hold_c,1.2,0.004569463002553675,1,-0.011262627759788724,0.21670546462811704,0.08765038474729384,0.2098491073527984,0.0721586432125792,0.22417815015104858,0.006048811609914721,0.22379422637946
14.092173099517822,direct_px4_equiv,1,1,14,0,0,0,0,0,-0.03265180438756943,-0.9771939516067505,1.4817999005317688,0.003805828280746937,0.20989783108234406,0.06329905241727829,-0.8373968520653222,-0.05326539799744018,-7.016486156958523,-0.053274851174182264,-0.0067696948535740376,-1.1990520862629637,1.5,0.0,0.0,0.0,0.0,0.0,0.0,0.0,0.0,-5.937107500558976,1.3257553441950252,-8.146661437065115,43.67117592561419,-0.22272219687769573,-0.200003664282928,-0.3553505112240158,19.2697664186326,19.57878075240038,5.725233585671129,0.016,0.016,hover,0.3317175507545471,0.3317175507545471,0.3290093243122101,0.3290093243122101,0.6693923473358154,0.002012954093515873,0.01976708695292473,0.06671109795570374,0.0677972361445427,0.3311125636100769,0.3311125636100769,0.3307144045829773,0.3307144045829773,0.6737521886825562,0.0013391637476161122,0.022422535344958305,0.07093042880296707,0.07109906524419785,12.488173007965088,0.0,0.003999948501586914,0,0,0.0991847962141037,-0.06360097974538803,-0.1048140823841095,3,-0.6887057802962303,,4.0,3.5,8.0,3.8,3.2,4.0,0.15,0.12,3.0,1.36746071934614,-0.014623309048561997,0.0007919267196328346,0.01884472421135225,0.0991847962141037,-0.06360097974538803,-0.1048140823841095,-0.013013012988455145,0.0001289262395101245,-0.0014595295661867628,-0.22272219687769573,0.200003664282928,0.3553505112240158,1.0,0.9998927658431952,0.0,roll,0.0,0.0,0.0,0.0,0,8.600173234939575,post_hold_c,1.2,0.009143925999524072,1,5.306745663371594e-05,0.20997343193727036,0.07414146915009413,0.19793336327420769,0.06382513839022197,0.21299129355873297,0.006499544890633092,0.20957910381441455
14.116173028945923,direct_px4_equiv,1,1,14,0,0,0,0,0,-0.032523322850465775,-0.9718617796897888,1.4828673005104065,0.005703877191990614,0.18638774752616882,0.06097903847694397,-0.7421856486982321,-0.022961762582898233,-6.914977622625242,-0.022965105215842097,-0.0067696948535740376,-1.1990520862629637,1.5,0.0,0.0,0.0,0.0,0.0,0.0,0.0,0.0,-5.937107500558976,1.2240795975351135,-7.779784931863445,43.69825083427016,-0.15822414958462938,-0.08844032328863835,-0.2519964676882749,19.24982061236595,19.39495801905211,5.872287450036002,0.02,0.02,hover,0.3301091194152832,0.3301091194152832,0.32883378863334656,0.32883378863334656,0.6779345870018005,0.0037527030799537897,0.016334306448698044,0.06427682191133499,0.0647682249546051,0.33175143599510193,0.33175143599510193,0.3289909362792969,0.3289909362792969,0.6693460941314697,0.0018122203182429075,0.019805558025836945,0.06657026708126068,0.06767512857913971,12.512172937393188,0.0,0.003999948501586914,0,0,0.07462306320667267,-0.027980975806713104,-0.08316890895366669,3,-0.6887057802962303,,4.0,3.5,8.0,3.8,3.2,4.0,0.15,0.12,3.0,1.2279552479599007,-0.012956440061345739,0.0002901983782957169,0.01706908256084628,0.07462306320667267,-0.027980975806713104,-0.08316890895366669,-0.013340095315814277,0.00013929223970844044,-0.0010336815298318852,-0.15822414958462938,0.08844032328863835,0.2519964676882749,1.0,0.99991602322104,0.0,roll,0.0,0.0,0.0,0.0,0,8.600173234939575,post_hold_c,1.2,0.01244479799788678,1,0.008982166349293299,0.20762804173283994,0.06384911947516628,0.19085541997507904,0.052741171681680236,0.20347537086871112,0.012116949361672208,0.2019315903933821
14.140172958374023,direct_px4_equiv,1,1,14,0,0,0,0,0,-0.03234587237238884,-0.9671584367752075,1.483934462070465,0.007514219265431166,0.16247019171714783,0.06223383545875549,-0.6622409005768449,-0.020365410058410884,-6.864144134160973,-0.02036807163945152,-0.0067696948535740376,-1.1990520862629637,1.5,0.0,0.0,0.0,0.0,0.0,0.0,0.0,0.0,-5.937107500558976,1.1490328959391958,-7.40437289239061,43.65703424617202,-0.07931272824052965,-0.013497518836058894,0.021271097752240373,19.24010388080209,19.191670659209713,5.962845909829925,0.012,0.012,hover,0.3283214867115021,0.3283214867115021,0.3287482261657715,0.3287482261657715,0.6831418871879578,0.009980552829802036,0.008896628394722939,0.06179121136665344,0.06163368746638298,0.3297499120235443,0.3297499120235443,0.3273772895336151,0.3273772895336151,0.6826617121696472,0.007268399000167847,0.011635469272732735,0.06149411201477051,0.06237301230430603,12.536172866821289,0.0,0.003999948501586914,0,0,0.045852407813072205,-0.00462923850864172,-0.03478498384356499,3,-0.6887057802962303,,4.0,3.5,8.0,3.8,3.2,4.0,0.15,0.12,3.0,1.1395540634976848,-0.011560715443402618,0.0002619227414002294,0.016181451092074944,0.045852407813072205,-0.00462923850864172,-0.03478498384356499,-0.013630187263724154,0.00014477717675409626,-0.0006382987701935376,-0.07931272824052965,0.013497518836058894,-0.021271097752240373,1.0,0.9999331406200848,0.0,roll,0.0,0.0,0.0,0.0,0,8.600173234939575,post_hold_c,1.2,0.016511380999872927,1,0.013520365940230119,0.19803001590943592,0.057377508305193524,0.18985278593640081,0.02872595946557864,0.1936279372617295,0.03222579876310255,0.19412281185878694
14.160173177719116,direct_px4_equiv,1,1,14,0,0,0,0,0,-0.03201306611299515,-0.9613094329833984,1.485478699207306,0.01010136492550373,0.12755440175533295,0.06355392187833786,-0.5814622785679554,-0.034919290932558716,-6.865056508580592,-0.0349238657341372,-0.0067696948535740376,-1.1990520862629637,1.5,0.0,0.0,0.0,0.0,0.0,0.0,0.0,0.0,-5.937107500558976,1.059886663294556,-6.862035103691195,43.596639868973355,-0.22259328323341365,0.031680570050276254,0.235286989450082,18.905055903220706,19.322233251206658,6.011841720305991,0.012,0.012,hover,0.329470694065094,0.329470694065094,0.32578492164611816,0.32578492164611816,0.6859427690505981,0.014442979358136654,0.0028894885908812284,0.056823089718818665,0.05809095501899719,0.3275308609008789,0.3275308609008789,0.327457994222641,0.327457994222641,0.687362015247345,0.011183640919625759,0.006154093891382217,0.05785549804568291,0.05788075551390648,12.556173086166382,0.0,0.004000186920166016,0,0,0.0912587121129036,0.008989246562123299,0.0014267517253756523,3,-0.6887057802962303,,4.0,3.5,8.0,3.8,3.2,4.0,0.15,0.12,3.0,1.0957777751563327,-0.010152988896157358,0.0005272496490921715,0.016198476013590344,0.0912587121129036,0.008989246562123299,0.0014267517253756523,-0.013845297680317815,0.00015291788859255468,-0.0003155436732925886,-0.22259328323341365,-0.031680570050276254,-0.235286989450082,1.0,0.9999483194132042,0.0,roll,0.0,0.0,0.0,0.0,0,8.600173234939575,post_hold_c,1.2,0.016468390997033566,1,0.014496294787186306,0.19248585217213238,0.053617190026664,0.19846133913691286,0.009329751581971435,0.18249811915760358,0.046634344886325466,0.1785150060056024
14.184173107147217,direct_px4_equiv,1,1,14,0,0,0,0,0,-0.03160272166132927,-0.9568125009536743,1.4869678616523743,0.012633922509849072,0.09298128634691238,0.06251462548971176,-0.4907824343747227,-0.061956364550774655,-6.913937594942668,-0.06196536184119372,-0.0067696948535740376,-1.1990520862629637,1.5,0.0,0.0,0.0,0.0,0.0,0.0,0.0,0.0,-5.937107500558976,0.9826820821347169,-6.294364752729055,43.580716987099244,-0.1232144311849969,0.06769310806229163,0.42788604084993936,18.963686267691592,19.120719497128746,6.055192794246376,0.016,0.016,hover,0.3276953101158142,0.3276953101158142,0.3263053596019745,0.3263053596019745,0.6884114742279053,0.018726132810115814,-0.002599666826426983,0.052631840109825134,0.05307173728942871,0.32756003737449646,0.32756003737449646,0.32625487446784973,0.32625487446784973,0.6888687610626221,0.01547316275537014,0.000387566105928272,0.053079716861248016,0.053496357053518295,12.580173015594482,0.0,0.003999948501586914,0,0,0.05554437264800072,0.019374575465917587,0.032036107033491135,3,-0.6887057802962303,,4.0,3.5,8.0,3.8,3.2,4.0,0.15,0.12,3.0,1.0951783272182483,-0.008574647647235874,0.0010082759362020478,0.017053168298855344,0.05554437264800072,0.019374575465917587,0.032036107033491135,-0.014068538377432818,0.00017237814965058426,8.338144484176751e-05,-0.1232144311849969,-0.06769310806229163,-0.42788604084993936,1.0,0.9999627293961428,0.0,roll,0.0,0.0,0.0,0.0,0,8.600173234939575,post_hold_c,1.2,0.0006103709965827875,1,0.010539622162728322,0.16933526703701862,0.054413381823467576,0.167248445660452,-0.008393957566488568,0.16672977424562757,0.06046404273799964,0.1653477975109148
14.208173036575317,direct_px4_equiv,1,1,14,0,0,0,0,0,-0.030939539894461632,-0.952884316444397,1.4887998700141907,0.015952138230204582,0.050127703696489334,0.057565268129110336,-0.4246460264906623,-0.0879524205048415,-7.007085080817667,-0.08796774106645149,-0.0067696948535740376,-1.1990520862629637,1.5,0.0,0.0,0.0,0.0,0.0,0.0,0.0,0.0,-5.937107500558976,0.8743810552503822,-5.596603403547046,43.61945886419323,-0.11774004044165629,0.062171994679564094,0.6712615286948495,18.932755773017206,19.11410344200022,6.0514722095424025,0.012,0.012,hover,0.32763686776161194,0.32763686776161194,0.3260308802127838,0.3260308802127838,0.6881999373435974,0.023843547329306602,-0.009592575021088123,0.04676860570907593,0.04721987992525101,0.32856321334838867,0.32856321334838867,0.3253116011619568,0.3253116011619568,0.689080536365509,0.020190231502056122,-0.005140054505318403,0.049306560307741165,0.050275176763534546,12.604172945022583,0.0,0.003999948501586914,0,0,0.05184239521622658,0.016816653311252594,0.06942872703075409,3,-0.6887057802962303,,4.0,3.5,8.0,3.8,3.2,4.0,0.15,0.12,3.0,1.1548179395943583,-0.007425461216550809,0.001465780098816695,0.01867992012444308,0.05184239521622658,0.016816653311252594,0.06942872703075409,-0.014257614280154051,0.0002028646124022525,0.0005141615955178824,-0.11774004044165629,-0.062171994679564094,-0.6712615286948495,1.0,0.9999713570041057,0.0,roll,0.0,0.0,0.0,0.0,0,8.600173234939575,post_hold_c,1.2,0.0048697349993744865,1,0.005817067192687621,0.15830231541963766,0.057137747886589346,0.16284103344501571,-0.030973073805969992,0.14834562826070943,0.07698745598421251,0.14692791253832732
14.232172966003418,direct_px4_equiv,1,1,14,0,0,0,0,0,-0.0303652361035347,-0.9512941241264343,1.4900370240211487,0.018579481169581413,0.021620022132992744,0.053531281650066376,-0.3545929182694063,-0.1015415273572786,-7.131610647002658,-0.10156358312876078,-0.0067696948535740376,-1.1990520862629637,1.5,0.0,0.0,0.0,0.0,0.0,0.0,0.0,0.0,-5.937107500558976,0.7935713663584218,-5.096146887794241,43.66049240355773,-0.0866109667940718,0.038832731990488784,0.8105161066506442,18.976944241417055,19.089148884188536,6.025358728383238,0.016,0.016,hover,0.327416330575943,0.327416330575943,0.32642292976379395,0.32642292976379395,0.6867135167121887,0.026632649824023247,-0.0136948861181736,0.0426160991191864,0.042869605123996735,0.32717105746269226,0.32717105746269226,0.3266904354095459,0.3266904354095459,0.6877835392951965,0.025905752554535866,-0.011416187509894371,0.04676887020468712,0.046903420239686966,12.628172874450684,0.0,0.003999948501586914,0,0,0.0394124761223793,0.00911053828895092,0.08788333833217621,3,-0.6887057802962303,,4.0,3.5,8.0,3.8,3.2,4.0,0.15,0.12,3.0,1.250452195055063,-0.0062069380865982056,0.001707618125619223,0.02085301420158973,0.0394124761223793,0.00911053828895092,0.08788333833217621,-0.014419967791014832,0.00024142723584993513,0.000992077078043665,-0.0866109667940718,-0.038832731990488784,-0.8105161066506442,1.0,0.9999792789778875,0.0,roll,0.0,0.0,0.0,0.0,0,8.600173234939575,post_hold_c,1.2,0.008405646003666334,1,-0.004919384144056483,0.14050189066828936,0.0655233925132486,0.16582420436932988,-0.04421885786419119,0.1346788363007788,0.08599307268055496,0.13388242538887368
14.25217318534851,direct_px4_equiv,1,1,14,0,0,0,0,0,-0.02972749061882496,-0.950737714767456,1.491162359714508,0.021062040701508522,-0.0036612926051020622,0.05175470560789108,-0.3074455398290681,-0.09408944660252147,-7.246804391499212,-0.09411402732540187,-0.0067696948535740376,-1.1990520862629637,1.5,0.0,0.0,0.0,0.0,0.0,0.0,0.0,0.0,-5.937107500558976,0.6995536424664861,-4.648888588694926,43.66110013424011,-0.08343311029138452,0.005749264038706995,0.8991847173413517,18.975441351729312,19.09448720440667,5.980830917406999,0.016,0.016,hover,0.3274635374546051,0.3274635374546051,0.32640960812568665,0.32640960812568665,0.6841713786125183,0.028017302975058556,-0.016660958528518677,0.03884541615843773,0.0390903502702713,0.3274471163749695,0.3274471163749695,0.32640907168388367,0.32640907168388367,0.6866869330406189,0.026745755225419998,-0.013854192569851875,0.042504530400037766,0.04276875779032707,12.648173093795776,0.0,0.004000186920166016,0,0,0.03692368417978287,-0.0010143077233806252,0.09815045446157455,3,-0.6887057802962303,,4.0,3.5,8.0,3.8,3.2,4.0,0.15,0.12,3.0,1.3488285445740298,-0.00538434630159532,0.0015807300991860084,0.022862342286981738,0.03692368417978287,-0.0010143077233806252,0.09815045446157455,-0.01453340756911347,0.0002735945428176683,0.001433166686311301,-0.08343311029138452,-0.005749264038706995,-0.8991847173413517,1.0,0.9999842550532286,0.0,roll,0.0,0.0,0.0,0.0,0,8.600173234939575,post_hold_c,1.2,0.00830932600365486,1,-0.011759177610018694,0.1284834559747419,0.0680398661468529,0.15345168888071675,-0.0537958863001771,0.12280595510138576,0.090463923687336,0.12203647733591652
14.276173114776611,direct_px4_equiv,1,1,14,0,0,0,0,0,-0.02926749363541603,-0.9508207440376282,1.4918718934059143,0.022722965106368065,-0.018722062930464745,0.049459308385849,-0.253562496598239,-0.0901955934093413,-7.383751895042968,-0.09022434954198964,-0.0067696948535740376,-1.1990520862629637,1.5,0.0,0.0,0.0,0.0,0.0,0.0,0.0,0.0,-5.937107500558976,0.6437782212674523,-4.357467138633415,43.68517561871542,-0.04620771527909373,0.03586080773724759,0.9337495085844228,19.004201907545372,19.020774086130135,6.022332073574568,0.02,0.02,hover,0.3268113136291504,0.3268113136291504,0.3266645073890686,0.3266645073890686,0.6865410208702087,0.0285048708319664,-0.01793869026005268,0.03654099628329277,0.03657300025224686,0.3274840712547302,0.3274840712547302,0.3263992369174957,0.3263992369174957,0.6842002868652344,0.028183018788695335,-0.016773751005530357,0.03877926617860794,0.03903096541762352,12.672173023223877,0.0,0.003999948501586914,0,0,0.023013075813651085,0.00853701215237379,0.09833316504955292,3,-0.6887057802962303,,4.0,3.5,8.0,3.8,3.2,4.0,0.15,0.12,3.0,1.4716600085732419,-0.004445015584143525,0.0015182131624551917,0.025251453018066514,0.023013075813651085,0.00853701215237379,0.09833316504955292,-0.01465157739500104,0.00031167368998484074,0.0020154957999493715,-0.04620771527909373,-0.03586080773724759,-0.9337495085844228,1.0,0.9999889684324016,0.0,roll,0.0,0.0,0.0,0.0,0,8.600173234939575,post_hold_c,1.2,0.012774764996720478,1,-0.019449881236574644,0.13090348049652992,0.07179566242674909,0.14138587161741015,-0.05792150397165491,0.1148974687750006,0.0920382093123591,0.11479692009566281
14.300173044204712,direct_px4_equiv,1,1,14,0,0,0,0,0,-0.028515314683318138,-0.9518251419067383,1.4928293824195862,0.02517213299870491,-0.03869276121258736,0.04756266251206398,-0.24475528941550795,-0.09994478807760447,-7.504702736444029,-0.09998218555596203,-0.0067696948535740376,-1.1990520862629637,1.5,0.0,0.0,0.0,0.0,0.0,0.0,0.0,0.0,-5.937107500558976,0.5671392081587998,-4.00313681153465,43.68946306986026,0.03922194820113575,0.0414009672632565,0.8789173663841515,19.102681613752626,18.86816807036491,6.028826266976134,0.012,0.012,hover,0.32545706629753113,0.32545706629753113,0.3275359570980072,0.3275359570980072,0.6869110465049744,0.026696832850575447,-0.017095694318413734,0.03383052721619606,0.033413663506507874,0.3267788290977478,0.3267788290977478,0.32649168372154236,0.32649168372154236,0.6854436993598938,0.027228351682424545,-0.018093714490532875,0.033551353961229324,0.03360883891582489,12.696172952651978,0.0,0.003999948501586914,0,0,-0.00571173382923007,0.01004923414438963,0.08403324335813522,3,-0.6887057802962303,,4.0,3.5,8.0,3.8,3.2,4.0,0.15,0.12,3.0,1.5899414596522612,-0.00429524230876273,0.0016857630042831444,0.02736249762908585,-0.00571173382923007,0.01004923414438963,0.08403324335813522,-0.014755152854477208,0.0003501166525655088,0.0026518396462525086,0.03922194820113575,-0.0414009672632565,-0.8789173663841515,1.0,0.9999893545474186,0.0,roll,0.0,0.0,0.0,0.0,0,8.600173234939575,post_hold_c,1.2,0.016628569006570615,1,-0.027115296830528855,0.11741002419228531,0.07489957885144906,0.12959391820632024,-0.05519958661242797,0.10497212416715454,0.08620031489875754,0.10628173290540513
14.324172973632812,direct_px4_equiv,1,1,14,0,0,0,0,0,-0.02739010378718376,-0.9542489051818848,1.4940717816352844,0.02789442054927349,-0.06288964301347733,0.049157630652189255,-0.24320683526589734,-0.11194583118401166,-7.601173201422479,-0.1119930689849168,-0.0067696948535740376,-1.1990520862629637,1.5,0.0,0.0,0.0,0.0,0.0,0.0,0.0,0.0,-5.937107500558976,0.4664523547500869,-3.558892035782545,43.62019743607705,0.04424332144146975,0.033243861449601314,0.8104559415134842,19.05307972756784,18.810882100373814,6.007059132444007,0.016,0.016,hover,0.3249472677707672,0.3249472677707672,0.3270973265171051,0.3270973265171051,0.6856698989868164,0.02419033646583557,-0.016247844323515892,0.030156131833791733,0.02977166697382927,0.32521963119506836,0.32521963119506836,0.3273565471172333,0.3273565471172333,0.6867121458053589,0.02552984468638897,-0.01684742234647274,0.032034099102020264,0.031628333032131195,12.720172882080078,0.0,0.003999948501586914,0,0,-0.007445651572197676,0.00714606000110507,0.06843135505914688,3,-0.6887057802962303,,4.0,3.5,8.0,3.8,3.2,4.0,0.15,0.12,3.0,1.685699047201651,-0.004272679337295628,0.0018919734287233814,0.029046469125366004,-0.007445651572197676,0.00714606000110507,0.06843135505914688,-0.014858464734657325,0.00039281610060992213,0.0033328671996854524,0.04424332144146975,-0.033243861449601314,-0.8104559415134842,1.0,0.9999890823231786,0.0,roll,0.0,0.0,0.0,0.0,0,8.600173234939575,post_hold_c,1.2,0.0011292009949102066,1,-0.03499657835437248,0.12324491390417983,0.07797347679295388,0.12939777452159856,-0.05246200093300525,0.09353044807239193,0.0781071905865425,0.09473828257844369
14.348173141479492,direct_px4_equiv,1,1,14,0,0,0,0,0,-0.02644963748753071,-0.9568402171134949,1.4949267506599426,0.02958473190665245,-0.08048491925001144,0.044794175773859024,-0.20233002905901687,-0.1113635164309287,-7.67223949429637,-0.11141458167530212,-0.0067696948535740376,-1.1990520862629637,1.5,0.0,0.0,0.0,0.0,0.0,0.0,0.0,0.0,-5.937107500558976,0.3858794406193429,-3.1921705968690604,43.673663102979056,-0.06277008081274557,0.02136466402139123,0.7010427895581173,18.893443087640808,18.97921370046742,5.997549704242188,0.012,0.012,hover,0.32644304633140564,0.32644304633140564,0.32568174600601196,0.32568174600601196,0.6851269602775574,0.020569343119859695,-0.014305147342383862,0.026800397783517838,0.026922354474663734,0.32508978247642517,0.32508978247642517,0.3266097605228424,0.3266097605228424,0.6877259016036987,0.023635974153876305,-0.015808230265975,0.029942145571112633,0.029671644791960716,12.744173049926758,0.0,0.004000186920166016,0,0,0.027017315849661827,0.003391966922208667,0.046940211206674576,3,-0.6887057802962303,,4.0,3.5,8.0,3.8,3.2,4.0,0.15,0.12,3.0,1.7506288507698236,-0.0035603459718618296,0.0018899652157262576,0.030285983010813203,0.027017315849661827,0.003391966922208667,0.046940211206674576,-0.0149494670585447,0.0004363581347219517,0.004048377501658489,-0.06277008081274557,-0.02136466402139123,-0.7010427895581173,1.0,0.9999918759839501,0.0,roll,0.0,0.0,0.0,0.0,0,8.600173234939575,post_hold_c,1.2,0.0045852129987906665,1,-0.03735150138115447,0.11136433349114519,0.07608088389953974,0.11660612985351518,-0.04618930556716078,0.08457907035813682,0.06641551207341909,0.08419593389463023
14.372173070907593,direct_px4_equiv,1,1,14,0,0,0,0,1,-0.025791069492697716,-0.9588413834571838,1.4955037236213684,0.030758732929825783,-0.09055633842945099,0.04740653187036514,-0.16316432673750556,-0.1308016379770117,-7.709753403149746,-0.13086425571136395,-0.0067696948535740376,-1.1990520862629637,1.5,0.0,0.0,0.0,0.0,0.0,0.0,0.0,0.0,-5.937107500558976,0.34834445705940964,-2.9630736044459147,43.6101760008875,-0.0602232845141775,0.07566729405127441,0.5844227903827304,18.814687994663206,18.896535577944775,6.058861186067923,0.016,0.016,hover,0.3257092237472534,0.3257092237472534,0.324981153011322,0.324981153011322,0.6886199712753296,0.017430264502763748,-0.011748211458325386,0.024981949478387833,0.02509085088968277,0.3271609842777252,0.3271609842777252,0.3242925703525543,0.3242925703525543,0.6887832880020142,0.018797527998685837,-0.01260659284889698,0.026482796296477318,0.02694016695022583,12.768172979354858,0.0,0.003999948501586914,0,0,0.025062737986445427,0.019777672365307808,0.025610508397221565,3,-0.6887057802962303,,4.0,3.5,8.0,3.8,3.2,4.0,0.15,0.12,3.0,1.785122300501403,-0.002882724548583918,0.002238592501772298,0.030940470657704056,0.025062737986445427,0.019777672365307808,0.025610508397221565,-0.01502037576314599,0.0004873556679909653,0.004785554102518383,-0.0602232845141775,-0.07566729405127441,-0.5844227903827304,1.0,0.9999933393009647,0.0,roll,0.0,0.0,0.0,0.0,0,8.600173234939575,post_hold_c,1.2,0.007694917003391311,1,-0.031609100864414576,0.09956374000377835,0.06999159368607291,0.10411300629989859,-0.03793332038795067,0.07882523217599563,0.0562798707443104,0.07848310792426785
14.396173000335693,direct_px4_equiv,1,1,14,0,0,0,0,1,-0.02478109486401081,-0.9622638821601868,1.4963024258613586,0.03267165273427963,-0.10346860438585281,0.040830012410879135,-0.15452679722998203,-0.13200446146553466,-7.717463268358722,-0.13206821560975188,-0.0067696948535740376,-1.1990520862629637,1.5,0.0,0.0,0.0,0.0,0.0,0.0,0.0,0.0,-5.937107500558976,0.2696218446392411,-2.686488107468324,43.70243548776884,0.051122175502211153,9.44839402039042e-05,0.4839193294356313,19.052497440712397,18.80305562577387,5.971853438408637,0.02,0.02,hover,0.3248775601387024,0.3248775601387024,0.32709217071533203,0.32709217071533203,0.683657705783844,0.014339017681777477,-0.009753141552209854,0.022758660838007927,0.022460198029875755,0.3257097005844116,0.3257097005844116,0.3249845802783966,0.3249845802783966,0.688618540763855,0.017449811100959778,-0.011767774820327759,0.02499428577721119,0.025102801620960236,12.792172908782959,0.0,0.003999948501586914,0,0,-0.012337841093540192,-0.0038603267166763544,0.008263529278337955,3,-0.6887057802962303,,4.0,3.5,8.0,3.8,3.2,4.0,0.15,0.12,3.0,1.7920939137373533,-0.0027324666789766082,0.002261731443263053,0.03107487616559544,-0.012337841093540192,-0.0038603267166763544,0.008263529278337955,-0.015088684378985332,0.0005414795932990318,0.005531012979223418,0.051122175502211153,-9.44839402039042e-05,-0.4839193294356313,1.0,0.9999937090984374,0.0,roll,0.0,0.0,0.0,0.0,0,8.600173234939575,post_hold_c,1.2,0.012708531001408119,1,-0.032658691467967085,0.09635371648312875,0.06871458509758213,0.10062880239520694,-0.03149152029893565,0.07056079316301671,0.04629866758058288,0.07149844224499326
14.420173168182373,direct_px4_equiv,1,1,14,0,0,0,0,1,-0.02375580370426178,-0.966078519821167,1.49700528383255,0.034195877611637115,-0.11621922999620438,0.038611140102148056,-0.1438507066817558,-0.11989965611911332,-7.698108801284934,-0.11995628847619352,-0.0067696948535740376,-1.1990520862629637,1.5,0.0,0.0,0.0,0.0,0.0,0.0,0.0,0.0,-5.937107500558976,0.18412539827280267,-2.403161346789338,43.7195248882252,0.001300437465071482,0.00043116650569748755,0.3170919772362118,18.9645673176572,18.870864919947785,5.973179336731976,0.012,0.012,hover,0.32548102736473083,0.32548102736473083,0.32631316781044006,0.32631316781044006,0.6837335824966431,0.009416457265615463,-0.0063557736575603485,0.02028173767030239,0.02018139138817787,0.32509374618530273,0.32509374618530273,0.32712364196777344,0.32712364196777344,0.6812726855278015,0.011123809963464737,-0.007923725992441177,0.020408090204000473,0.020162809640169144,12.816173076629639,0.0,0.004000186920166016,0,0,0.003959934692829847,-0.00339888664893806,-0.019211016595363617,3,-0.6887057802962303,,4.0,3.5,8.0,3.8,3.2,4.0,0.15,0.12,3.0,1.7710794947466957,-0.0025425273697401783,0.002053813213582252,0.030736650182550448,0.003959934692829847,-0.00339888664893806,-0.019211016595363617,-0.01515412788592708,0.0005925972260605311,0.006273039935579185,0.001300437465071482,-0.00043116650569748755,-0.3170919772362118,1.0,0.9999946587023504,0.0,roll,0.0,0.0,0.0,0.0,0,8.600173234939575,post_hold_c,1.2,0.016573405999224633,1,-0.030724720414743622,0.08443121580312797,0.06362942616675694,0.10461114860716648,-0.020521898060338495,0.06340171359543677,0.030404414349626544,0.06371695751310336
14.444173097610474,direct_px4_equiv,1,1,14,0,0,0,0,1,-0.02239246666431427,-0.9717148542404175,1.4978542923927307,0.03568161278963089,-0.13228462636470795,0.03575343266129494,-0.1341982933056094,-0.102470374525492,-7.658185239282943,-0.10251661390401683,-0.0067696948535740376,-1.1990520862629637,1.5,0.0,0.0,0.0,0.0,0.0,0.0,0.0,0.0,-5.937107500558976,0.07735426748889836,-2.03246852073629,43.74267945677339,0.019602254197454032,-0.0445482814411602,0.23784295757658136,19.012954638966868,18.875184819678484,5.916045080620807,0.016,0.016,hover,0.3255194425582886,0.3255194425582886,0.3267420530319214,0.3267420530319214,0.6804556846618652,0.006557595916092396,-0.005247859749943018,0.017145998775959015,0.01702163740992546,0.32626327872276306,0.32626327872276306,0.32562631368637085,0.32562631368637085,0.6830894947052002,0.008124450221657753,-0.005911100655794144,0.018594862893223763,0.01866556890308857,12.84017300605774,0.0,0.003999948501586914,0,0,-0.0023991651833057404,-0.016942283138632774,-0.03099212609231472,3,-0.6887057802962303,,4.0,3.5,8.0,3.8,3.2,4.0,0.15,0.12,3.0,1.7294591133406878,-0.002368796347096408,0.0017530655345012536,0.03003940532143825,-0.0023991651833057404,-0.016942283138632774,-0.03099212609231472,-0.015213050994677308,0.0006385420044565396,0.0070015317737286975,0.019602254197454032,0.0445482814411602,-0.23784295757658136,1.0,0.9999956577823187,0.0,roll,0.0,0.0,0.0,0.0,0,8.600173234939575,post_hold_c,1.2,0.0007773729957989417,1,-0.026122765852954234,0.07416644083708171,0.05114947786180338,0.10003745557034198,-0.016944599398000214,0.05347505295125576,0.021173553311709403,0.05386574349035915
14.468173027038574,direct_px4_equiv,1,1,14,0,0,0,0,1,-0.021386776119470596,-0.9763022065162659,1.4984365105628967,0.03613898530602455,-0.14355319738388062,0.03821463882923126,-0.12768594232460892,-0.10777607307090106,-7.603353371359094,-0.10782166327195038,-0.0067696948535740376,-1.1990520862629637,1.5,0.0,0.0,0.0,0.0,0.0,0.0,0.0,0.0,-5.937107500558976,0.021467147256817073,-1.7610737387047368,43.67897980769008,0.011395235409611073,0.035119650165665796,0.15114092193741724,18.908217379302325,18.804692479480494,6.010002084379015,0.012,0.012,hover,0.32489213347435,0.32489213347435,0.3258129954338074,0.3258129954338074,0.6858378052711487,0.003952797036617994,-0.0035790777765214443,0.014910433441400528,0.014828737825155258,0.32517358660697937,0.32517358660697937,0.32609257102012634,0.32609257102012634,0.686730682849884,0.005065410863608122,-0.0037007112987339497,0.017168713733553886,0.017074890434741974,12.86417293548584,0.0,0.003999948501586914,0,0,9.127250086748973e-05,0.007791571319103241,-0.043418411165475845,3,-0.6887057802962303,,4.0,3.5,8.0,3.8,3.2,4.0,0.15,0.12,3.0,1.6747219119243968,-0.002255653915844181,0.0018484435964659747,0.029082519627950595,9.127250086748973e-05,0.007791571319103241,-0.043418411165475845,-0.015267896841587943,0.0006834122285264467,0.007709455299241386,0.011395235409611073,-0.035119650165665796,-0.15114092193741724,1.0,0.999995747640632,0.0,roll,0.0,0.0,0.0,0.0,0,8.600173234939575,post_hold_c,1.2,0.004599418993166182,1,-0.02034368447778836,0.06963934763844762,0.045971168812206004,0.09439276498907494,-0.011556337849781122,0.04658585358183851,0.01276302407055896,0.04684250849210551
14.492172956466675,direct_px4_equiv,1,1,14,0,0,1,0,1,-0.0207244623452425,-0.9795228242874146,1.4987598061561584,0.03670896962285042,-0.15124668180942535,0.03223058581352234,-0.12449663809179337,-0.07981741635401576,-7.542368956441638,-0.07984874143963312,-0.0067696948535740376,-1.1990520862629637,1.5,0.0,0.0,0.0,0.0,0.0,0.0,0.0,0.0,-5.937107500558976,-0.04418679443656239,-1.5768712523368054,43.776068607242756,0.002987433274819941,-0.04326991602639334,0.11959616749290627,18.980986285884956,18.909456616772342,5.9202117807625765,0.016,0.016,hover,0.32582399249076843,0.32582399249076843,0.32645875215530396,0.32645875215530396,0.6806952953338623,0.0026083162520080805,-0.0033201079349964857,0.013275877572596073,0.013225818984210491,0.32489827275276184,0.32489827275276184,0.3258262574672699,0.3258262574672699,0.6857161521911621,0.0037292204797267914,-0.0035567632876336575,0.014934428967535496,0.01485197152942419,12.88817286491394,0.0,0.003999948501586914,0,0,0.0028596511110663414,-0.01586705818772316,-0.04623962193727493,3,-0.6887057802962303,,4.0,3.5,8.0,3.8,3.2,4.0,0.15,0.12,3.0,1.6121451730002498,-0.0021921761813426697,0.0013625012771463964,0.02801767423630552,0.0028596511110663414,-0.01586705818772316,-0.04623962193727493,-0.015321625702014395,0.0007199089421485716,0.00839258880595488,0.002987433274819941,0.04326991602639334,-0.11959616749290627,1.0,0.9999966689767826,0.0,roll,0.0,0.0,0.0,0.0,0,8.600173234939575,post_hold_c,1.2,0.008771870001510251,1,-0.019837049053921092,0.07344952087482183,0.038348016793271066,0.09264940726308968,-0.010720160791905554,0.0415501344871804,0.008421886063611274,0.04170739911337592
14.512173175811768,direct_px4_equiv,1,1,14,0,0,1,0,1,-0.019759779796004295,-0.9845739006996155,1.4991732239723206,0.03663557767868042,-0.16259203851222992,0.03045354038476944,-0.12268690014626016,-0.06558335065958353,-7.491180316642238,-0.06560747317838818,-0.0067696948535740376,-1.1990520862629637,1.5,0.0,0.0,0.0,0.0,0.0,0.0,0.0,0.0,-5.937107500558976,-0.10700547414944103,-1.2976608805828242,43.79413213992644,0.018389380822671397,-0.03715739670613364,0.10487946145306475,18.997977348073963,18.890301254637777,5.929564898338361,0.016,0.016,hover,0.3256538212299347,0.3256538212299347,0.32660937309265137,0.32660937309265137,0.6812328100204468,0.0017291554249823093,-0.003464838955551386,0.010935229249298573,0.010873226448893547,0.3258266746997833,0.3258266746997833,0.3264607787132263,0.3264607787132263,0.6806657314300537,0.002519024070352316,-0.003281268058344722,0.01327824592590332,0.013228229247033596,12.908173084259033,0.0,0.004000186920166016,0,0,-0.002339961240068078,-0.013538681901991367,-0.046616945415735245,3,-0.6887057802962303,,4.0,3.5,8.0,3.8,3.2,4.0,0.15,0.12,3.0,1.5603565614878279,-0.0021566153919858155,0.0011155005760851244,0.027124061305160763,-0.002339961240068078,-0.013538681901991367,-0.046616945415735245,-0.015365036729571027,0.0007439466220660621,0.008942144736337214,0.018389380822671397,0.03715739670613364,-0.10487946145306475,1.0,0.999997052333989,0.0,roll,0.0,0.0,0.0,0.0,0,8.600173234939575,post_hold_c,1.2,0.008658899998408742,1,-0.0183982711994372,0.06950704059131255,0.033735733137981755,0.08602871398809576,-0.011187476870434653,0.03415924902663646,0.005583199271078201,0.034354035652512646
14.536173105239868,direct_px4_equiv,1,1,14,0,0,1,0,1,-0.01886562630534172,-0.9898892641067505,1.4995353817939758,0.036122675985097885,-0.17379872500896454,0.02895650453865528,-0.08344836787296771,-0.05268463823665963,-7.430949826424153,-0.05270254251377637,-0.0067696948535740376,-1.1990520862629637,1.5,0.0,0.0,0.0,0.0,0.0,0.0,0.0,0.0,-5.937107500558976,-0.16131565526830252,-0.9868593524771913,43.80953385262906,-0.01719916236029154,-0.0224920968966139,0.09703422208672476,18.93103680262357,18.94302177576738,5.949820356451169,0.02,0.02,hover,0.3261220157146454,0.3261220157146454,0.3260156214237213,0.3260156214237213,0.682395339012146,0.0010853770654648542,-0.003726131981238723,0.008292305283248425,0.008297556079924107,0.32565754652023315,0.32565754652023315,0.3266077935695648,0.3266077935695648,0.6812184453010559,0.0016544758109375834,-0.0034164327662438154,0.010926336981356144,0.01086472813040018,12.932173013687134,0.0,0.003999948501586914,0,0,0.008360168896615505,-0.008574042469263077,-0.04545124992728233,3,-0.6887057802962303,,4.0,3.5,8.0,3.8,3.2,4.0,0.15,0.12,3.0,1.4971368930353586,-0.0014683113212631484,0.0009004559316753044,0.026072392068588614,0.008360168896615505,-0.008574042469263077,-0.04545124992728233,-0.015410505831476745,0.00076779249969607,0.009578299487197364,-0.01719916236029154,0.0224920968966139,-0.09703422208672476,1.0,0.9999985166205625,0.0,roll,0.0,0.0,0.0,0.0,0,8.600173234939575,post_hold_c,1.2,0.010871316000702791,1,-0.018384617504256122,0.07202232979630299,0.028877290343318117,0.08375582839668189,-0.012031155565969964,0.026067540203661078,0.0035045296957133564,0.026051043918664894
14.560173034667969,direct_px4_equiv,1,1,14,0,0,1,0,1,-0.01831159181892872,-0.9935950636863708,1.499756395816803,0.035721831023693085,-0.18023277819156647,0.027620956301689148,-0.03756222151155211,-0.04255842904907418,-7.372366683374676,-0.042571777413750136,-0.0067696948535740376,-1.1990520862629637,1.5,0.0,0.0,0.0,0.0,0.0,0.0,0.0,0.0,-5.937107500558976,-0.19501892845284055,-0.7799823568754607,43.826587089201716,-0.1494224857506969,-0.011077566106929409,0.09609924263324421,18.724688325344616,19.14514969913732,5.966422408568743,0.012,0.012,hover,0.32791104912757874,0.32791104912757874,0.3241787850856781,0.3241787850856781,0.6833467483520508,0.0007781918975524604,-0.004022104665637016,0.006484495475888252,0.006630124989897013,0.32727351784706116,0.32727351784706116,0.3249034881591797,0.3249034881591797,0.6828362345695496,0.001057636458426714,-0.004194000270217657,0.006694257725030184,0.00678932573646307,12.956172943115234,0.0,0.003999948501586914,0,0,0.0510832816362381,-0.004675874020904303,-0.04318145290017128,3,-0.6887057802962303,,4.0,3.5,8.0,3.8,3.2,4.0,0.15,0.12,3.0,1.4363952449783306,-0.0006648359555408072,0.0007345154085769487,0.02504958599726966,0.0510832816362381,-0.004675874020904303,-0.04318145290017128,-0.015434648893126936,0.0007876239548007918,0.010189807162060584,-0.1494224857506969,0.011077566106929409,-0.09609924263324421,1.0,0.9999995092401676,0.0,roll,0.0,0.0,0.0,0.0,0,8.600173234939575,post_hold_c,1.2,0.01697635999880731,1,-0.017737318117323313,0.05519540795707314,0.02602398444399714,0.06406029780648197,-0.012986809504524686,0.02082915202287725,0.0025126719745356546,0.02037164297548799
14.58417296409607,direct_px4_equiv,1,1,14,0,0,1,0,1,-0.017756745219230652,-0.9973720908164978,1.499958574771881,0.0355621799826622,-0.18464098870754242,0.026197386905550957,-0.067026540508673,-0.049094652039674,-7.3098399598147195,-0.04910874853807378,-0.0067696948535740376,-1.1990520862629637,1.5,0.0,0.0,0.0,0.0,0.0,0.0,0.0,0.0,-5.937107500558976,-0.2148924658941817,-0.6641428785413943,43.844755507466296,0.08414012121564299,0.027739496735486584,0.06177281484259366,19.057376109975962,18.775230827609317,6.019044503202631,0.016,0.016,hover,0.32462963461875916,0.32462963461875916,0.3271353244781494,0.3271353244781494,0.6863535642623901,-0.00022851598623674363,-0.0032677387353032827,0.005630137864500284,0.005546774715185165,0.3264499306678772,0.3264499306678772,0.3260912299156189,0.3260912299156189,0.6813956499099731,0.00025699619436636567,-0.0038642724975943565,0.005416670814156532,0.005428236909210682,12.980172872543335,0.0,0.003999948501586914,0,0,-0.025947533547878265,0.007182087283581495,-0.04641380533576012,3,-0.6887057802962303,,4.0,3.5,8.0,3.8,3.2,4.0,0.15,0.12,3.0,1.3752730549798198,-0.0011800141921008644,0.0008427881688408612,0.02395862439073438,-0.025947533547878265,0.007182087283581495,-0.04641380533576012,-0.015457306470649473,0.0008057712900495273,0.010775751624185245,0.08414012121564299,-0.027739496735486584,-0.06177281484259366,1.0,0.9999989486372572,0.0,roll,0.0,0.0,0.0,0.0,0,8.600173234939575,post_hold_c,1.2,0.0007192850025603548,1,-0.016798070402801887,0.03767651686150788,0.018950855433573357,0.043362690534605064,-0.010551067684464576,0.017425706656701786,-0.0007378459029209075,0.01768759903802812
14.604173183441162,direct_px4_equiv,1,1,14,0,0,1,0,1,-0.01698528602719307,-1.0031311511993408,1.5002403855323792,0.03518760949373245,-0.18784794211387634,0.026673009619116783,-0.05991391844815145,-0.062000327249171074,-7.258381928187523,-0.06201681892014736,-0.0067696948535740376,-1.1990520862629637,1.5,0.0,0.0,0.0,0.0,0.0,0.0,0.0,0.0,-5.937107500558976,-0.23187171117937674,-0.5046852801379645,43.82630369764633,0.018866527550406815,0.049958478842674306,0.056381804159404025,18.93186537751991,18.853773202318592,6.045131384720685,0.016,0.016,hover,0.3253290355205536,0.3253290355205536,0.3260229825973511,0.3260229825973511,0.6878393292427063,-0.0005012080073356628,-0.003294454887509346,0.004260449670255184,0.0042428746819496155,0.3244488537311554,0.3244488537311554,0.32704511284828186,0.32704511284828186,0.6869067549705505,-0.00044156992225907743,-0.0034631825983524323,0.004352126270532608,0.0042853523045778275,13.000173091888428,0.0,0.004000186920166016,0,0,-0.004411743953824043,0.013760221190750599,-0.04520082101225853,3,-0.6887057802962303,,4.0,3.5,8.0,3.8,3.2,4.0,0.15,0.12,3.0,1.3241167714064508,-0.001058102310919236,0.0010699808100365145,0.023060637717595485,-0.004411743953824043,0.013760221190750599,-0.04520082101225853,-0.015481080847026197,0.0008254629869271384,0.011244173048213082,0.018866527550406815,-0.049958478842674306,-0.056381804159404025,1.0,0.9999988677803268,0.0,roll,0.0,0.0,0.0,0.0,0,8.600173234939575,post_hold_c,1.2,0.0006239660069695674,1,-0.016725624558234845,0.02567630773224596,0.016366530424197803,0.030256439745594374,-0.01063733103233798,0.013329384483919798,-0.0016183299533545303,0.013384597976355595
14.628173112869263,direct_px4_equiv,1,1,14,0,0,1,0,1,-0.01573025807738304,-1.0128276348114014,1.5006316304206848,0.03397398814558983,-0.19114701449871063,0.02339324913918972,-0.0581268866126811,-0.0769952982741555,-7.194269086074404,-0.07701382148749926,-0.0067696948535740376,-1.1990520862629637,1.5,0.0,0.0,0.0,0.0,0.0,0.0,0.0,0.0,-5.937107500558976,-0.2515477354438799,-0.2772250699562308,43.87142485201874,-0.027864070494427517,0.02325544409826074,0.03278241522396552,18.89216017986421,18.965011835694977,6.01623528348434,0.012,0.012,hover,0.32631710171699524,0.32631710171699524,0.3256703317165375,0.3256703317165375,0.6861934065818787,-0.001242840546183288,-0.0028762472793459892,0.002326501766219735,0.0023354734294116497,0.3251120448112488,0.3251120448112488,0.32648134231567383,0.32648134231567383,0.6875293850898743,-0.0010013979626819491,-0.00304546020925045,0.0030152429826557636,0.0029907587449997663,13.024173021316528,0.0,0.003999948501586914,0,0,0.011143045499920845,0.004981988575309515,-0.046550098806619644,3,-0.6887057802962303,,4.0,3.5,8.0,3.8,3.2,4.0,0.15,0.12,3.0,1.2608965814739304,-0.0010291865264153717,0.001332610572349581,0.02194184330566431,0.011143045499920845,0.004981988575309515,-0.046550098806619644,-0.015507916362415356,0.0008544755588351436,0.011782059486343937,-0.027864070494427517,-0.02325544409826074,-0.03278241522396552,1.0,0.9999985824620222,0.0,roll,0.0,0.0,0.0,0.0,0,8.600173234939575,post_hold_c,1.2,0.004513920001045335,1,-0.016682877200031525,0.016488982706363474,0.012552067331001806,0.020401998940621047,-0.009286997181002907,0.007337105832463193,-0.004012957088190888,0.007308920780422592
14.652173042297363,direct_px4_equiv,1,1,14,0,0,1,0,1,-0.015020806342363358,-1.0186138153076172,1.5007866024971008,0.03338215872645378,-0.18946947157382965,0.021870741620659828,-0.07604445387863981,-0.09901511388692705,-7.125814184602324,-0.09903641200795978,-0.0067696948535740376,-1.1990520862629637,1.5,0.0,0.0,0.0,0.0,0.0,0.0,0.0,0.0,-5.937107500558976,-0.24643733515892208,-0.21899730880355056,43.89315005134554,0.05243588813223408,0.05068778473839918,-0.00182622199075598,19.003553737539182,18.83607234246258,6.054960799444233,0.016,0.016,hover,0.3251715302467346,0.3251715302467346,0.32665878534317017,0.32665878534317017,0.6883983016014099,-0.0020715349819511175,-0.001963084563612938,0.0018504229374229908,0.001834114664234221,0.32630452513694763,0.32630452513694763,0.3256685137748718,0.3256685137748718,0.6862797737121582,-0.0013096468755975366,-0.002669303910806775,0.0023619739804416895,0.0023709305096417665,13.048172950744629,0.0,0.003999948501586914,0,0,-0.015123737044632435,0.012866212986409664,-0.049578916281461716,3,-0.6887057802962303,,4.0,3.5,8.0,3.8,3.2,4.0,0.15,0.12,3.0,1.195309974529554,-0.001345080272759578,0.0017142785029965982,0.02074760747542965,-0.015123737044632435,0.012866212986409664,-0.049578916281461716,-0.01553629141218683,0.0008928693729608703,0.012292023502257806,0.05243588813223408,-0.05068778473839918,0.00182622199075598,1.0,0.9999976260039709,0.0,roll,0.0,0.0,0.0,0.0,0,8.600173234939575,post_hold_c,1.2,0.008404744003200904,1,-0.013883701617559563,0.015421542103305508,0.010215617123932286,0.01841540437499057,-0.006338523436124009,0.0057620412386763286,-0.006688694784713321,0.0058132751430002355
14.676172971725464,direct_px4_equiv,1,1,14,0,0,1,0,1,-0.014561413787305355,-1.0224220752716064,1.5008538365364075,0.032814279198646545,-0.18766357004642487,0.02068536914885044,-0.10775723431675274,-0.11160680903013905,-7.056878476600718,-0.11162812443428517,-0.0067696948535740376,-1.1990520862629637,1.5,0.0,0.0,0.0,0.0,0.0,0.0,0.0,0.0,-5.937107500558976,-0.24018207887694867,-0.2082985524926621,43.911798228620476,0.08185734851839518,0.04382638305628785,-0.02021334589250591,19.060177626658334,18.80431727877033,6.048690286132689,0.02,0.02,hover,0.32488879561424255,0.32488879561424255,0.327160120010376,0.327160120010376,0.6880417466163635,-0.0024823774583637714,-0.0014537309762090445,0.001762994797900319,0.0017393284942954779,0.32516375184059143,0.32516375184059143,0.3266628384590149,0.3266628384590149,0.6884198188781738,-0.002122340491041541,-0.0018767309375107288,0.0018839919939637184,0.0018672562437132,13.07217288017273,0.0,0.003999948501586914,0,0,-0.023998072370886803,0.010340539738535881,-0.04984275624155998,3,-0.6887057802962303,,4.0,3.5,8.0,3.8,3.2,4.0,0.15,0.12,3.0,1.1305703396701896,-0.001899661738881697,0.0019294344247729937,0.019545195299763965,-0.023998072370886803,0.010340539738535881,-0.04984275624155998,-0.01557614768143954,0.0009373082316151833,0.01277318962401964,0.08185734851839518,-0.04382638305628785,0.02021334589250591,1.0,0.9999963342839067,0.0,roll,0.0,0.0,0.0,0.0,0,8.600173234939575,post_hold_c,1.2,0.01277812100306619,1,-0.012526753352489007,0.009847651747959563,0.008318159227415547,0.013280973642233814,-0.004693892350224059,0.005464261486558735,-0.008015246947265584,0.005538611542687256
14.696173191070557,direct_px4_equiv,1,1,14,0,0,1,0,1,-0.013893946073949337,-1.0280483961105347,1.5008986592292786,0.03198081627488136,-0.18480804562568665,0.018927300348877907,-0.13282002370650622,-0.1161537963391816,-6.999668101893584,-0.11617375085409865,-0.0067696948535740376,-1.1990520862629637,1.5,0.0,0.0,0.0,0.0,0.0,0.0,0.0,0.0,-5.937107500558976,-0.2413141507331485,-0.1773127492424728,43.94163909420689,0.08655336407079492,0.030724700444444333,-0.035723768487096984,19.087921191398127,18.819351891185278,6.035708350294716,0.02,0.02,hover,0.32502269744873047,0.32502269744873047,0.32740548253059387,0.32740548253059387,0.6873030066490173,-0.0028764642775058746,-0.0010794843547046185,0.0014995364472270012,0.001478437683545053,0.32488879561424255,0.32488879561424255,0.327160120010376,0.327160120010376,0.6880417466163635,-0.0024823774583637714,-0.0014537309762090445,0.001762994797900319,0.0017393284942954779,13.092173099517822,0.0,0.004000186920166016,0,0,-0.024820487946271896,0.006113640032708645,-0.05010683462023735,3,-0.6887057802962303,,4.0,3.5,8.0,3.8,3.2,4.0,0.15,0.12,3.0,1.0772433614087675,-0.002336842696907971,0.0020056824149279127,0.018547244241450527,-0.024820487946271896,0.006113640032708645,-0.05010683462023735,-0.015619539175621203,0.0009770010009325424,0.013152106419364656,0.08655336407079492,-0.030724700444444333,0.035723768487096984,1.0,0.9999952582020559,0.0,roll,0.0,0.0,0.0,0.0,0,8.600173234939575,post_hold_c,1.2,0.01261006599816028,1,-0.012518176991775511,0.013454675618057157,0.005842141237088755,0.01705887242887829,-0.00348550295689825,0.00464464896379073,-0.009287697617284438,0.004710932823733999
14.720173120498657,direct_px4_equiv,1,1,14,0,0,1,0,1,-0.013451634906232357,-1.0317318439483643,1.5009177327156067,0.031228961423039436,-0.1828674077987671,0.01803651452064514,-0.15631374786490432,-0.12621295327127827,-6.934047255865537,-0.126232048530413,-0.0067696948535740376,-1.1990520862629637,1.5,0.0,0.0,0.0,0.0,0.0,0.0,0.0,0.0,-5.937107500558976,-0.23340317437896513,-0.16434260334625353,43.95673977022863,0.06255414220747113,0.042372768364679,-0.0323093462249372,19.050158138168097,18.854735130930198,6.053050979157032,0.012,0.012,hover,0.32533758878707886,0.32533758878707886,0.3270714581012726,0.3270714581012726,0.6882897615432739,-0.0027211038395762444,-0.0011014225892722607,0.0013872388517484069,0.0013730080099776387,0.32532304525375366,0.32532304525375366,0.32737451791763306,0.32737451791763306,0.6864449381828308,-0.002975327894091606,-0.0009608285618014634,0.001310079824179411,0.0012942005414515734,13.116173028945923,0.0,0.003999948501586914,0,0,-0.016145188361406326,0.009467605501413345,-0.046813543885946274,3,-0.6887057802962303,,4.0,3.5,8.0,3.8,3.2,4.0,0.15,0.12,3.0,1.0171504401615619,-0.002747247717180707,0.002179011023268349,0.017402641437054334,-0.016145188361406326,0.009467605501413345,-0.046813543885946274,-0.01568163719589673,0.0010266800893653399,0.013580981186753372,0.06255414220747113,-0.042372768364679,0.0323093462249372,1.0,0.9999938522705083,0.0,roll,0.0,0.0,0.0,0.0,0,8.600173234939575,post_hold_c,1.2,0.016572635002376046,1,-0.011292589911497926,0.009415173404155009,0.004554461139767081,0.013057523130422655,-0.0035563382138612877,0.004313431725170293,-0.008786060660108804,0.004358139280213865
14.744173049926758,direct_px4_equiv,1,1,14,0,0,1,0,1,-0.012352530844509602,-1.0407416820526123,1.5009554028511047,0.029347199946641922,-0.17803548276424408,0.014597676694393158,-0.17531792901866827,-0.11391119525481572,-6.876680107629859,-0.11392650915461007,-0.0067696948535740376,-1.1990520862629637,1.5,0.0,0.0,0.0,0.0,0.0,0.0,0.0,0.0,-5.937107500558976,-0.24217964281356175,-0.10123427640059221,44.01710469283342,0.056287251092858086,-0.016735275112162183,-0.016245147078314905,19.10400004073242,18.92976236323963,5.984281381376814,0.016,0.016,hover,0.3260043263435364,0.3260043263435364,0.3275476098060608,0.3275476098060608,0.6843686699867249,-0.00238386751152575,-0.0015640443889424205,0.0008511440828442574,0.0008433812181465328,0.3250844180583954,0.3250844180583954,0.3269697427749634,0.3269697427749634,0.6867534518241882,-0.0026705684140324593,-0.0011811301810666919,0.0011742017231881618,0.0011611030204221606,13.140172958374023,0.0,0.003999948501586914,0,0,-0.013454252853989601,-0.008627880364656448,-0.041721880435943604,3,-0.6887057802962303,,4.0,3.5,8.0,3.8,3.2,4.0,0.15,0.12,3.0,0.9627230191554117,-0.003076070605055607,0.0019629672829216266,0.016401468811819846,-0.013454252853989601,-0.008627880364656448,-0.041721880435943604,-0.015752573089495674,0.001075533032401243,0.013984324478008209,0.056287251092858086,0.016735275112162183,0.016245147078314905,1.0,0.9999933422746264,0.0,roll,0.0,0.0,0.0,0.0,0,8.600173234939575,post_hold_c,1.2,0.0009156219966826029,1,-0.008745584835066779,0.009282928976155591,0.0006706636113939042,0.012947547541819726,-0.0050500790781942495,0.0026495601610081352,-0.0076971721813202335,0.0026739479105863683
14.768172979354858,direct_px4_equiv,1,1,14,0,0,1,0,1,-0.011919716373085976,-1.0442657470703125,1.5009389519691467,0.02849549427628517,-0.17607399821281433,0.013612628914415836,-0.189406337443278,-0.0992955522692413,-6.828395047710641,-0.09930755721688223,-0.0067696948535740376,-1.1990520862629637,1.5,0.0,0.0,0.0,0.0,0.0,0.0,0.0,0.0,-5.937107500558976,-0.2511187498531176,-0.08404027169878442,44.03511846703409,0.048268598806596244,-0.024609361565866815,0.01700782509864272,19.104819120765118,18.95490366031918,5.976350498991706,0.012,0.012,hover,0.32622745633125305,0.32622745633125305,0.327554851770401,0.327554851770401,0.6839150190353394,-0.0016304939053952694,-0.0024532126262784004,0.0007056451286189258,0.0007001079502515495,0.3260182738304138,0.3260182738304138,0.32749098539352417,0.32749098539352417,0.6846357583999634,-0.0023164323065429926,-0.0017171641811728477,0.0009067461360245943,0.0008988521294668317,13.164172887802124,0.0,0.003999948501586914,0,0,-0.010375290177762508,-0.010644213296473026,-0.03408690169453621,3,-0.6887057802962303,,4.0,3.5,8.0,3.8,3.2,4.0,0.15,0.12,3.0,0.9167441084865287,-0.0033191405427560705,0.0017072675439936769,0.015558585443127089,-0.010375290177762508,-0.010644213296473026,-0.03408690169453621,-0.015829843432685405,0.001119121399241222,0.014365867501533411,0.048268598806596244,0.024609361565866815,-0.01700782509864272,1.0,0.9999930342714763,0.0,roll,0.0,0.0,0.0,0.0,0,8.600173234939575,post_hold_c,1.2,0.004534788000455592,1,-0.009042193760388905,0.013171396602223131,-0.0004362032929721248,0.016900539935688096,-0.007921077633351566,0.002199453942129071,-0.005264634994967284,0.00221684958256082
14.792173147201538,direct_px4_equiv,1,1,14,0,0,1,0,1,-0.0113075515255332,-1.0494123697280884,1.5009074807167053,0.027254236862063408,-0.17310404777526855,0.013308928348124027,-0.2031497324288112,-0.08386000534316261,-6.789192722723498,-0.08386926646779615,-0.0067696948535740376,-1.1990520862629637,1.5,0.0,0.0,0.0,0.0,0.0,0.0,0.0,0.0,-5.937107500558976,-0.2593466330149071,-0.05432316363643065,44.041464086592995,0.04907012492987933,-0.02855020096639694,0.03558926324400901,19.111075322790946,18.95950754188926,5.971953214430004,0.016,0.016,hover,0.3262682855129242,0.3262682855129242,0.3276101350784302,0.3276101350784302,0.6836633682250977,-0.001237397314980626,-0.0029753437265753746,0.0004560141242109239,0.00045239750761538744,0.32622435688972473,0.32622435688972473,0.32756343483924866,0.32756343483924866,0.6838729381561279,-0.001747542293742299,-0.0023997679818421602,0.0007418043096549809,0.000735932495445013,13.188173055648804,0.0,0.004000186920166016,0,0,-0.010248057544231415,-0.01141059584915638,-0.02931472845375538,3,-0.6887057802962303,,4.0,3.5,8.0,3.8,3.2,4.0,0.15,0.12,3.0,0.8801161162757009,-0.003556413855712553,0.0014372259669075747,0.014874126844402391,-0.010248057544231415,-0.01141059584915638,-0.02931472845375538,-0.01591282376940601,0.0011563025255180701,0.014729339963644663,0.04907012492987933,0.02855020096639694,-0.03558926324400901,1.0,0.9999926431505666,0.0,roll,0.0,0.0,0.0,0.0,0,8.600173234939575,post_hold_c,1.2,0.008813267995719798,1,-0.008466048215672149,0.009221857042380566,-0.0008576196459266348,0.012906422179695976,-0.009606966072301472,0.001421248700223011,-0.003995381709235128,0.0014326105806892098
14.816173076629639,direct_px4_equiv,1,1,14,0,0,1,0,1,-0.010718515142798424,-1.0544146299362183,1.5008767247200012,0.02595781721174717,-0.1699771285057068,0.012802120298147202,-0.2178202575295083,-0.0689488953424431,-6.7599791868989865,-0.06895599940644498,-0.0067696948535740376,-1.1990520862629637,1.5,0.0,0.0,0.0,0.0,0.0,0.0,0.0,0.0,-5.937107500558976,-0.26538805235330587,-0.030411641493706787,44.05144779919092,0.05222903956413484,-0.025812122486770103,0.06737925145583837,19.11851813120368,18.957633355385745,5.9767748397239036,0.02,0.02,hover,0.32625165581703186,0.32625165581703186,0.32767587900161743,0.32767587900161743,0.6839393377304077,-0.0004999756929464638,-0.0038034338504076004,0.00025531474966555834,0.00025316624669358134,0.326266348361969,0.326266348361969,0.3276139497756958,0.3276139497756958,0.683647871017456,-0.0012817982351407409,-0.002953991759568453,0.00047365858335979283,0.0004698859993368387,13.212172985076904,0.0,0.003999948501586914,0,0,-0.01088408287614584,-0.010105001740157604,-0.022717071697115898,3,-0.6887057802962303,,4.0,3.5,8.0,3.8,3.2,4.0,0.15,0.12,3.0,0.8541267376714982,-0.0038102208950079445,0.0011760528653994434,0.014363958503708654,-0.01088408287614584,-0.010105001740157604,-0.022717071697115898,-0.016001690603676972,0.0011871386386688532,0.015078867154270134,0.05222903956413484,0.025812122486770103,-0.06737925145583837,1.0,0.9999920495583382,0.0,roll,0.0,0.0,0.0,0.0,0,8.600173234939575,post_hold_c,1.2,0.012531047999800649,1,-0.008623923528039713,0.01314670388139152,-0.0016157122966380857,0.016830973019743813,-0.012280751856539136,0.0007953452378283654,-0.0016143510008703582,0.0008020949710473138
14.840172052383423,direct_px4_equiv,1,1,14,0,0,1,0,1,-0.010338211432099342,-1.0576790571212769,1.5008452534675598,0.025139212608337402,-0.16789110004901886,0.011413978412747383,-0.23139200750204408,-0.05934370233744543,-6.740559865824141,-0.05934953305060489,-0.0067696948535740376,-1.1990520862629637,1.5,0.0,0.0,0.0,0.0,0.0,0.0,0.0,0.0,-5.937107500558976,-0.26933502263147513,-0.019510617868166685,44.07732104824491,0.05157379964180416,-0.018411832332607524,0.11877097041556507,19.12484548064615,18.965258617077716,5.989864138412091,0.008,0.008,hover,0.32631930708885193,0.32631930708885193,0.32773175835609436,0.32773175835609436,0.6846878528594971,0.0007395722204819322,-0.005095230415463448,0.00016373155813198537,0.00016236530791502446,0.3263215720653534,0.3263215720653534,0.3277106285095215,0.3277106285095215,0.6847848892211914,0.00025207470753230155,-0.004575798287987709,0.00012917110871057957,0.00012811101623810828,13.236171960830688,0.0,0.003999948501586914,0,0,-0.010280887596309185,-0.007499963976442814,-0.013202412985265255,3,-0.6887057802962303,,4.0,3.5,8.0,3.8,3.2,4.0,0.15,0.12,3.0,0.8383266403241287,-0.0040457117853647815,0.0010073995614994305,0.014024838445468393,-0.010280887596309185,-0.007499963976442814,-0.013202412985265255,-0.016096440761351003,0.0012129205277121467,0.015418512512581748,0.05157379964180416,0.018411832332607524,-0.11877097041556507,1.0,0.9999913086806874,0.0,roll,0.0,0.0,0.0,0.0,0,8.600173234939575,post_hold_c,1.2,0.016238130003330298,1,-0.0101076721529691,0.009194571695861485,-9.128569830629676e-05,0.012971109954744509,-0.016451780565756947,0.0005100856562208663,0.0023879744755158356,0.000514377871730314
14.864171981811523,direct_px4_equiv,1,1,14,0,0,1,0,1,-0.009388807229697704,-1.0655556917190552,1.500782072544098,0.023146849125623703,-0.161911740899086,0.01075050514191389,-0.24669527125626806,-0.04682920956621726,-6.728847036028211,-0.04683367904325029,-0.0067696948535740376,-1.1990520862629637,1.5,0.0,0.0,0.0,0.0,0.0,0.0,0.0,0.0,-5.937107500558976,-0.26960766300477146,0.0073846778917597555,44.091368251708424,0.05445090971874219,-0.015485011313024544,0.14056861075103647,19.133409732731643,18.965697916260577,5.995583557213651,0.016,0.016,hover,0.32632318139076233,0.32632318139076233,0.32780739665031433,0.32780739665031433,0.6850146651268005,0.0012766531435772777,-0.005629830062389374,-6.197019683895633e-05,-6.142700294731185e-05,0.32635530829429626,0.32635530829429626,0.3277933597564697,0.3277933597564697,0.6838154196739197,0.0009164673974737525,-0.005308194551616907,4.63414762634784e-05,4.594786878442392e-05,13.260171890258789,0.0,0.003999948501586914,0,0,-0.01079931017011404,-0.006206698715686798,-0.00902295671403408,3,-0.6887057802962303,,4.0,3.5,8.0,3.8,3.2,4.0,0.15,0.12,3.0,0.8306995498797628,-0.004311185271772073,0.000787554174413965,0.013820079059891249,-0.01079931017011404,-0.006206698715686798,-0.00902295671403408,-0.016197316603286067,0.0012334442624442991,0.015751960687079205,0.05445090971874219,0.015485011313024544,-0.14056861075103647,1.0,0.9999903967202731,0.0,roll,0.0,0.0,0.0,0.0,0,8.600173234939575,post_hold_c,1.2,0.0007982629977050237,1,-0.01241832509331746,0.009180352967029815,0.000700970702073329,0.012907471130028792,-0.018177927548336397,-0.00019297861804950256,0.004122133300311732,-0.00019468510916431238
14.888172149658203,direct_px4_equiv,1,1,14,0,0,1,0,1,-0.008853385224938393,-1.0701093673706055,1.5007780194282532,0.021885816007852554,-0.1579350382089615,0.011658764444291592,-0.2557230171917418,-0.050441894021524575,-6.7223928654397,-0.050446628403343276,-0.0067696948535740376,-1.1990520862629637,1.5,0.0,0.0,0.0,0.0,0.0,0.0,0.0,0.0,-5.937107500558976,-0.2585111475837439,0.013420484624880186,44.07498030467896,0.04543870468393817,-0.002886047599603346,0.16277560246456452,19.10481307753931,18.96431384698956,6.00991708644096,0.012,0.012,hover,0.3263109028339386,0.3263109028339386,0.3275547921657562,0.3275547921657562,0.6858329772949219,0.0019168535945937037,-0.006093846168369055,-0.00011262925545452163,-0.00011180096043972299,0.3263137936592102,0.3263137936592102,0.3278469741344452,0.3278469741344452,0.684831440448761,0.0015503247268497944,-0.0058533186092972755,-2.4190832846215926e-05,-2.3971837435965426e-05,13.284172058105469,0.0,0.004000186920166016,0,0,-0.007533865515142679,-0.00237513380125165,-0.004992391914129257,3,-0.6887057802962303,,4.0,3.5,8.0,3.8,3.2,4.0,0.15,0.12,3.0,0.8275190340420434,-0.004469132677102588,0.0008497685644928781,0.013707640148762563,-0.007533865515142679,-0.00237513380125165,-0.004992391914129257,-0.016302915411962285,0.00125381364470954,0.0160820595245908,0.04543870468393817,0.002886047599603346,-0.16277560246456452,1.0,0.9999896523730736,0.0,roll,0.0,0.0,0.0,0.0,0,8.600173234939575,post_hold_c,1.2,0.004121786005271133,1,-0.014335575133075018,0.013066888863180881,0.0026368898910003316,0.01687239760594508,-0.0196761701543317,-0.0003512330857765287,0.006189250219204968,-0.00035383523530565196
14.912172079086304,direct_px4_equiv,1,1,14,0,0,1,0,1,-0.008515208959579468,-1.0730663537979126,1.500800907611847,0.021118784323334694,-0.1550309807062149,0.011827291920781136,-0.2643091681702594,-0.05761316895613816,-6.718472025995369,-0.05761852731236841,-0.0067696948535740376,-1.1990520862629637,1.5,0.0,0.0,0.0,0.0,0.0,0.0,0.0,0.0,-5.937107500558976,-0.247454058700012,0.009009995409851063,44.07090631921823,0.0405752354317883,0.02333978602352015,0.17209539764493148,19.078802479464976,18.952823084450984,6.043651556278717,0.016,0.016,hover,0.3262089788913727,0.3262089788913727,0.32732486724853516,0.32732486724853516,0.6877551078796387,0.0022391134407371283,-0.006241662427783012,-7.566077692899853e-05,-7.516118057537824e-05,0.3263058066368103,0.3263058066368103,0.3275567889213562,0.3275567889213562,0.6858470439910889,0.0019199574599042535,-0.006071936339139938,-8.948479808168486e-05,-8.882297697709873e-05,13.30817198753357,0.0,0.003999948501586914,0,0,-0.005662481766194105,0.005607094150036573,-0.0032513365149497986,3,-0.6887057802962303,,4.0,3.5,8.0,3.8,3.2,4.0,0.15,0.12,3.0,0.8269919364309678,-0.00461980964591117,0.0009740585947575402,0.01363955924625392,-0.005662481766194105,0.005607094150036573,-0.0032513365149497986,-0.016412204566024907,0.0012758297677041227,0.016410007182496716,0.0405752354317883,-0.02333978602352015,-0.17209539764493148,1.0,0.9999888542845659,0.0,roll,0.0,0.0,0.0,0.0,0,8.600173234939575,post_hold_c,1.2,0.008667175003211014,1,-0.015061550223225901,0.009109807595009367,0.0038713976492055443,0.012970026713474617,-0.020153448880102377,-0.0002361258130135459,0.007229781553265435,-0.0002376953410725829
14.936172008514404,direct_px4_equiv,1,1,14,0,0,1,0,1,-0.00818594265729189,-1.075965404510498,1.5008545517921448,0.020317327231168747,-0.15218597650527954,0.01149296946823597,-0.27463833656564685,-0.0657495831657276,-6.715466702550248,-0.06575564097826973,-0.0067696948535740376,-1.1990520862629637,1.5,0.0,0.0,0.0,0.0,0.0,0.0,0.0,0.0,-5.937107500558976,-0.23502737605015686,0.0033205571705051673,44.074761236573806,0.045456028186155205,0.02580706801333472,0.17740893545365202,19.086299843179223,18.9453791805654,6.047596413478456,0.008,0.008,hover,0.32614293694496155,0.32614293694496155,0.3273911476135254,0.3273911476135254,0.687979519367218,0.002473181113600731,-0.006269032135605812,-2.7895091989194043e-05,-2.7689133275998756e-05,0.32614460587501526,0.32614460587501526,0.3274269700050354,0.3274269700050354,0.6877337694168091,0.0023515087086707354,-0.006184177473187447,-5.435738785308786e-05,-5.394513573264703e-05,13.33217191696167,0.0,0.003999948501586914,0,0,-0.006985956337302923,0.006135782226920128,-0.002228183439001441,3,-0.6887057802962303,,4.0,3.5,8.0,3.8,3.2,4.0,0.15,0.12,3.0,0.8281525511174354,-0.004801021498988209,0.0011149588042773603,0.013587538861815884,-0.006985956337302923,0.006135782226920128,-0.002228183439001441,-0.01652565343320156,0.0013011243831248308,0.016736583326627367,0.045456028186155205,-0.02580706801333472,-0.17740893545365202,1.0,0.9999878535304209,0.0,roll,0.0,0.0,0.0,0.0,0,8.600173234939575,post_hold_c,1.2,0.01298009899619501,1,-0.016216313714413223,0.013047312833863312,0.0044283081687377605,0.016844292842584443,-0.020241822258847717,-8.698797572017458e-05,0.007985553437212254,-8.763501493181319e-05
14.960172176361084,direct_px4_equiv,1,1,14,0,0,1,0,1,-0.007728034630417824,-1.0801804065704346,1.5009294152259827,0.019010433927178383,-0.14761006832122803,0.01084720529615879,-0.28546400195122495,-0.0743853900012623,-6.712113354229377,-0.07439218321566336,-0.0067696948535740376,-1.1990520862629637,1.5,0.0,0.0,0.0,0.0,0.0,0.0,0.0,0.0,-5.937107500558976,-0.21631528150109763,-0.00796073140788725,44.08339731172962,0.04997628649366603,0.027821317869450583,0.1734701419771378,19.09532612201693,18.940596590758066,6.051711231393428,0.012,0.012,hover,0.32610049843788147,0.32610049843788147,0.32747095823287964,0.32747095823287964,0.6882135272026062,0.0025292092468589544,-0.006017481442540884,6.689281144645065e-05,6.635078170802444e-05,0.3261989653110504,0.3261989653110504,0.3274042308330536,0.3274042308330536,0.6880181431770325,0.0024711948353797197,-0.006022408604621887,2.1634565200656652e-05,2.148031853721477e-05,13.35617208480835,0.0,0.004000186920166016,0,0,-0.008175273425877094,0.006507695186883211,-0.002758935559540987,3,-0.6887057802962303,,4.0,3.5,8.0,3.8,3.2,4.0,0.15,0.12,3.0,0.8294233475338166,-0.004990946489356639,0.001264540524147076,0.013529492957808564,-0.008175273425877094,0.006507695186883211,-0.002758935559540987,-0.016643436213663824,0.0013299313456083429,0.01706191136188516,0.04997628649366603,-0.027821317869450583,-0.1734701419771378,1.0,0.9999867456949805,0.0,roll,0.0,0.0,0.0,0.0,0,8.600173234939575,post_hold_c,1.2,0.016697669998393394,1,-0.016655410642447497,0.009114700352636862,0.0053647093863118615,0.012906884581914514,-0.01942959957975704,0.00020844711985195554,0.008166460313843972,0.0002101499661939532
14.984172105789185,direct_px4_equiv,1,1,14,0,0,1,0,1,-0.007297065109014511,-1.0842546224594116,1.5010111927986145,0.01771705038845539,-0.14291152358055115,0.01049867458641529,-0.2964715266221828,-0.08057949012112127,-6.706247147450031,-0.08058673900854821,-0.0067696948535740376,-1.1990520862629637,1.5,0.0,0.0,0.0,0.0,0.0,0.0,0.0,0.0,-5.937107500558976,-0.19872302968282618,-0.023853358062928515,44.08636803904478,0.049974613126306314,0.021077577666057532,0.15724869334711158,19.100538369839665,18.945685577778587,6.043644762522604,0.016,0.016,hover,0.32614564895629883,0.32614564895629883,0.32751700282096863,0.32751700282096863,0.68775475025177,0.0022705355659127235,-0.005474600475281477,0.0002003823028644547,0.00019875775615219027,0.32611557841300964,0.32611557841300964,0.327473908662796,0.327473908662796,0.6882559061050415,0.002452493878081441,-0.005701988935470581,0.00014410352741833776,0.00014294616994448006,13.38017201423645,0.0,0.003999948501586914,0,0,-0.007852483540773392,0.004215473774820566,-0.005267830565571785,3,-0.6887057802962303,,4.0,3.5,8.0,3.8,3.2,4.0,0.15,0.12,3.0,0.8284221777893733,-0.005183719584137087,0.0013716108141075313,0.013427506939856075,-0.007852483540773392,0.004215473774820566,-0.005267830565571785,-0.01676597386462218,0.0013619924124370472,0.017385127736758994,0.049974613126306314,-0.021077577666057532,-0.15724869334711158,1.0,0.999985623866143,0.0,roll,0.0,0.0,0.0,0.0,0,8.600173234939575,post_hold_c,1.2,0.000618997000856325,1,-0.01815853553589102,0.009086564925082885,0.006426148346737182,0.012985146447066791,-0.017676714293104957,0.0006244158973719154,0.007331239204304101,0.0006295195689935917
15.008172035217285,direct_px4_equiv,1,1,14,0,0,1,0,1,-0.006657022517174482,-1.0907070636749268,1.5011404156684875,0.015535159036517143,-0.1345674991607666,0.009549887850880623,-0.3074834232473899,-0.08409187850834186,-6.697242122430718,-0.0840992732833877,-0.0067696948535740376,-1.1990520862629637,1.5,0.0,0.0,0.0,0.0,0.0,0.0,0.0,0.0,-5.937107500558976,-0.1714714264439421,-0.058002993272664144,44.098274892734835,0.049277023200017464,0.015264107318227518,0.13903167104205533,19.10817718476621,18.954680904133685,6.038171446699107,0.012,0.012,hover,0.3262254595756531,0.3262254595756531,0.32758450508117676,0.32758450508117676,0.6874432563781738,0.002041099825873971,-0.004804107826203108,0.0004870283300988376,0.00048311601858586073,0.3261551558971405,0.3261551558971405,0.32756325602531433,0.32756325602531433,0.6874980330467224,0.0022092193830758333,-0.005245941691100597,0.00030949621577747166,0.00030692032305523753,13.40417194366455,0.0,0.003999948501586914,0,0,-0.007297610864043236,0.0022941504139453173,-0.00798465684056282,3,-0.6887057802962303,,4.0,3.5,8.0,3.8,3.2,4.0,0.15,0.12,3.0,0.8244779476366387,-0.005376207797897302,0.0014320439134326486,0.013270643840248142,-0.007297610864043236,0.0022941504139453173,-0.00798465684056282,-0.016893107918529708,0.0013958780369233985,0.017705408615308477,0.049277023200017464,-0.015264107318227518,-0.13903167104205533,1.0,0.9999845228181217,0.0,roll,0.0,0.0,0.0,0.0,0,8.600173234939575,post_hold_c,1.2,0.0050604209973244,1,-0.01863161043225249,0.013011504932222164,0.006567827174735608,0.016862675826674948,-0.015511787708120037,0.001517753760101397,0.006590424019563487,0.0015300446416697338
15.032171964645386,direct_px4_equiv,1,1,14,0,0,1,0,1,-0.006426421459764242,-1.093170404434204,1.5012205243110657,0.014601201750338078,-0.13112199306488037,0.01359013095498085,-0.31634394653388664,-0.09915367888887058,-6.683885267881835,-0.09916209216462486,-0.0067696948535740376,-1.1990520862629637,1.5,0.0,0.0,0.0,0.0,0.0,0.0,0.0,0.0,-5.937107500558976,-0.148322828089122,-0.07940796569222636,44.022216389182155,0.04001809337274604,0.08104301495319644,0.12350709566027974,19.018284303968827,18.892432153523853,6.113715915542476,0.016,0.016,hover,0.3256727457046509,0.3256727457046509,0.3267892599105835,0.3267892599105835,0.6917302012443542,0.0018519609002396464,-0.004255225416272879,0.0006689546280540526,0.0006645278190262616,0.326217383146286,0.326217383146286,0.327582985162735,0.327582985162735,0.6874956488609314,0.002059929771348834,-0.004736859817057848,0.0005087240715511143,0.0005046178121119738,13.428171873092651,0.0,0.003999948501586914,0,0,-0.00396340386942029,0.02239900454878807,-0.01006439421325922,3,-0.6887057802962303,,4.0,3.5,8.0,3.8,3.2,4.0,0.15,0.12,3.0,0.81730615461735,-0.005532394436860219,0.0016945338328463227,0.01303836296783932,-0.00396340386942029,0.02239900454878807,-0.01006439421325922,-0.017024184788089213,0.001434708809839474,0.0180207786156021,0.04001809337274604,-0.08104301495319644,-0.12350709566027974,1.0,0.999983260581871,0.0,roll,0.0,0.0,0.0,0.0,0,8.600173234939575,post_hold_c,1.2,0.008515251000062563,1,-0.016253413978270757,0.009047692464040824,0.0072231156497937436,0.012967607083375006,-0.013739523687870911,0.0020876757888591718,0.005979720921514118,0.0021015828851426803
15.052172183990479,direct_px4_equiv,1,1,14,0,0,1,0,1,-0.006119703408330679,-1.096681833267212,1.5013142228126526,0.013681240379810333,-0.1260831207036972,0.008457595482468605,-0.3245757015787875,-0.09730308177026603,-6.672358174061663,-0.09731108740728252,-0.0067696948535740376,-1.1990520862629637,1.5,0.0,0.0,0.0,0.0,0.0,0.0,0.0,0.0,-5.937107500558976,-0.13837503214266603,-0.1094163804284162,44.11072061436607,0.05091402989602348,0.007329640215113514,0.11832394395052387,19.1212944018191,18.961404996304648,6.030112391814949,0.016,0.016,hover,0.32628512382507324,0.32628512382507324,0.3277004063129425,0.3277004063129425,0.6869843006134033,0.0017981966957449913,-0.004024527966976166,0.0009184014634229243,0.0009107218938879669,0.3256699740886688,0.3256699740886688,0.32679128646850586,0.32679128646850586,0.691730260848999,0.0018382329726591706,-0.004239964764565229,0.0006830714410170913,0.00067853182554245,13.448172092437744,0.0,0.004000186920166016,0,0,-0.007340099196881056,-0.0005815328913740814,-0.010468321852385998,3,-0.6887057802962303,,4.0,3.5,8.0,3.8,3.2,4.0,0.15,0.12,3.0,0.809823751710255,-0.00567568462904244,0.0016618697864124328,0.012837211169542756,-0.007340099196881056,-0.0005815328913740814,-0.010468321852385998,-0.01713663102271165,0.001468436325327501,0.018279141096390852,0.05091402989602348,-0.007329640215113514,-0.11832394395052387,1.0,0.999982512395929,0.0,roll,0.0,0.0,0.0,0.0,0,8.600173234939575,post_hold_c,1.2,0.008419521996984258,1,-0.016454942980386914,0.012992856240219975,0.007148284718670152,0.01695981995610538,-0.01299463433988685,0.002861117229030659,0.005806123738976994,0.0028852432680580554
15.076172113418579,direct_px4_equiv,1,1,14,0,0,1,0,1,-0.005937432404607534,-1.098923921585083,1.501355230808258,0.012988177128136158,-0.1226608008146286,0.007857834920287132,-0.3332198513699192,-0.08774750124865344,-6.656123174495617,-0.08775439553754,-0.0067696948535740376,-1.1990520862629637,1.5,0.0,0.0,0.0,0.0,0.0,0.0,0.0,0.0,-5.937107500558976,-0.13633084816236507,-0.13490991574120403,44.11944306620271,0.04630329618235867,-0.012803790072834794,0.10493581434921166,19.13142462973304,18.984666519229894,6.005156607090168,0.02,0.02,hover,0.3264913856983185,0.3264913856983185,0.32778987288475037,0.32778987288475037,0.6855612993240356,0.0014817441115155816,-0.0036774484906345606,0.001130998251028359,0.0011223222827538848,0.3262835741043091,0.3262835741043091,0.32770267128944397,0.32770267128944397,0.6869745254516602,0.0017746650846675038,-0.00401514396071434,0.0009298453223891556,0.0009220492211170495,13.472172021865845,0.0,0.003999948501586914,0,0,-0.005547636654227972,-0.006586448289453983,-0.012065977789461613,3,-0.6887057802962303,,4.0,3.5,8.0,3.8,3.2,4.0,0.15,0.12,3.0,0.7975488461229382,-0.005825267931352202,0.0014949548170621952,0.012553507524640139,-0.005547636654227972,-0.006586448289453983,-0.012065977789461613,-0.017274918049529225,0.0015061465531680963,0.018583316694146552,0.04630329618235867,0.012803790072834794,-0.10493581434921166,1.0,0.999981915680575,0.0,roll,0.0,0.0,0.0,0.0,0,8.600173234939575,post_hold_c,1.2,0.012639390995900612,1,-0.01561040521057056,0.009038801728280777,0.00766370928369955,0.012953334233016478,-0.011873963210256066,0.0035258794857695955,0.004784342868996661,0.003553135881340046
15.10017204284668,direct_px4_equiv,1,1,14,0,0,1,0,1,-0.005694831721484661,-1.1021404266357422,1.501402199268341,0.011963123455643654,-0.11745357513427734,0.007497699931263924,-0.33977291598531095,-0.07392247754463085,-6.637033439831897,-0.07392798797330137,-0.0067696948535740376,-1.1990520862629637,1.5,0.0,0.0,0.0,0.0,0.0,0.0,0.0,0.0,-5.937107500558976,-0.13229484627708396,-0.17115586040117375,44.12352907252637,0.04273199580389474,-0.025205133307235422,0.08446467987298074,19.13622917666919,18.99911310041036,5.989656159046074,0.012,0.012,hover,0.326619416475296,0.326619416475296,0.32783231139183044,0.32783231139183044,0.684675931930542,0.0010079002240672708,-0.003141854191198945,0.0014337718021124601,0.0014234983827918768,0.32655325531959534,0.32655325531959534,0.3278708755970001,0.3278708755970001,0.6848785877227783,0.001306227408349514,-0.0033510783687233925,0.0014113538200035691,0.0014003705000504851,13.496171951293945,0.0,0.003999948501586914,0,0,-0.004163490142673254,-0.010047788731753826,-0.01474470179527998,3,-0.6887057802962303,,4.0,3.5,8.0,3.8,3.2,4.0,0.15,0.12,3.0,0.7817364160311501,-0.005937915603371242,0.001253939841137061,0.01221970590631894,-0.004163490142673254,-0.010047788731753826,-0.01474470179527998,-0.017416493709556245,0.001538708098000554,0.018880069004265653,0.04273199580389474,0.025205133307235422,-0.08446467987298074,1.0,0.9999815843977995,0.0,roll,0.0,0.0,0.0,0.0,0,8.600173234939575,post_hold_c,1.2,0.016623279996565543,1,-0.01574301153243447,0.012962183832236707,0.007564663572024588,0.016883029368396855,-0.010144604767348745,0.004472052182290407,0.0032543677482518092,0.004504327077281225
15.12417197227478,direct_px4_equiv,1,1,14,0,0,1,0,1,-0.005416762549430132,-1.107018232345581,1.5013464093208313,0.010382733307778835,-0.10870938748121262,0.007393330801278353,-0.3415298361064849,-0.06390247605024821,-6.616182878520228,-0.0639069675723516,-0.0067696948535740376,-1.1990520862629637,1.5,0.0,0.0,0.0,0.0,0.0,0.0,0.0,0.0,-5.937107500558976,-0.11444564679501557,-0.23318240194697942,44.126554308696,0.04420141207941478,-0.04705968617884734,0.07282316660022152,19.154953958772026,19.011168286681485,5.961951525131205,0.016,0.016,hover,0.3267262279987335,0.3267262279987335,0.3279975950717926,0.3279975950717926,0.6830906867980957,0.0008653076365590096,-0.0027092944364994764,0.001952134887687862,0.0019374811090528965,0.32674968242645264,0.32674968242645264,0.32779067754745483,0.32779067754745483,0.68442302942276,0.0008533747168257833,-0.0028913402929902077,0.0016338417772203684,0.0016237901290878654,13.520171880722046,0.0,0.003999948501586914,0,0,-0.0045952629297971725,-0.016578849405050278,-0.015854809433221817,3,-0.6887057802962303,,4.0,3.5,8.0,3.8,3.2,4.0,0.15,0.12,3.0,0.7629722155983957,-0.005967314984925335,0.0010799601839991957,0.011855299276529964,-0.0045952629297971725,-0.016578849405050278,-0.015854809433221817,-0.017559763040209408,0.0015654686086577416,0.019168132625208664,0.04420141207941478,0.04705968617884734,-0.07282316660022152,1.0,0.9999816124193877,0.0,roll,0.0,0.0,0.0,0.0,0,8.600173234939575,post_hold_c,1.2,0.0010581179958535358,1,-0.01336464440357865,0.012858079270932765,0.005428888916114506,0.016884129136114683,-0.008747929970664706,0.006086776358523082,0.0027939564263483813,0.0061328125698565696
15.144172191619873,direct_px4_equiv,1,1,14,0,0,1,0,1,-0.0053415303118526936,-1.1088217496871948,1.5013378262519836,0.009763453155755997,-0.10540702939033508,0.007992545142769814,-0.33723675343720216,-0.06120281549123866,-6.599254918563468,-0.06120690281028455,-0.0067696948535740376,-1.1990520862629637,1.5,0.0,0.0,0.0,0.0,0.0,0.0,0.0,0.0,-5.937107500558976,-0.1059595621855676,-0.2539537662180297,44.11557307639794,0.018183853968639134,-0.0046776742626694415,0.07410257697915176,19.083623573723568,19.01789509541074,6.015708744409234,0.016,0.016,hover,0.3267858326435089,0.3267858326435089,0.32736748456954956,0.32736748456954956,0.6861633658409119,0.0009656738257035613,-0.00268202880397439,0.0021252771839499474,0.0021179569885134697,0.32664015889167786,0.32664015889167786,0.32730022072792053,0.32730022072792053,0.6881531476974487,0.0010098526254296303,-0.0028797751292586327,0.001952109974808991,0.0019444794161245227,13.540172100067139,0.0,0.004000186920166016,0,0,0.003938645124435425,-0.0032526194117963314,-0.014935508370399475,3,-0.6887057802962303,,4.0,3.5,8.0,3.8,3.2,4.0,0.15,0.12,3.0,0.7457553220530964,-0.005891956495600393,0.001034157736699299,0.011559682411268198,0.003938645124435425,-0.0032526194117963314,-0.014935508370399475,-0.017678308482755554,0.0015864472381459565,0.019401714727863676,0.018183853968639134,0.0046776742626694415,-0.07410257697915176,1.0,0.9999821076847139,0.0,roll,0.0,0.0,0.0,0.0,0,8.600173234939575,post_hold_c,1.2,2.0759005565196276e-05,1,-0.011987572433931318,0.00888708077659064,0.006387714148271573,0.012856429437507297,-0.008659892921405366,0.0066537583679535765,0.0031180247973511053,0.0066767550191640405
15.168172121047974,direct_px4_equiv,1,1,14,0,0,1,0,1,-0.005254881456494331,-1.1113656759262085,1.5013347268104553,0.00893163401633501,-0.10028795152902603,0.008261971175670624,-0.33521476772183806,-0.05190945813369341,-6.579333280861568,-0.05191271330407042,-0.0067696948535740376,-1.1990520862629637,1.5,0.0,0.0,0.0,0.0,0.0,0.0,0.0,0.0,-5.937107500558976,-0.09764306691024018,-0.29401450594755335,44.110135268996665,0.025440162716413865,-0.015999107713819342,0.0701480500940968,19.10040778379853,19.01119368784024,6.000384571730816,0.012,0.012,hover,0.3267264664173126,0.3267264664173126,0.3275158703327179,0.3275158703327179,0.6852888464927673,0.0009361521224491298,-0.002515102969482541,0.0024614091962575912,0.002449912251904607,0.32680654525756836,0.32680654525756836,0.3272610008716583,0.3272610008716583,0.6867007613182068,0.0008473183261230588,-0.0026286430656909943,0.002119830111041665,0.0021141227334737778,13.56417202949524,0.0,0.003999948501586914,0,0,0.0014638133579865098,-0.00651504285633564,-0.014780550263822079,3,-0.6887057802962303,,4.0,3.5,8.0,3.8,3.2,4.0,0.15,0.12,3.0,0.7264373427094812,-0.005855577828709934,0.0008731837444684224,0.011211495579617018,0.0014638133579865098,-0.00651504285633564,-0.014780550263822079,-0.017819000608133642,0.001608900600169281,0.01967419396033093,0.025440162716413865,0.015999107713819342,-0.0701480500940968,1.0,0.9999824748802791,0.0,roll,0.0,0.0,0.0,0.0,0,8.600173234939575,post_hold_c,1.2,0.0041239599959226325,1,-0.012132549158765205,0.012860887890799222,0.005102973996686156,0.016882656633393407,-0.008120913371815334,0.007696626483156229,0.0030227032266017663,0.007732745268718604
15.192172050476074,direct_px4_equiv,1,1,14,0,0,1,0,1,-0.005206369329243898,-1.1129759550094604,1.5013545155525208,0.00845196284353733,-0.09698262065649033,0.008505993522703648,-0.33776994729734555,-0.05253875627346072,-6.5621769959429805,-0.05254187908515622,-0.0067696948535740376,-1.1990520862629637,1.5,0.0,0.0,0.0,0.0,0.0,0.0,0.0,0.0,-5.937107500558976,-0.08778296140113265,-0.32396577868590903,44.10441012884423,0.04018103226852001,-0.011034603068810976,0.07818192227718214,19.117729515082,18.98266848751595,6.006225334150348,0.016,0.016,hover,0.3264736831188202,0.3264736831188202,0.3276689052581787,0.3276689052581787,0.6856222748756409,0.0012166097294539213,-0.002630176255479455,0.002716234652325511,0.002697044750675559,0.3267256021499634,0.3267256021499634,0.32751819491386414,0.32751819491386414,0.6852696537971497,0.0008841183735057712,-0.002491314196959138,0.0024728262796998024,0.002461229218170047,13.58817195892334,0.0,0.003999948501586914,0,0,-0.0033763714600354433,-0.004985420498996973,-0.012709914706647396,3,-0.6887057802962303,,4.0,3.5,8.0,3.8,3.2,4.0,0.15,0.12,3.0,0.7125678581320297,-0.005900102248807216,0.0008848001800525686,0.010912118162388792,-0.0033763714600354433,-0.004985420498996973,-0.012709914706647396,-0.017960327587899373,0.0016291378504530215,0.019938926122149894,0.04018103226852001,0.011034603068810976,-0.07818192227718214,1.0,0.9999822029606753,0.0,roll,0.0,0.0,0.0,0.0,0,8.600173234939575,post_hold_c,1.2,0.008694545998878311,1,-0.01094983307918445,0.008953664110933592,0.005146464545319663,0.013014840581693932,-0.008492468626856875,0.00847301597245921,0.0039282614060810244,0.00853330264522008
15.216171979904175,direct_px4_equiv,1,1,14,0,0,1,0,1,-0.005163312889635563,-1.115224003791809,1.5014293789863586,0.007841218262910843,-0.09208886325359344,0.007415238302201033,-0.34240648503264187,-0.04933128749921454,-6.548055884025926,-0.049334088114921994,-0.0067696948535740376,-1.1990520862629637,1.5,0.0,0.0,0.0,0.0,0.0,0.0,0.0,0.0,-5.937107500558976,-0.07712574426885568,-0.3709752797590905,44.12059165308517,0.03739002613222641,-0.006431092651979169,0.08639178230984158,19.118604699027383,18.990166921970836,6.0146012955090615,0.02,0.02,hover,0.32654014229774475,0.32654014229774475,0.3276766538619995,0.3276766538619995,0.68610018491745,0.0015059311408549547,-0.002745280973613262,0.0031091610435396433,0.0030882733408361673,0.32647275924682617,0.32647275924682617,0.32766926288604736,0.32766926288604736,0.6856210827827454,0.0012002637377008796,-0.0026147051248699427,0.0027211159467697144,0.0027018713299185038,13.61217188835144,0.0,0.003999948501586914,0,0,-0.0023121635895222425,-0.0034508509561419487,-0.010734003968536854,3,-0.6887057802962303,,4.0,3.5,8.0,3.8,3.2,4.0,0.15,0.12,3.0,0.7022199560178181,-0.005980616541635895,0.0008291157685423557,0.010665537101201562,-0.0023121635895222425,-0.0034508509561419487,-0.010734003968536854,-0.018102960521534033,0.0016496107940642817,0.020197239670949357,0.03739002613222641,0.006431092651979169,-0.08639178230984158,1.0,0.9999817723956401,0.0,roll,0.0,0.0,0.0,0.0,0,8.600173234939575,post_hold_c,1.2,0.012411095005518291,1,-0.010992760239585385,0.012875586072084633,0.007116118503567993,0.01689603778758669,-0.008864125281200633,0.009702096614500607,0.004862439432589616,0.009767717692260647
15.240172147750854,direct_px4_equiv,1,1,14,0,0,1,0,1,-0.005136342719197273,-1.1166337728500366,1.5015056729316711,0.007446271367371082,-0.08867975324392319,0.007376777473837137,-0.34703782089455737,-0.04572026395974626,-6.535928383404666,-0.0457227531671678,-0.0067696948535740376,-1.1990520862629637,1.5,0.0,0.0,0.0,0.0,0.0,0.0,0.0,0.0,-5.937107500558976,-0.07082440304236912,-0.40794089475962414,44.1178089706426,0.03837592782402278,-0.004879215582628965,0.0947576535386809,19.11883800168368,18.98595477059819,6.01634591559856,0.012,0.012,hover,0.32650279998779297,0.32650279998779297,0.32767871022224426,0.32767871022224426,0.6861997246742249,0.0017644630279392004,-0.0028995838947594166,0.0034197415225207806,0.0033959720749408007,0.3264833390712738,0.3264833390712738,0.3276807963848114,0.3276807963848114,0.6863254308700562,0.0017830695724114776,-0.0028962588403373957,0.0034006524365395308,0.003376582870259881,13.63617205619812,0.0,0.004000186920166016,0,0,-0.002506114076822996,-0.0028580399230122566,-0.008814279921352863,3,-0.6887057802962303,,4.0,3.5,8.0,3.8,3.2,4.0,0.15,0.12,3.0,0.6937412112860311,-0.006061029646037996,0.0007663032214163866,0.010453718272626466,-0.002506114076822996,-0.0028580399230122566,-0.008814279921352863,-0.01824764268196424,0.0016686538089434122,0.020450203707523387,0.03837592782402278,0.004879215582628965,-0.0947576535386809,1.0,0.999981338350277,0.0,roll,0.0,0.0,0.0,0.0,0,8.600173234939575,post_hold_c,1.2,0.016827511994051747,1,-0.010350301873844248,0.00895338974848365,0.0073939066820172495,0.01300188792326444,-0.00936234751757606,0.010668761188123843,0.005697202461191013,0.010743435010573349
15.264172077178955,direct_px4_equiv,1,1,14,0,0,1,0,1,-0.005089466460049152,-1.1198108196258545,1.5017521977424622,0.00686344038695097,-0.08021572232246399,0.006692015565931797,-0.35215851017092625,-0.04102574819877907,-6.524075004345446,-0.04102789583772732,-0.0067696948535740376,-1.1990520862629637,1.5,0.0,0.0,0.0,0.0,0.0,0.0,0.0,0.0,-5.937107500558976,-0.05678804232921147,-0.49928337193619876,44.1201306825056,0.04163050619042394,-0.007841338534362863,0.09306002834309232,19.128831244785317,18.98260592413651,6.01304829464037,0.016,0.016,hover,0.3264731168746948,0.3264731168746948,0.3277669847011566,0.3277669847011566,0.6860116124153137,0.0018373706843703985,-0.0027428579051047564,0.004186238162219524,0.0041542355902493,0.32650524377822876,0.32650524377822876,0.3277134299278259,0.3277134299278259,0.6861236691474915,0.0017977202078327537,-0.002783957403153181,0.0038511587772518396,0.003823659149929881,13.66017198562622,0.0,0.003999948501586914,0,0,-0.0034409756772220135,-0.003643524134531617,-0.00861154031008482,3,-0.6887057802962303,,4.0,3.5,8.0,3.8,3.2,4.0,0.15,0.12,3.0,0.6858398482728147,-0.00614990193437911,0.0006845390664839109,0.010246619718757394,-0.0034409756772220135,-0.003643524134531617,-0.00861154031008482,-0.01839439558324119,0.0016859852245390034,0.020698035559698017,0.04163050619042394,0.007841338534362863,-0.09306002834309232,1.0,0.9999808550552511,0.0,roll,0.0,0.0,0.0,0.0,0,8.600173234939575,post_hold_c,1.2,0.0007824729982530698,1,-0.00989532342399915,0.008955857780690815,0.007778397720825471,0.013074577611967762,-0.00885630197126179,0.013050916162957971,0.005932611241442575,0.013151454730735269
15.288172006607056,direct_px4_equiv,1,1,14,0,0,1,0,1,-0.005075015593320131,-1.121513843536377,1.5019095540046692,0.006528906058520079,-0.07507982850074768,0.005873302463442087,-0.35882292100217933,-0.03197335780412487,-6.514569324059181,-0.03197497708795218,-0.0067696948535740376,-1.1990520862629637,1.5,0.0,0.0,0.0,0.0,0.0,0.0,0.0,0.0,-5.937107500558976,-0.05262305934836807,-0.5620007597541006,44.12818340340569,0.04375401429901696,-0.02147523914421737,0.10248541359899875,19.14613440563939,18.991000607286388,5.996488840626595,0.012,0.012,hover,0.3265475332736969,0.3265475332736969,0.32791975140571594,0.32791975140571594,0.6850663423538208,0.0021034907549619675,-0.0029377909377217293,0.004710044711828232,0.004671878181397915,0.3265177309513092,0.3265177309513092,0.32773759961128235,0.32773759961128235,0.6859062910079956,0.0019583606626838446,-0.0029143765568733215,0.004213903099298477,0.0041835252195596695,13.684171915054321,0.0,0.003999948501586914,0,0,-0.003953614737838507,-0.007632486522197723,-0.006620450410991907,3,-0.6887057802962303,,4.0,3.5,8.0,3.8,3.2,4.0,0.15,0.12,3.0,0.6807001480297199,-0.0062653628414408484,0.0005264717835554125,0.01008026275015049,-0.003953614737838507,-0.007632486522197723,-0.006620450410991907,-0.018543680506296137,0.0017002666889013869,0.020941588211125028,0.04375401429901696,0.02147523914421737,-0.10248541359899875,1.0,0.9999802340259708,0.0,roll,0.0,0.0,0.0,0.0,0,8.600173234939575,post_hold_c,1.2,0.004510954000579659,1,-0.00989287044435574,0.012879068889856423,0.007851432070542754,0.016967072465954598,-0.00948571340939793,0.014677138630298887,0.006791875516432874,0.014797042043075288
15.312172174453735,direct_px4_equiv,1,1,14,0,0,1,0,1,-0.00506206089630723,-1.1225053071975708,1.5020230412483215,0.0063697476871311665,-0.07152993977069855,0.006113454233855009,-0.38133274579504284,-0.016405300857522995,-6.507204098456962,-0.016406111033793837,-0.0067696948535740376,-1.1990520862629637,1.5,0.0,0.0,0.0,0.0,0.0,0.0,0.0,0.0,-5.937107500558976,-0.05760251232692498,-0.6228527414430017,44.11860608922697,0.04166130767994862,-0.018400253841998917,0.1072944848299417,19.138637583964762,18.987389116531418,5.999095647420784,0.016,0.016,hover,0.3265155255794525,0.3265155255794525,0.32785356044769287,0.32785356044769287,0.6852152347564697,0.002182196592912078,-0.0030972440727055073,0.00522107258439064,0.005179808009415865,0.32654571533203125,0.32654571533203125,0.32792362570762634,0.32792362570762634,0.6850407719612122,0.002069188514724374,-0.002940844977274537,0.004726975224912167,0.004688512999564409,13.708172082901001,0.0,0.004000186920166016,0,0,-0.002603141125291586,-0.0062016770243644714,-0.00549897039309144,3,-0.6887057802962303,,4.0,3.5,8.0,3.8,3.2,4.0,0.15,0.12,3.0,0.6861158564160089,-0.006656841352931227,0.0002532105430209117,0.009950919446494604,-0.002603141125291586,-0.0062016770243644714,-0.00549897039309144,-0.018696596505161506,0.0017099343332478089,0.021181646253840728,0.04166130767994862,0.018400253841998917,-0.1072944848299417,1.0,0.999977811175154,0.0,roll,0.0,0.0,0.0,0.0,0,8.600173234939575,post_hold_c,1.2,0.008802016003755853,1,-0.009606259425855935,0.008926887760162873,0.008100514683828022,0.013097015579573901,-0.010000564952191133,0.016272846713940782,0.0070460055142570355,0.016402483442185214
15.336172103881836,direct_px4_equiv,1,1,14,0,0,1,0,1,-0.005046119913458824,-1.1234493255615234,1.5021246075630188,0.006074683740735054,-0.06800819933414459,0.007335918489843607,-0.38497370722437485,-0.008870494776578688,-6.503794761485985,-0.008870927391958184,-0.0067696948535740376,-1.1990520862629637,1.5,0.0,0.0,0.0,0.0,0.0,0.0,0.0,0.0,-5.937107500558976,-0.05444265264305248,-0.669197007389097,44.09192577802686,0.07668530547329379,-0.017138637529270157,0.11917304568153907,19.180804897107326,18.921598651169763,5.997146703093875,0.02,0.02,hover,0.3259318470954895,0.3259318470954895,0.32822567224502563,0.32822567224502563,0.6851039528846741,0.0025103380903601646,-0.003355645574629307,0.005629099439829588,0.005553021095693111,0.32649898529052734,0.32649898529052734,0.32786813378334045,0.32786813378334045,0.6852220892906189,0.002184073207899928,-0.0030840043909847736,0.005300239659845829,0.00525737926363945,13.732172012329102,0.0,0.003999948501586914,0,0,-0.014172381721436977,-0.005582076963037252,-0.003345498349517584,3,-0.6887057802962303,,4.0,3.5,8.0,3.8,3.2,4.0,0.15,0.12,3.0,0.685164562941156,-0.006719729145481781,0.00012158933685854611,0.009890983041299348,-0.014172381721436977,-0.005582076963037252,-0.003345498349517584,-0.018860067517190826,0.0017145458136899525,0.021419411454535964,0.07668530547329379,0.017138637529270157,-0.11917304568153907,1.0,0.9999774152264271,0.0,roll,0.0,0.0,0.0,0.0,0,8.600173234939575,post_hold_c,1.2,0.012618993998330552,1,-0.011333912366957822,0.022136561954892695,0.008035515817882444,0.026891589148372835,-0.01083490693985415,0.017445330267338178,0.008105528386073346,0.017684337917491265
15.360172033309937,direct_px4_equiv,1,1,14,0,0,1,0,1,-0.004985733423382044,-1.1246947050094604,1.5023391842842102,0.005664579104632139,-0.0651712566614151,0.006333845667541027,-0.3746047148736069,-0.003838299512153626,-6.504255656244521,-0.0038384872136827453,-0.0067696948535740376,-1.1990520862629637,1.5,0.0,0.0,0.0,0.0,0.0,0.0,0.0,0.0,-5.937107500558976,-0.050318853848060834,-0.6878518256177264,44.10144456918329,0.005833354686885597,-0.009852188476941208,0.1444801102657789,19.073776473136654,19.028434543460595,6.007991347447698,0.012,0.012,hover,0.3268791735172272,0.3268791735172272,0.3272804021835327,0.3272804021835327,0.685723066329956,0.0031540431082248688,-0.003963772673159838,0.005753546487540007,0.005739867687225342,0.3268999457359314,0.3268999457359314,0.32739266753196716,0.32739266753196716,0.6848641633987427,0.002882807981222868,-0.0036748407874256372,0.005785686429589987,0.005768803879618645,13.756171941757202,0.0,0.003999948501586914,0,0,0.009142753668129444,-0.0031546319369226694,0.000926802575122565,3,-0.6887057802962303,,4.0,3.5,8.0,3.8,3.2,4.0,0.15,0.12,3.0,0.6797159418586248,-0.006538325381786503,3.4631116628615905e-05,0.009898731801572098,0.009142753668129444,-0.0031546319369226694,0.000926802575122565,-0.019019000602558424,0.0017159306240121918,0.021656660461325337,0.005833354686885597,0.009852188476941208,-0.1444801102657789,1.0,0.9999786245496691,0.0,roll,0.0,0.0,0.0,0.0,0,8.600173234939575,post_hold_c,1.2,0.016553949993976858,1,-0.011671392167722306,0.0214099231376318,0.008062522958453467,0.020460655914657896,-0.012798463702561987,0.018032325835721067,0.010183961018964256,0.018075298861019863
15.384171962738037,direct_px4_equiv,1,1,14,0,0,1,0,1,-0.0048531536012887955,-1.1265000104904175,1.5027795433998108,0.004740246571600437,-0.05993635952472687,0.007444994989782572,-0.3640850776139249,-0.011474797923608396,-6.508943869804494,-0.011475368497822342,-0.0067696948535740376,-1.1990520862629637,1.5,0.0,0.0,0.0,0.0,0.0,0.0,0.0,0.0,-5.937107500558976,-0.026691161131539864,-0.7360860685757457,44.06450974902959,0.005788059781992786,0.024567133313476652,0.15934318740817918,19.036733561749706,18.989870217925926,6.048106205288523,0.016,0.016,hover,0.32653751969337463,0.32653751969337463,0.32695263624191284,0.32695263624191284,0.6880085468292236,0.0037206155247986317,-0.004145804792642593,0.006169556174427271,0.0061543663032352924,0.3267495036125183,0.3267495036125183,0.3271540105342865,0.3271540105342865,0.6859979033470154,0.003487175330519676,-0.004082500468939543,0.006011145189404488,0.005996732506901026,13.780171871185303,0.0,0.003999948501586914,0,0,0.00885628629475832,0.0073706782422959805,0.0032481348607689142,3,-0.6887057802962303,,4.0,3.5,8.0,3.8,3.2,4.0,0.15,0.12,3.0,0.6780316552892394,-0.006355392656261444,0.00016855965071873043,0.009980970264721578,0.00885628629475832,0.0073706782422959805,0.0032481348607689142,-0.019173197423986682,0.0017186844355540954,0.021895267840491985,0.005788059781992786,-0.024567133313476652,-0.15934318740817918,1.0,0.9999797902846541,0.0,roll,0.0,0.0,0.0,0.0,0,8.600173234939575,post_hold_c,1.2,0.0006700619996991009,1,-0.012250646811926242,0.023152570931367824,0.01039556460840465,0.019950917189676395,-0.01338621932236022,0.01933451264678405,0.012013343157703265,0.01938223247021499
15.40417218208313,direct_px4_equiv,1,1,14,0,0,1,0,1,-0.004732656292617321,-1.1273630857467651,1.5030878186225891,0.004465592093765736,-0.056698884814977646,0.00705907866358757,-0.35840044154837225,-0.01705790411620597,-6.514785697849959,-0.01705876934350261,-0.0067696948535740376,-1.1990520862629637,1.5,0.0,0.0,0.0,0.0,0.0,0.0,0.0,0.0,-5.937107500558976,-0.015699421968600642,-0.7719943566076837,44.05941235150417,0.014519385108570381,0.01720218052294572,0.17396500104996762,19.05374593738455,18.979140780870107,6.038018706040693,0.016,0.016,hover,0.3264423906803131,0.3264423906803131,0.3271031975746155,0.3271031975746155,0.6874345541000366,0.004174122586846352,-0.0044130319729447365,0.0064742229878902435,0.006448869593441486,0.32654237747192383,0.32654237747192383,0.32707521319389343,0.32707521319389343,0.6871932744979858,0.0038715240079909563,-0.004276231862604618,0.006163527723401785,0.0061440602876245975,13.800172090530396,0.0,0.004000186920166016,0,0,0.0057827746495604515,0.004901231732219458,0.005483832210302353,3,-0.6887057802962303,,4.0,3.5,8.0,3.8,3.2,4.0,0.15,0.12,3.0,0.6800840550601222,-0.006256678498249131,0.0002661777652878583,0.010083223134314097,0.0057827746495604515,0.004901231732219458,0.005483832210302353,-0.019299110418545075,0.0017232986692156751,0.02209613439950277,0.014519385108570381,-0.01720218052294572,-0.17396500104996762,1.0,0.9999803915619848,0.0,roll,0.0,0.0,0.0,0.0,0,8.600173234939575,post_hold_c,1.2,0.0007658920003450476,1,-0.013133794524577082,0.027168794229424333,0.010643320128922686,0.023860579945378418,-0.014249058911291827,0.020259721456702406,0.013477653030606355,0.020339371413562
15.42817211151123,direct_px4_equiv,1,1,14,0,0,1,0,1,-0.0046575856395065784,-1.127879023551941,1.5032718777656555,0.004228171426802874,-0.05442676320672035,0.006849616300314665,-0.3507335034914142,-0.024451664424249096,-6.522834750753122,-0.024452943439438234,-0.0067696948535740376,-1.1990520862629637,1.5,0.0,0.0,0.0,0.0,0.0,0.0,0.0,0.0,-5.937107500558976,-0.004259362889159717,-0.796353293265468,44.055453049486744,0.013676444023861797,0.017415985746396564,0.17568436856846475,19.051210869728955,18.97835908326784,6.037949524349734,0.012,0.012,hover,0.32643547654151917,0.32643547654151917,0.32708078622817993,0.32708078622817993,0.6874306201934814,0.00431024981662631,-0.004363023675978184,0.006678810343146324,0.006653266958892345,0.32650405168533325,0.32650405168533325,0.3270287811756134,0.3270287811756134,0.6874951124191284,0.004261849448084831,-0.004452811554074287,0.006448272615671158,0.00642821379005909,13.824172019958496,0.0,0.003999948501586914,0,0,0.005843279883265495,0.004745753947645426,0.0054401918314397335,3,-0.6887057802962303,,4.0,3.5,8.0,3.8,3.2,4.0,0.15,0.12,3.0,0.6832092750653054,-0.0061235461595414275,0.00039546507232476327,0.010224083079603782,0.005843279883265495,0.004745753947645426,0.0054401918314397335,-0.01944734316511249,0.0017315566738342638,0.022340070891287832,0.013676444023861797,-0.017415985746396564,-0.17568436856846475,1.0,0.999981172894818,0.0,roll,0.0,0.0,0.0,0.0,0,8.600173234939575,post_hold_c,1.2,0.004608096001902595,1,-0.01256618312556886,0.023220477150125228,0.011860825031001523,0.01987951549716317,-0.014087588490644723,0.020901854685355836,0.013917189430332861,0.020982101903796648
15.452172040939331,direct_px4_equiv,1,1,14,0,0,1,0,1,-0.004588112235069275,-1.1283396482467651,1.503437578678131,0.0040169027633965015,-0.05211630091071129,0.0068452367559075356,-0.34350763661615147,-0.031176146540877317,-6.532939081951219,-0.031177825918682546,-0.0067696948535740376,-1.1990520862629637,1.5,0.0,0.0,0.0,0.0,0.0,0.0,0.0,0.0,-5.937107500558976,0.006591029006454162,-0.8226972990705859,44.04838552788294,0.011919868319338299,0.017610182656412926,0.1908082841842764,19.046335123873227,18.9779292171075,6.037420476542531,0.016,0.016,hover,0.32643166184425354,0.32643166184425354,0.32703763246536255,0.32703763246536255,0.6874004602432251,0.0047730631195008755,-0.00464869849383831,0.006899941246956587,0.006875155959278345,0.3264360725879669,0.3264360725879669,0.32707443833351135,0.32707443833351135,0.6874493956565857,0.0043473802506923676,-0.004365432076156139,0.00666500348597765,0.006639785598963499,13.848171949386597,0.0,0.003999948501586914,0,0,0.006221745163202286,0.004604029934853315,0.0075834677554667,3,-0.6887057802962303,,4.0,3.5,8.0,3.8,3.2,4.0,0.15,0.12,3.0,0.6885457251790921,-0.005998077636113017,0.0005129437196410999,0.010400763275351657,0.006221745163202286,0.004604029934853315,0.0075834677554667,-0.01959248744279681,0.00174280228756589,0.02258792250921153,0.011919868319338299,-0.017610182656412926,-0.1908082841842764,1.0,0.9999818799773326,0.0,roll,0.0,0.0,0.0,0.0,0,8.600173234939575,post_hold_c,1.2,0.008269291000033263,1,-0.013808801602212277,0.027159188837573532,0.011908225683507712,0.023899731248087235,-0.01500999321299977,0.021598939214810643,0.01541154781494369,0.021676804721100427
15.476171970367432,direct_px4_equiv,1,1,14,0,0,1,0,1,-0.004494780674576759,-1.1289432048797607,1.5036352276802063,0.003602304495871067,-0.04871419444680214,0.006447778083384037,-0.3368102120337132,-0.0355822329541328,-6.541937433571132,-0.03558421093678616,-0.0067696948535740376,-1.1990520862629637,1.5,0.0,0.0,0.0,0.0,0.0,0.0,0.0,0.0,-5.937107500558976,0.020028223452906887,-0.865171452118419,44.04708764402702,0.014377401259298195,0.011689583042060093,0.1904861904548394,19.054431800598966,18.977114442102145,6.029771329739642,0.02,0.02,hover,0.32642441987991333,0.32642441987991333,0.32710927724838257,0.32710927724838257,0.6869648694992065,0.004875108599662781,-0.004529659170657396,0.007256542798131704,0.007227092515677214,0.32643207907676697,0.32643207907676697,0.3270353078842163,0.3270353078842163,0.6874029636383057,0.004785016644746065,-0.004654143005609512,0.006894632708281279,0.00686997827142477,13.872171878814697,0.0,0.003999948501586914,0,0,0.0052088466472923756,0.0026215456891804934,0.007155205123126507,3,-0.6887057802962303,,4.0,3.5,8.0,3.8,3.2,4.0,0.15,0.12,3.0,0.6932907013611049,-0.005881634034763028,0.0005899890621108976,0.010558005425687127,0.0052088466472923756,0.0026215456891804934,0.007155205123126507,-0.019734733238920367,0.0017561849827433737,0.022839647584767597,0.014377401259298195,-0.011689583042060093,-0.1904861904548394,1.0,0.9999825291474881,0.0,roll,0.0,0.0,0.0,0.0,0,8.600173234939575,post_hold_c,1.2,0.01289468799950555,1,-0.013338030756365351,0.02321181060095714,0.01297657327722337,0.019979379465549365,-0.014625630996654124,0.022704581222989188,0.015741039322296858,0.02279710117935586
15.496172189712524,direct_px4_equiv,1,1,14,0,0,1,0,1,-0.004407758358865976,-1.1294463872909546,1.5037887692451477,0.0034002556931227446,-0.045117124915122986,0.0057899197563529015,-0.3313747374098802,-0.037918438275488554,-6.548822823536369,-0.037920600743071436,-0.0067696948535740376,-1.1990520862629637,1.5,0.0,0.0,0.0,0.0,0.0,0.0,0.0,0.0,-5.937107500558976,0.0294939953069732,-0.9138960032674921,44.05215697525971,0.01472039617901924,0.010542863852502355,0.18762271745827247,19.059201876876116,18.979065797833897,6.029132338353398,0.02,0.02,hover,0.3264417350292206,0.3264417350292206,0.32715147733688354,0.32715147733688354,0.6869285106658936,0.004881190601736307,-0.004381193313747644,0.007664503995329142,0.007632271386682987,0.32642441987991333,0.32642441987991333,0.32710927724838257,0.32710927724838257,0.6869648694992065,0.004875108599662781,-0.004529659170657396,0.007256542798131704,0.007227092515677214,13.89217209815979,0.0,0.004000186920166016,0,0,0.004937678575515747,0.0021928835194557905,0.006383850239217281,3,-0.6887057802962303,,4.0,3.5,8.0,3.8,3.2,4.0,0.15,0.12,3.0,0.6968325785546008,-0.005787022326603945,0.0006309155812410298,0.01067826269754137,0.004937678575515747,0.0021928835194557905,0.006383850239217281,-0.019851242113289497,0.0017684654751092055,0.023052280317128228,0.01472039617901924,-0.010542863852502355,-0.18762271745827247,1.0,0.9999830561589952,0.0,roll,0.0,0.0,0.0,0.0,0,8.600173234939575,post_hold_c,1.2,0.012646415001654532,1,-0.014016728337144652,0.02714758930386487,0.01281357302953914,0.02386318706978699,-0.014146255372433083,0.023977488263997287,0.0157606773085565,0.024078748914319287
15.520172119140625,direct_px4_equiv,1,1,14,0,0,1,0,1,-0.004350276198238134,-1.129715085029602,1.5038664937019348,0.0032471183221787214,-0.04277276247739792,0.005345884710550308,-0.32493475291540735,-0.03890638800837156,-6.556672746865497,-0.0389086605892353,-0.0067696948535740376,-1.1990520862629637,1.5,0.0,0.0,0.0,0.0,0.0,0.0,0.0,0.0,-5.937107500558976,0.035760579116188074,-0.9449595739354948,44.05599698546217,0.011670814704675632,0.006108873151790232,0.18461697236484842,19.059952341485616,18.98791664578401,6.023996676402898,0.012,0.012,hover,0.3265202045440674,0.3265202045440674,0.327158123254776,0.327158123254776,0.6866358518600464,0.004855826497077942,-0.004256142769008875,0.007921379990875721,0.007891436107456684,0.32650449872016907,0.32650449872016907,0.3271673619747162,0.3271673619747162,0.6867079734802246,0.004803556948900223,-0.004212350118905306,0.007937019690871239,0.007905845530331135,13.91617202758789,0.0,0.003999948501586914,0,0,0.005767835304141045,0.0007771055097691715,0.005548518616706133,3,-0.6887057802962303,,4.0,3.5,8.0,3.8,3.2,4.0,0.15,0.12,3.0,0.7007803983819203,-0.005674761661739076,0.0006483696911051144,0.010815283873557862,0.005767835304141045,0.0007771055097691715,0.005548518616706133,-0.019988504188901017,0.0017838793924151324,0.023310469745702396,0.011670814704675632,-0.006108873151790232,-0.18461697236484842,1.0,0.9999836883492371,0.0,roll,0.0,0.0,0.0,0.0,0,8.600173234939575,post_hold_c,1.2,0.016606839002633933,1,-0.013488903374363459,0.023190184596313192,0.013683170055400562,0.01994396044945662,-0.01374248602327163,0.02479167742917017,0.015678778997744284,0.024885750613988112
15.544172048568726,direct_px4_equiv,1,1,14,0,0,1,0,1,-0.004255350213497877,-1.130022406578064,1.5039778351783752,0.0030165875796228647,-0.03931135684251785,0.005256325472146273,-0.31948889039580364,-0.03711510380320992,-6.562409426153835,-0.037117313134308584,-0.0067696948535740376,-1.1990520862629637,1.5,0.0,0.0,0.0,0.0,0.0,0.0,0.0,0.0,-5.937107500558976,0.04249067095662995,-0.9949629792356908,44.05209516948082,0.015013604958445882,-0.0011957814234664801,0.17716416811402455,19.069446721106512,18.985392316036844,6.0140787907600215,0.016,0.016,hover,0.3264978229999542,0.3264978229999542,0.3272421061992645,0.3272421061992645,0.6860703825950623,0.004727262072265148,-0.004016014747321606,0.008341750130057335,0.008304973132908344,0.3264918029308319,0.3264918029308319,0.3272111415863037,0.3272111415863037,0.6863731741905212,0.004891222808510065,-0.0041643111035227776,0.008357463404536247,0.008321846835315228,13.940171957015991,0.0,0.003999948501586914,0,0,0.004495603963732719,-0.0014520627446472645,0.004047376569360495,3,-0.6887057802962303,,4.0,3.5,8.0,3.8,3.2,4.0,0.15,0.12,3.0,0.7032648423907842,-0.005579577093847207,0.000617341108672852,0.010915284678517028,0.004495603963732719,-0.0014520627446472645,0.004047376569360495,-0.02012332456334376,0.0017991024403509386,0.023571557382241953,0.015013604958445882,0.0011957814234664801,-0.17716416811402455,1.0,0.9999842436039893,0.0,roll,0.0,0.0,0.0,0.0,0,8.600173234939575,post_hold_c,1.2,0.0005731620040023699,1,-0.013741336876731153,0.023183835939481836,0.014236232567598673,0.019987088951926545,-0.01296714650108097,0.026090842766013818,0.015263663775376206,0.02620638166581158
15.568171977996826,direct_px4_equiv,1,1,14,0,0,1,0,1,-0.004082982894033194,-1.1303632259368896,1.5041123032569885,0.0028669897001236677,-0.03374239429831505,0.0045293900184333324,-0.31393686132462123,-0.03320619380855378,-6.56595428862419,-0.033208191026380424,-0.0067696948535740376,-1.1990520862629637,1.5,0.0,0.0,0.0,0.0,0.0,0.0,0.0,0.0,-5.937107500558976,0.049260183636763696,-1.080415911886737,44.058628304400784,0.014408801125822322,-0.009611503745793747,0.16608490367269427,19.07935614072393,18.99382477302945,6.004141548249111,0.012,0.012,hover,0.32657256722450256,0.32657256722450256,0.32732975482940674,0.32732975482940674,0.685503363609314,0.004506811033934355,-0.0036865801084786654,0.009054349735379219,0.009013748727738857,0.32652708888053894,0.32652708888053894,0.32726842164993286,0.32726842164993286,0.6859574913978577,0.004618929699063301,-0.003854193724691868,0.008618115447461605,0.008580273017287254,13.964171886444092,0.0,0.003999948501586914,0,0,0.004536297172307968,-0.003965240437537432,0.0020225723274052143,3,-0.6887057802962303,,4.0,3.5,8.0,3.8,3.2,4.0,0.15,0.12,3.0,0.7037192959529439,-0.005482322503955296,0.0005494782817615542,0.010976940101684414,0.004536297172307968,-0.003965240437537432,0.0020225723274052143,-0.02025581653677143,0.0018131255171938453,0.023834402174094313,0.014408801125822322,0.009611503745793747,-0.16608490367269427,1.0,0.9999848211063483,0.0,roll,0.0,0.0,0.0,0.0,0,8.600173234939575,post_hold_c,1.2,0.004525571006524842,1,-0.014458365894211114,0.02711373633751737,0.01384512236040727,0.02389871296559432,-0.011903447514024355,0.028317525806953188,0.014551858333496249,0.028445077194196332
15.592172145843506,direct_px4_equiv,1,1,14,0,0,1,0,1,-0.004008779302239418,-1.130446434020996,1.5041723847389221,0.0027126942295581102,-0.03147013112902641,0.005265312734991312,-0.3364672364149144,-0.02978138703043021,-6.568142604895977,-0.029783189452904275,-0.0067696948535740376,-1.1990520862629637,1.5,0.0,0.0,0.0,0.0,0.0,0.0,0.0,0.0,-5.937107500558976,0.05206138180597618,-1.1357424997615078,44.04122820568072,0.14945700122722147,0.004747481620524937,0.16010302270089963,19.26877921052223,18.772064767981522,6.020485359142365,0.016,0.016,hover,0.324601411819458,0.324601411819458,0.32900065183639526,0.32900065183639526,0.6864356994628906,0.004433802329003811,-0.0034821864683181047,0.009630619548261166,0.009382287040352821,0.32563602924346924,0.32563602924346924,0.32823702692985535,0.32823702692985535,0.6856328248977661,0.004439514596015215,-0.0035903225652873516,0.009210852906107903,0.00906973984092474,13.988172054290771,0.0,0.004000186920166016,0,0,-0.03982296586036682,0.0006296159699559212,0.0009174860897473991,3,-0.6887057802962303,,4.0,3.5,8.0,3.8,3.2,4.0,0.15,0.12,3.0,0.715829197662779,-0.005875225213629869,0.0004874350630879486,0.011015060427595296,-0.03982296586036682,0.0006296159699559212,0.0009174860897473991,-0.020395424612982792,0.00182566202248019,0.024098370986922787,0.14945700122722147,-0.004747481620524937,-0.16010302270089963,1.0,0.9999826220681222,0.0,roll,0.0,0.0,0.0,0.0,0,8.600173234939575,post_hold_c,1.2,0.00884000799851492,1,-0.014323875803234444,0.036047695112573906,0.014189644702629312,0.0332741723286112,-0.011243489346985368,0.02947532271044963,0.014316123497749916,0.03025548355158707
15.616172075271606,direct_px4_equiv,1,1,14,0,0,1,0,1,-0.003933356609195471,-1.1304610967636108,1.504209816455841,0.002509291749447584,-0.031100323423743248,0.003966342192143202,-0.31957435868407635,-0.02184370588700891,-6.571695174182591,-0.021845042892078666,-0.0067696948535740376,-1.1990520862629637,1.5,0.0,0.0,0.0,0.0,0.0,0.0,0.0,0.0,-5.937107500558976,0.048535568117208425,-1.1297996994227222,44.062201995018945,-0.003175244661062273,-0.016972752616430123,0.1672620921943874,19.06077221626963,19.026551276744016,5.995044758447441,0.02,0.02,hover,0.32686248421669006,0.32686248421669006,0.3271653652191162,0.3271653652191162,0.6849838495254517,0.004522370174527168,-0.0037252018228173256,0.009452035650610924,0.009435060434043407,0.3246014714241028,0.3246014714241028,0.3290001451969147,0.3290001451969147,0.6864261031150818,0.004430305678397417,-0.0034908868838101625,0.009630267508327961,0.009381977841258049,14.012171983718872,0.0,0.003999948501586914,0,0,0.010562371462583542,-0.005923886317759752,0.0019846938084810972,3,-0.6887057802962303,,4.0,3.5,8.0,3.8,3.2,4.0,0.15,0.12,3.0,0.7109027382851107,-0.005579642621296751,0.00035034979947411545,0.01107660793396157,0.010562371462583542,-0.005923886317759752,0.0019846938084810972,-0.02053313105944665,0.0018355295658427292,0.024363547142308803,-0.003175244661062273,0.016972752616430123,-0.1672620921943874,1.0,0.999984372420701,0.0,roll,0.0,0.0,0.0,0.0,0,8.600173234939575,post_hold_c,1.2,0.01254983400576748,1,-0.014337763250042136,0.0386487805222713,0.014189644702912639,0.033070118342827484,-0.012028151858443354,0.02964111692613695,0.014602096865172158,0.02969444476411926
15.640172004699707,direct_px4_equiv,1,1,14,0,0,1,0,1,-0.003829602850601077,-1.1304850578308105,1.5042362809181213,0.0019816430285573006,-0.030239718034863472,0.003732280805706978,-0.3003630920942002,-0.01627500698967844,-6.578388338000299,-0.016276025415308433,-0.0067696948535740376,-1.1990520862629637,1.5,0.0,0.0,0.0,0.0,0.0,0.0,0.0,0.0,-5.937107500558976,0.052007241632643954,-1.1296471018864684,44.06439328228031,-0.014956354126114811,-0.008898949769014685,0.18446222556772404,19.038903622796358,19.040487634606066,6.005901741237505,0.012,0.012,hover,0.3269858658313751,0.3269858658313751,0.3269718587398529,0.3269718587398529,0.6856038570404053,0.004971440881490707,-0.004125386010855436,0.009443839080631733,0.009444625116884708,0.3271774351596832,0.3271774351596832,0.3268953859806061,0.3268953859806061,0.6848822832107544,0.004797385074198246,-0.003938490990549326,0.00948508083820343,0.009500970132648945,14.036171913146973,0.0,0.003999948501586914,0,0,0.013930791057646275,-0.0032376027666032314,0.004622263368219137,3,-0.6887057802962303,,4.0,3.5,8.0,3.8,3.2,4.0,0.15,0.12,3.0,0.7083628704819281,-0.005243826293648892,0.0002547100829526154,0.011193112525030193,0.013930791057646275,-0.0032376027666032314,0.004622263368219137,-0.02066208770167122,0.0018423590544143188,0.024630921209669806,-0.014956354126114811,0.008898949769014685,-0.18446222556772404,1.0,0.9999862187051827,0.0,roll,0.0,0.0,0.0,0.0,0,8.600173234939575,post_hold_c,1.2,0.016496953001478687,1,-0.0143377632500599,0.03483699959150612,0.014189644703290118,0.03280519424222927,-0.013320290194487595,0.029671164212940256,0.016052081953911126,0.029668695091823523
15.664172172546387,direct_px4_equiv,1,1,14,0,0,1,0,1,-0.0037661695387214422,-1.1304852962493896,1.5042465329170227,0.0017415978945791721,-0.029706718400120735,0.004122251644730568,-0.28636276236496666,-0.021149561183319926,-6.586448697491352,-0.021150918127682904,-0.0067696948535740376,-1.1990520862629637,1.5,0.0,0.0,0.0,0.0,0.0,0.0,0.0,0.0,-5.937107500558976,0.059454778304501285,-1.1287063156824515,44.05584839274496,-0.010249852467537781,0.02397477883256926,0.1882445888555427,19.020912214195985,19.00840743436818,6.047609586721389,0.016,0.016,hover,0.3267017900943756,0.3267017900943756,0.3268125355243683,0.3268125355243683,0.6879802942276001,0.005133969709277153,-0.004161986522376537,0.00945190154016018,0.009445685893297195,0.3268907964229584,0.3268907964229584,0.3269825577735901,0.3269825577735901,0.6857238411903381,0.005108584184199572,-0.004214162472635508,0.009494662284851074,0.009489491581916809,14.060172080993652,0.0,0.004000186920166016,0,0,0.011960008181631565,0.006887541152536869,0.004925645422190428,3,-0.6887057802962303,,4.0,3.5,8.0,3.8,3.2,4.0,0.15,0.12,3.0,0.7100440602116834,-0.004999979160846399,0.0003408015168499213,0.011333966547104831,0.011960008181631565,0.006887541152536869,0.004925645422190428,-0.020784395557264978,0.0018492937468377012,0.024901447471217548,-0.010249852467537781,-0.02397477883256926,-0.1882445888555427,1.0,0.9999874420327597,0.0,roll,0.0,0.0,0.0,0.0,0,8.600173234939575,post_hold_c,1.2,0.0007169599994085729,1,-0.01437415605762694,0.034935364543241997,0.01577541259783313,0.032631654096602014,-0.01343846744552777,0.029674496467092158,0.016576864523559526,0.029694023726879022
15.688172101974487,direct_px4_equiv,1,1,14,0,0,1,0,1,-0.0036027852911502123,-1.130459189414978,1.5042319893836975,0.0011740712216123939,-0.028430161997675896,0.0049636512994766235,-0.27732541807692,-0.027514737778068857,-6.595774924861728,-0.02751655548174024,-0.0067696948535740376,-1.1990520862629637,1.5,0.0,0.0,0.0,0.0,0.0,0.0,0.0,0.0,-5.937107500558976,0.07270063957227316,-1.1442891772757593,44.03991166534991,0.0033563679456467214,0.017057936658390786,0.1974181769324776,19.03966142295405,18.98558829054347,6.03666289965484,0.012,0.012,hover,0.3264995515346527,0.3264995515346527,0.32697856426239014,0.32697856426239014,0.6873573660850525,0.005475185811519623,-0.004276360850781202,0.009593953378498554,0.009566698223352432,0.32662031054496765,0.32662031054496765,0.3269065320491791,0.3269065320491791,0.6873750686645508,0.005367467645555735,-0.00425325334072113,0.009532920084893703,0.009516729973256588,14.084172010421753,0.0,0.003999948501586914,0,0,0.007163591682910919,0.004534526262432337,0.006093745119869709,3,-0.6887057802962303,,4.0,3.5,8.0,3.8,3.2,4.0,0.15,0.12,3.0,0.7152594957025858,-0.0048429170304372425,0.0004523920820319531,0.011496980917020155,0.007163591682910919,0.004534526262432337,0.006093745119869709,-0.020902151714449427,0.0018589665600466667,0.0251757417299535,0.0033563679456467214,-0.017057936658390786,-0.1974181769324776,1.0,0.9999881707473767,0.0,roll,0.0,0.0,0.0,0.0,0,8.600173234939575,post_hold_c,1.2,0.004557970998575911,1,-0.014392978685779611,0.03883547432663128,0.016361879409497317,0.032563805739241426,-0.013807766828267527,0.030054669553535175,0.01767860343237176,0.030140294591656094
15.712172031402588,direct_px4_equiv,1,1,14,0,0,1,0,1,-0.0034731088671833277,-1.1304998397827148,1.5041499733924866,0.0009428791236132383,-0.027656646445393562,0.004534333012998104,-0.26904210999401423,-0.034906884531958345,-6.606027217015261,-0.03490926030305909,-0.0067696948535740376,-1.1990520862629637,1.5,0.0,0.0,0.0,0.0,0.0,0.0,0.0,0.0,-5.937107500558976,0.081357680981411,-1.1513294869894226,44.049320228131776,0.0033541742259922264,0.02068831221926303,0.2068271231577036,19.041669815690007,18.98752420479667,6.042814806275497,0.016,0.016,hover,0.326516717672348,0.326516717672348,0.3269963264465332,0.3269963264465332,0.6877074837684631,0.005777980200946331,-0.004437490366399288,0.009652014821767807,0.009624560363590717,0.3264998197555542,0.3264998197555542,0.3269721567630768,0.3269721567630768,0.6873733997344971,0.005512547213584185,-0.004281952511519194,0.009580851532518864,0.009554010815918446,14.108171939849854,0.0,0.003999948501586914,0,0,0.00692663062363863,0.005446281749755144,0.00726220803335309,3,-0.6887057802962303,,4.0,3.5,8.0,3.8,3.2,4.0,0.15,0.12,3.0,0.7219172623675232,-0.004699142222299333,0.0005818175722484072,0.01167618285040586,0.00692663062363863,0.005446281749755144,0.00726220803335309,-0.021016401387791414,0.0018716506656518929,0.025454218908395335,0.0033541742259922264,-0.02068831221926303,-0.2068271231577036,1.0,0.9999887897751678,0.0,roll,0.0,0.0,0.0,0.0,0,8.600173234939575,post_hold_c,1.2,0.00864272900071228,1,-0.01444493563983705,0.03501760627736797,0.017066991141735842,0.03251515998589366,-0.014328030501177775,0.03023644851794851,0.01865628434692317,0.03032269842621254
15.736171960830688,direct_px4_equiv,1,1,14,0,0,1,0,1,-0.0033818555530160666,-1.1305527687072754,1.5040717720985413,0.0008870105957612395,-0.027216538786888123,0.0042116460390388966,-0.260607685613229,-0.040610220461766024,-6.615095818491199,-0.040613065350681245,-0.0067696948535740376,-1.1990520862629637,1.5,0.0,0.0,0.0,0.0,0.0,0.0,0.0,0.0,-5.937107500558976,0.08611092012380157,-1.152579200759449,44.05674147220126,0.003608306555645897,0.014997634043196184,0.20210834784991155,19.04882415656252,18.99390487303633,6.036508362270399,0.02,0.02,hover,0.32657328248023987,0.32657328248023987,0.32705965638160706,0.32705965638160706,0.6873485445976257,0.005698166787624359,-0.004280856344848871,0.00965924747288227,0.009631390683352947,0.3265169560909271,0.3265169560909271,0.32699307799339294,0.32699307799339294,0.6877152919769287,0.005794491618871689,-0.004438680596649647,0.009645085781812668,0.009617849253118038,14.132171869277954,0.0,0.003999948501586914,0,0,0.006597532425075769,0.0034961141645908356,0.006085755303502083,3,-0.6887057802962303,,4.0,3.5,8.0,3.8,3.2,4.0,0.15,0.12,3.0,0.727569935717252,-0.004552572051209513,0.0006818566265292997,0.011834638312725864,0.006597532425075769,0.0034961141645908356,0.006085755303502083,-0.02112712691854207,0.0018871024128109927,0.02573667126763823,0.003608306555645897,-0.014997634043196184,-0.20210834784991155,1.0,0.9999894045783437,0.0,roll,0.0,0.0,0.0,0.0,0,8.600173234939575,post_hold_c,1.2,0.011212192999664694,1,-0.014448451070994775,0.03889199915471345,0.017470220039009797,0.03250198952972166,-0.01382228154176225,0.030257906795450654,0.018398577097785595,0.03034542182165766
